kind	source_file	id	json_path	sl	hr	sr	notes
content	data/auth-config.example.json	auth-config.example:anonKey	anonKey	YOUR-SUPABASE-ANON-KEY			
content	data/discovery.json	discovery:_opis	_opis	Discovery vprašanja po sklopih. Na sestanku ne sprašuj vseh — izberi 8-12 najboljših glede na panogo in odločevalca.	Pitanja za otkrivanje po skupovima. Na sastanku ne pitajte svakoga — odaberite najboljih 8-12 ovisno o industriji i donositelju odluka.	Pitanja za otkrivanje po skupovima. Na sastanku ne pitajte svakoga – izaberite najboljih 8-12 u zavisnosti od industrije i donosioca odluka.	
content	data/discovery.json	discovery:sklopi.0.namen	sklopi.0.namen	Razumeti velikost, panogo, regionalno prisotnost.	Shvatite veličinu, industriju, regionalnu prisutnost.	Razumeti veličinu, industriju, regionalno prisustvo.	
content	data/discovery.json	discovery:sklopi.0.naslov	sklopi.0.naslov	Kontekst podjetja	Kontekst tvrtke	Kontekst kompanije	
content	data/discovery.json	discovery:sklopi.0.vprasanja.0	sklopi.0.vprasanja.0	Kaj točno daje vaše podjetje na slovenski trg — lastni izdelki, uvoz, distribucija?	Što točno vaša tvrtka nudi slovenskom tržištu — vlastite proizvode, uvoz, distribuciju?	Šta tačno vaša kompanija nudi slovenačkom tržištu — sopstvene proizvode, uvoz, distribuciju?	
content	data/discovery.json	discovery:sklopi.0.vprasanja.1	sklopi.0.vprasanja.1	V katerih drugih državah ste še prisotni? (SI, HR, RS, druge EU)	U kojim ste još zemljama još prisutni? (SI, HR, RS, ostale EU)	U kojim ste još zemljama još prisutni? (SI, HR, RS, ostale EU)	
content	data/discovery.json	discovery:sklopi.0.vprasanja.2	sklopi.0.vprasanja.2	Koliko lokacij imate v Sloveniji?	Koliko lokacija imate u Sloveniji?	Koliko lokacija imate u Sloveniji?	
content	data/discovery.json	discovery:sklopi.0.vprasanja.3	sklopi.0.vprasanja.3	Približne letne količine: koliko ton ali kosov izdelkov daste letno na trg?	Okvirne godišnje količine: koliko tona ili komada proizvoda godišnje stavite na tržište?	Približne godišnje količine: koliko tona ili komada proizvoda godišnje stavite na tržište?	
content	data/discovery.json	discovery:sklopi.0.vprasanja.4	sklopi.0.vprasanja.4	Kako se je obseg spremenil v zadnjih 12 mesecih?	Kako se volumen promijenio u proteklih 12 mjeseci?	Kako se obim promenio u poslednjih 12 meseci?	
content	data/discovery.json	discovery:sklopi.1.namen	sklopi.1.namen	Razumeti EPR obveznost za embalažo.	Razumjeti EPR obvezu za pakiranje.	Razumeti EPR obavezu za pakovanje.	
content	data/discovery.json	discovery:sklopi.1.naslov	sklopi.1.naslov	Embalaža	Pakiranje	Pakovanje	
content	data/discovery.json	discovery:sklopi.1.vprasanja.0	sklopi.1.vprasanja.0	Katere vrste embalaže uporabljate — papir/karton, plastika, steklo, kovina, les, kompoziti?	Koje vrste pakiranja koristite — papir/karton, plastika, staklo, metal, drvo, kompoziti?	Koje vrste ambalaže koristite — papir/karton, plastiku, staklo, metal, drvo, kompozite?	
content	data/discovery.json	discovery:sklopi.1.vprasanja.1	sklopi.1.vprasanja.1	Ali poznate okvirne letne količine po posamezni vrsti?	Znate li okvirne godišnje količine za svaku vrstu?	Da li znate približne godišnje količine za svaku vrstu?	
content	data/discovery.json	discovery:sklopi.1.vprasanja.2	sklopi.1.vprasanja.2	Kdo trenutno pripravlja letno poročilo o embalaži?	Tko trenutno izrađuje godišnje izvješće o ambalaži?	Ko trenutno priprema godišnji izveštaj o ambalaži?	
content	data/discovery.json	discovery:sklopi.1.vprasanja.3	sklopi.1.vprasanja.3	Imate kakšno specifično embalažo, ki vas skrbi (kompoziti, problematični materiali)?	Imate li neko specifično pakiranje koje vas brine (kompoziti, problematični materijali)?	Da li imate neku specifičnu ambalažu koja vas brine (kompoziti, problematični materijali)?	
content	data/discovery.json	discovery:sklopi.1.vprasanja.4	sklopi.1.vprasanja.4	Ali so vas kupci spraševali po Made for Recycling ali podobnih certifikatih?	Jesu li vas kupci pitali o certifikatima Made for Recycling ili sličnim?	Da li su vas kupci pitali za Napravljeno za reciklažu ili slične sertifikate?	
content	data/discovery.json	discovery:sklopi.2.namen	sklopi.2.namen	Preveriti, ali ima stranka obveznosti, ki jih morda ne pozna.	Provjeriti ima li klijent obveze kojih možda nije svjestan.	Da proveri da li klijent ima obaveze kojih možda nije svestan.	
content	data/discovery.json	discovery:sklopi.2.naslov	sklopi.2.naslov	Druge EPR sheme	Ostale EPR sheme	Druge EPR šeme	
content	data/discovery.json	discovery:sklopi.2.vprasanja.0	sklopi.2.vprasanja.0	Ali uvažate ali dajete na trg elektronske naprave? (EE-oprema)	Uvozite li ili prodajete elektroničke uređaje? (EE oprema)	Da li uvozite ili prodajete elektronske uređaje? (EE oprema)	
content	data/discovery.json	discovery:sklopi.2.vprasanja.1	sklopi.2.vprasanja.1	Ali so v vaših izdelkih baterije ali akumulatorji?	Postoje li baterije ili akumulatori u vašim proizvodima?	Da li u vašim proizvodima postoje baterije ili akumulatori?	
content	data/discovery.json	discovery:sklopi.2.vprasanja.2	sklopi.2.vprasanja.2	Ali se srečujete z odpadnimi olji, gumami, vozili?	Susrećete li se s otpadnim uljima, gumama, vozilima?	Da li se susrećete sa otpadnim uljima, gumama, vozilima?	
content	data/discovery.json	discovery:sklopi.2.vprasanja.3	sklopi.2.vprasanja.3	Kakšne odpadke iz proizvodnje danes oddajate?	Kakav proizvodni otpad danas šaljete?	Kakav proizvodni otpad danas šaljete?	
content	data/discovery.json	discovery:sklopi.3.namen	sklopi.3.namen	Razumeti operativno sliko.	Razumjeti operativnu sliku.	Shvatite operativnu sliku.	
content	data/discovery.json	discovery:sklopi.3.naslov	sklopi.3.naslov	Ravnanje z odpadki na lokaciji	Gospodarenje otpadom na licu mjesta	Upravljanje otpadom na licu mesta	
content	data/discovery.json	discovery:sklopi.3.vprasanja.0	sklopi.3.vprasanja.0	Kateri so glavni tokovi odpadkov pri vas? (papir, folija, mešani, bio, nevarni)	Koji su glavni tokovi otpada u vašem području? (papir, folija, miješano, bio, opasno)	Koji su glavni tokovi otpada u vašem području? (papir, folija, mešano, bio, opasno)	
content	data/discovery.json	discovery:sklopi.3.vprasanja.1	sklopi.3.vprasanja.1	Kdo trenutno opravlja odvoze?	Tko trenutno vrši preuzimanje?	Ko trenutno vrši preuzimanje?	
content	data/discovery.json	discovery:sklopi.3.vprasanja.2	sklopi.3.vprasanja.2	Imate več izvajalcev ali enega?	Imate li više izvođača ili samo jednog?	Da li imate više izvođača ili samo jednog?	
content	data/discovery.json	discovery:sklopi.3.vprasanja.3	sklopi.3.vprasanja.3	Kje vas zatakne — prostor, pogostost odvoza, dokumentacija, cena?	Gdje zapnete — prostor, učestalost preuzimanja, dokumentacija, cijena?	Gde se zaglavite — prostor, učestalost preuzimanja, dokumentacija, cena?	
content	data/discovery.json	discovery:sklopi.3.vprasanja.4	sklopi.3.vprasanja.4	Kakšne so vaše izkušnje z dosedanjimi izvajalci?	Kakva su vaša iskustva s prethodnim izvođačima?	Kakvo je vaše iskustvo sa prethodnim izvođačima?	
content	data/discovery.json	discovery:sklopi.3.vprasanja.5	sklopi.3.vprasanja.5	Ali bi želeli kakšen del oddati v upravljanje (npr. na ključ)?	Želite li dati dio u zakup na upravljanje (npr. ključ u ruke)?	Da li želite da iznajmite deo za upravljanje (npr. po principu ključ u ruke)?	
content	data/discovery.json	discovery:sklopi.4.namen	sklopi.4.namen	Preveriti tveganje skladnosti.	Provjerite rizik usklađenosti.	Proverite rizik usklađenosti.	
content	data/discovery.json	discovery:sklopi.4.naslov	sklopi.4.naslov	Zakonodaja in poročanje	Zakonodavstvo i izvješćivanje	Zakonodavstvo i izveštavanje	
content	data/discovery.json	discovery:sklopi.4.vprasanja.0	sklopi.4.vprasanja.0	Kdo pri vas spremlja spremembe okoljske zakonodaje?	Tko prati promjene ekološkog zakonodavstva u vašoj zemlji?	Ko prati promene ekološkog zakonodavstva u vašoj zemlji?	
content	data/discovery.json	discovery:sklopi.4.vprasanja.1	sklopi.4.vprasanja.1	Kdaj ste imeli zadnjo inšpekcijo in kakšne so bile ugotovitve?	Kada ste zadnji put bili na pregledu i koji su bili nalazi?	Kada je bila vaša poslednja inspekcija i kakvi su nalazi?	
content	data/discovery.json	discovery:sklopi.4.vprasanja.2	sklopi.4.vprasanja.2	Imate dokumentacijo zbrano na enem mestu?	Imate li dokumentaciju prikupljenu na jednom mjestu?	Imate li dokumentaciju prikupljenu na jednom mestu?	
content	data/discovery.json	discovery:sklopi.4.vprasanja.3	sklopi.4.vprasanja.3	Ali pravočasno oddajate vsa letna poročila (ARSO, evidence, EPR)?	Podnosite li sva godišnja izvješća (ARSO, evidencije, EPR) na vrijeme?	Da li sve godišnje izveštaje (ARSO, evidenciju, EPR) dostavljate na vreme?	
content	data/discovery.json	discovery:sklopi.4.vprasanja.4	sklopi.4.vprasanja.4	Kakšne tveganje vidite v naslednjih 12 mesecih?	Kakav rizik vidite u sljedećih 12 mjeseci?	Kakav rizik vidite u narednih 12 meseci?	
content	data/discovery.json	discovery:sklopi.5.namen	sklopi.5.namen	Razumeti zunanje pritiske.	Razumjeti vanjske pritiske.	Razumeti spoljne pritiske.	
content	data/discovery.json	discovery:sklopi.5.naslov	sklopi.5.naslov	ESG in trajnost	ESG i održivost	ESG i održivost	
content	data/discovery.json	discovery:sklopi.5.vprasanja.0	sklopi.5.vprasanja.0	Ali vam kupci ali banke že zahtevajo ESG podatke ali poročila?	Traže li klijenti ili banke već od vas ESG podatke ili izvješća?	Da li klijenti ili banke već traže od vas ESG ​​podatke ili izveštaje?	
content	data/discovery.json	discovery:sklopi.5.vprasanja.1	sklopi.5.vprasanja.1	Imate trajnostno strategijo ali cilje?	Imate li strategiju održivosti ili ciljeve?	Da li imate strategiju ili ciljeve održivosti?	
content	data/discovery.json	discovery:sklopi.5.vprasanja.2	sklopi.5.vprasanja.2	Kdo pri vas pokriva ESG / trajnost?	Tko pokriva ESG / održivost kod vas?	Ko pokriva ESG / održivost kod vas?	
content	data/discovery.json	discovery:sklopi.5.vprasanja.3	sklopi.5.vprasanja.3	Katere certifikate, standardi ali sheme uporabljate? (ISO 14001, EMAS, BCorp, Made for Recycling)	Koje certifikate, standarde ili sheme koristite? (ISO 14001, EMAS, BCorp, Napravljeno za recikliranje)	Koje sertifikate, standarde ili šeme koristite? (ISO 14001, EMAS, BCorp, napravljeno za reciklažu)	
content	data/discovery.json	discovery:sklopi.6.namen	sklopi.6.namen	Postaviti realno izhodišče za ponudbo.	Postavite realnu polaznu točku za ponudu.	Postavite realnu polaznu tačku za ponudu.	
content	data/discovery.json	discovery:sklopi.6.naslov	sklopi.6.naslov	Stroški in cena	Trošak i cijena	Cena i cena	
content	data/discovery.json	discovery:sklopi.6.vprasanja.0	sklopi.6.vprasanja.0	Imate predstavo o letnem strošku trenutnega ravnanja z odpadki?	Imate li predstavu o godišnjim troškovima trenutnog gospodarenja otpadom?	Da li imate predstavu o godišnjim troškovima trenutnog upravljanja otpadom?	
content	data/discovery.json	discovery:sklopi.6.vprasanja.1	sklopi.6.vprasanja.1	Koliko plačujete za EPR shemo?	Koliko plaćate za EPR shemu?	Koliko plaćate za EPR šemu?	
content	data/discovery.json	discovery:sklopi.6.vprasanja.2	sklopi.6.vprasanja.2	Kje vas trenutno boli najbolj — pavšali, transport, kazni, presežki?	Gdje vas trenutno najviše boli — paušali, prijevozi, kazne, otkazi?	Gde vas trenutno najviše boli — paušali, prevoz, kazne, viškovi?	
content	data/discovery.json	discovery:sklopi.6.vprasanja.3	sklopi.6.vprasanja.3	Kakšen je vaš pričakovan proračun za tovrstne storitve?	Koliki je vaš očekivani proračun za ovu vrstu usluge?	Koliki je vaš očekivani budžet za ovu vrstu usluge?	
content	data/discovery.json	discovery:sklopi.6.vprasanja.4	sklopi.6.vprasanja.4	Ali iščete prihranek, predvidljivost ali samo skladnost?	Tražite li uštede, predvidljivost ili samo usklađenost?	Da li tražite uštedu, predvidljivost ili samo usklađenost?	
content	data/discovery.json	discovery:sklopi.7.namen	sklopi.7.namen	Razumeti, kdo, kako in kdaj odloča.	Shvatite tko donosi odluke, kako i kada.	Razumeti ko donosi odluke, kako i kada.	
content	data/discovery.json	discovery:sklopi.7.naslov	sklopi.7.naslov	Odločitveni proces	Proces odlučivanja	Proces odlučivanja	
content	data/discovery.json	discovery:sklopi.7.vprasanja.0	sklopi.7.vprasanja.0	Kdo pri vas mora dati zeleno luč za tako odločitev?	Tko kod vas mora dati zeleno svjetlo za takvu odluku?	Ko u vašoj zemlji mora da da zeleno svetlo za takvu odluku?	
content	data/discovery.json	discovery:sklopi.7.vprasanja.1	sklopi.7.vprasanja.1	Kako poteka pri vas izbor dobaviteljev — javno povabilo, primerjava, neformalno?	Kako se kod vas vrši odabir dobavljača — javni poziv, usporedba, neformalno?	Kako se kod vas vrši izbor dobavljača — javni poziv, poređenje, neformalno?	
content	data/discovery.json	discovery:sklopi.7.vprasanja.2	sklopi.7.vprasanja.2	Kakšen je vaš pričakovan rok za odločitev?	Koji je vaš očekivani rok za odluku?	Koji je vaš očekivani rok za odluku?	
content	data/discovery.json	discovery:sklopi.7.vprasanja.3	sklopi.7.vprasanja.3	Imate trenutno pogodbo z drugim izvajalcem in do kdaj velja?	Imate li trenutno ugovor s nekim drugim izvođačem i koliko on vrijedi?	Da li trenutno imate ugovor sa drugim izvođačem i koliko dugo važi?	
content	data/discovery.json	discovery:sklopi.7.vprasanja.4	sklopi.7.vprasanja.4	Kaj bi za vas pomenilo, da je projekt uspešen po 12 mesecih?	Što bi za vas značilo da je projekt uspješan nakon 12 mjeseci?	Šta bi za vas značilo da je projekat uspešan posle 12 meseci?	
content	data/epr-cene-si.json	epr-cene-si:_enota	_enota	EUR / kg embalaže, dane na trg	EUR/kg pakiranja stavljenog na tržište	EUR/kg ambalaže stavljene na tržište	
content	data/epr-cene-si.json	epr-cene-si:_opis	_opis	Okvirne stopnje prispevka za skupno shemo ravnanja z odpadno embalažo v Sloveniji, po vrsti materiala. POMEMBNO: To so PLACEHOLDER vrednosti za demo kalkulacije. Pred uporabo v ponudbi za stranko nujno zamenjaj z aktualnimi Interzero cenami.	Indikativne stope doprinosa za zajednički sustav gospodarenja otpadnom ambalažom u Sloveniji, prema vrsti materijala. VAŽNO: Ovo su PLACEHOLDER vrijednosti za demo izračune. Prije korištenja u ponudi za kupca, svakako ga zamijenite aktualnim Interzero cijenama.	Indikativne stope doprinosa za zajedničku šemu upravljanja otpadnom ambalažom u Sloveniji, prema vrsti materijala. VAŽNO: Ovo su PLACEHOLDER vrednosti za demo proračune. Pre upotrebe u ponudi za kupca, obavezno je zamenite trenutnim Interzero cenama.	
content	data/epr-cene-si.json	epr-cene-si:_opozorilo	_opozorilo	Te številke morajo biti zamenjane s pravimi Interzero cenovniki.	Ove brojeve potrebno je zamijeniti stvarnim Interzero cjenicima.	Ovi brojevi moraju biti zamenjeni pravim Interzero cenovnicima.	
content	data/epr-cene-si.json	epr-cene-si:_zadnja_revizija	_zadnja_revizija	2026-05 (placeholder)			
content	data/epr-cene-si.json	epr-cene-si:materiali.0.id	materiali.0.id	papir-karton			
content	data/epr-cene-si.json	epr-cene-si:materiali.0.naziv	materiali.0.naziv	Papir in karton	Papir i karton	Papir i karton	
content	data/epr-cene-si.json	epr-cene-si:materiali.0.opomba	materiali.0.opomba	Najnižja stopnja, ker se dobro reciklira.	Najniža stopa jer se dobro reciklira.	Najniža stopa jer se dobro reciklira.	
content	data/epr-cene-si.json	epr-cene-si:materiali.1.id	materiali.1.id	plastika			
content	data/epr-cene-si.json	epr-cene-si:materiali.1.naziv	materiali.1.naziv	Plastika (skupna)	Plastika (uobičajena)	Plastika (uobičajena)	
content	data/epr-cene-si.json	epr-cene-si:materiali.1.opomba	materiali.1.opomba	Stopnja se razlikuje glede na vrsto plastike (PET, HDPE, PP, PS, druga).	Stopa varira ovisno o vrsti plastike (PET, HDPE, PP, PS, ostalo).	Stopa varira u zavisnosti od vrste plastike (PET, HDPE, PP, PS, ostalo).	
content	data/epr-cene-si.json	epr-cene-si:materiali.2.id	materiali.2.id	plastika-pet			
content	data/epr-cene-si.json	epr-cene-si:materiali.2.naziv	materiali.2.naziv	Plastika — PET	Plastika — PET	Plastika — PET	
content	data/epr-cene-si.json	epr-cene-si:materiali.3.id	materiali.3.id	plastika-pp			
content	data/epr-cene-si.json	epr-cene-si:materiali.3.naziv	materiali.3.naziv	Plastika — PP/HDPE	Plastika — PP/HDPE	Plastika — PP/HDPE	
content	data/epr-cene-si.json	epr-cene-si:materiali.4.id	materiali.4.id	plastika-druga			
content	data/epr-cene-si.json	epr-cene-si:materiali.4.naziv	materiali.4.naziv	Plastika — druga	Plastika — drugo	Plastika - drugo	
content	data/epr-cene-si.json	epr-cene-si:materiali.4.opomba	materiali.4.opomba	Slabše recikljiva plastika ima višjo stopnjo.	Plastika koja se manje može reciklirati ima višu stopu.	Plastika koja se manje može reciklirati ima veću stopu.	
content	data/epr-cene-si.json	epr-cene-si:materiali.5.id	materiali.5.id	steklo			
content	data/epr-cene-si.json	epr-cene-si:materiali.5.naziv	materiali.5.naziv	Steklo			
content	data/epr-cene-si.json	epr-cene-si:materiali.6.id	materiali.6.id	kovina-fe			
content	data/epr-cene-si.json	epr-cene-si:materiali.6.naziv	materiali.6.naziv	Kovina — železo/jeklo	Metal — željezo/čelik	Metal — gvožđe/čelik	
content	data/epr-cene-si.json	epr-cene-si:materiali.7.id	materiali.7.id	kovina-al			
content	data/epr-cene-si.json	epr-cene-si:materiali.7.naziv	materiali.7.naziv	Kovina — aluminij	Metal — aluminij	Metal - aluminijum	
content	data/epr-cene-si.json	epr-cene-si:materiali.8.id	materiali.8.id	les			
content	data/epr-cene-si.json	epr-cene-si:materiali.8.naziv	materiali.8.naziv	Les			
content	data/epr-cene-si.json	epr-cene-si:materiali.9.id	materiali.9.id	kompozit			
content	data/epr-cene-si.json	epr-cene-si:materiali.9.naziv	materiali.9.naziv	Kompozitna embalaža	Kompozitno pakiranje	Kompozitno pakovanje	
content	data/epr-cene-si.json	epr-cene-si:materiali.9.opomba	materiali.9.opomba	Težje recikljiva, višja stopnja.	Teže se reciklira, veća stopa.	Teže za recikliranje, veća stopa.	
content	data/epr-cene-si.json	epr-cene-si:paketi_storitev.0.id	paketi_storitev.0.id	osnovni			
content	data/epr-cene-si.json	epr-cene-si:paketi_storitev.0.naziv	paketi_storitev.0.naziv	Osnovni paket EPR	Osnovni EPR paket	Osnovni EPR paket	
content	data/epr-cene-si.json	epr-cene-si:paketi_storitev.0.okvirna_cena_letno	paketi_storitev.0.okvirna_cena_letno	od 1.200 EUR	od 1.200 EUR	od 1.200 EUR	
content	data/epr-cene-si.json	epr-cene-si:paketi_storitev.0.primeren_za	paketi_storitev.0.primeren_za	Manjši proizvajalci/uvozniki, do okvirno 50 ton embalaže letno.	Manji proizvođači/uvoznici do cca 50 tona ambalaže godišnje.	Manji proizvođači/uvoznici, do cca 50 tona ambalaže godišnje.	
content	data/epr-cene-si.json	epr-cene-si:paketi_storitev.0.vsebina.0	paketi_storitev.0.vsebina.0	Vključitev v skupno shemo ravnanja z odpadno embalažo.	Uključivanje u zajednički sustav gospodarenja otpadnom ambalažom.	Uključivanje u zajedničku šemu upravljanja otpadnom ambalažom.	
content	data/epr-cene-si.json	epr-cene-si:paketi_storitev.0.vsebina.1	paketi_storitev.0.vsebina.1	Letno poročanje količin v ARSO.	Godišnja prijava količina u ARSO.	Godišnje izveštavanje o količinama u ARSO.	
content	data/epr-cene-si.json	epr-cene-si:paketi_storitev.0.vsebina.2	paketi_storitev.0.vsebina.2	Obvestila o spremembah zakonodaje (kvartalno).	Obavijesti o promjenama zakonodavstva (tromjesečno).	Obaveštenja o izmenama zakonodavstva (kvartalno).	
content	data/epr-cene-si.json	epr-cene-si:paketi_storitev.0.vsebina.3	paketi_storitev.0.vsebina.3	Telefonska in email podpora med delovnim časom.	Telefonska i e-mail podrška tijekom radnog vremena.	Podrška telefonom i imejlom tokom radnog vremena.	
content	data/epr-cene-si.json	epr-cene-si:paketi_storitev.1.id	paketi_storitev.1.id	razsirjeni			
content	data/epr-cene-si.json	epr-cene-si:paketi_storitev.1.naziv	paketi_storitev.1.naziv	Razširjeni paket EPR + odpadki	Prošireni paket EPR + otpad	Prošireni paket EPR + otpad	
content	data/epr-cene-si.json	epr-cene-si:paketi_storitev.1.okvirna_cena_letno	paketi_storitev.1.okvirna_cena_letno	od 6.000 EUR	od 6000 eura	od 6.000 evra	
content	data/epr-cene-si.json	epr-cene-si:paketi_storitev.1.primeren_za	paketi_storitev.1.primeren_za	Srednje stranke z 1-3 lokacijami in mešanimi odpadki.	Srednji kupci s 1-3 lokacije i miješani otpad.	Srednji kupci sa 1-3 lokacije i mešanim otpadom.	
content	data/epr-cene-si.json	epr-cene-si:paketi_storitev.1.vsebina.0	paketi_storitev.1.vsebina.0	Vse iz osnovnega paketa.	Sve od osnovnog paketa.	Sve iz osnovnog paketa.	
content	data/epr-cene-si.json	epr-cene-si:paketi_storitev.1.vsebina.1	paketi_storitev.1.vsebina.1	Operativno ravnanje z odpadki na lokaciji (odvozi, ločevanje, dokumentacija).	Operativno gospodarenje otpadom na lokaciji (odvoz, odvajanje, dokumentiranje).	Operativno upravljanje otpadom na lokaciji (uklanjanje, separacija, dokumentacija).	
content	data/epr-cene-si.json	epr-cene-si:paketi_storitev.1.vsebina.2	paketi_storitev.1.vsebina.2	Kvartalni pregled stroškov in priložnosti.	Tromjesečni pregled troškova i mogućnosti.	Tromesečni pregled troškova i mogućnosti.	
content	data/epr-cene-si.json	epr-cene-si:paketi_storitev.1.vsebina.3	paketi_storitev.1.vsebina.3	Podpora pri inšpekcijah.	Inspekcijska podrška.	Inspekcijska podrška.	
content	data/epr-cene-si.json	epr-cene-si:paketi_storitev.2.id	paketi_storitev.2.id	regionalni			
content	data/epr-cene-si.json	epr-cene-si:paketi_storitev.2.naziv	paketi_storitev.2.naziv	Regionalni paket (SI + HR + RS)	Regionalni paket (SI + HR + RS)	Regionalni paket (SI + HR + RS)	
content	data/epr-cene-si.json	epr-cene-si:paketi_storitev.2.okvirna_cena_letno	paketi_storitev.2.okvirna_cena_letno	od 15.000 EUR	od 15.000 eura	od 15.000 evra	
content	data/epr-cene-si.json	epr-cene-si:paketi_storitev.2.primeren_za	paketi_storitev.2.primeren_za	Podjetja, ki prodajajo v več državah Adria regije.	Tvrtke koje prodaju u nekoliko zemalja Adria regije.	Kompanije koje prodaju u nekoliko zemalja Adria regiona.	
content	data/epr-cene-si.json	epr-cene-si:paketi_storitev.2.vsebina.0	paketi_storitev.2.vsebina.0	Vse iz razširjenega paketa za vse 3 države.	Sve iz proširenog paketa za sve 3 zemlje.	Sve iz proširenog paketa za sve 3 zemlje.	
content	data/epr-cene-si.json	epr-cene-si:paketi_storitev.2.vsebina.1	paketi_storitev.2.vsebina.1	En kontakt, ena pogodba, koordinacija obveznosti v vseh državah.	Jedan kontakt, jedan ugovor, koordinacija obaveza u svim zemljama.	Jedan kontakt, jedan ugovor, koordinacija obaveza u svim zemljama.	
content	data/epr-cene-si.json	epr-cene-si:paketi_storitev.2.vsebina.2	paketi_storitev.2.vsebina.2	Polletni pregled regionalnih sprememb zakonodaje.	Polugodišnji pregled regionalnih zakonskih promjena.	Polugodišnji pregled izmena regionalnog zakonodavstva.	
content	data/epr-cene-si.json	epr-cene-si:paketi_storitev.3.id	paketi_storitev.3.id	svetovalni			
content	data/epr-cene-si.json	epr-cene-si:paketi_storitev.3.naziv	paketi_storitev.3.naziv	Svetovalni paket (ESG / strategija)	Konzultantski paket (ESG / strategija)	Konsultantski paket (ESG / strategija)	
content	data/epr-cene-si.json	epr-cene-si:paketi_storitev.3.okvirna_cena_letno	paketi_storitev.3.okvirna_cena_letno	od 8.000 EUR (dodatek k osnovnim paketom)	od 8.000 EUR (uz osnovne pakete)	od 8.000 evra (pored osnovnih paketa)	
content	data/epr-cene-si.json	epr-cene-si:paketi_storitev.3.primeren_za	paketi_storitev.3.primeren_za	Podjetja z naprednimi trajnostnimi cilji ali zahtevami kupcev.	Tvrtke s naprednim ciljevima održivosti ili zahtjevima kupaca.	Kompanije sa naprednim ciljevima održivosti ili zahtevima kupaca.	
content	data/epr-cene-si.json	epr-cene-si:paketi_storitev.3.vsebina.0	paketi_storitev.3.vsebina.0	Analiza embalaže in priporočila (recyclability, Made for Recycling).	Analiza ambalaže i preporuke (reciklabilnost, Made for Recycling).	Analiza ambalaže i preporuke (reciklabilnost, Napravljeno za reciklažu).	
content	data/epr-cene-si.json	epr-cene-si:paketi_storitev.3.vsebina.1	paketi_storitev.3.vsebina.1	Podpora pri ESG vprašalnikih in CSRD pripravi.	Podrška s ESG upitnicima i pripremom CSRD-a.	Podrška sa ESG upitnicima i pripremom CSRD.	
content	data/epr-cene-si.json	epr-cene-si:paketi_storitev.3.vsebina.2	paketi_storitev.3.vsebina.2	Strategija krožnega gospodarstva za podjetje.	Strategija kružnog gospodarstva za tvrtku.	Strategija cirkularne ekonomije za kompaniju.	
content	data/epr-cene-si.json	epr-cene-si:paketi_storitev.3.vsebina.3	paketi_storitev.3.vsebina.3	Periodični strokovni delavnice z vašo HSE / trajnostno ekipo.	Povremene stručne radionice s vašim HSE / timom za održivost.	Periodične stručne radionice sa vašim HSE / timom za održivost.	
content	data/glosar.json	glosar:_opis	_opis	Slovar EPR in okoljskih pojmov za komercialiste. Namenjen novim komercialistom in razjasnitvi s strankami, ki uporabljajo napačne izraze.	Rječnik EPR i ekoloških pojmova za komercijaliste. Namijenjen za nove reklame i pojašnjenja s klijentima koji koriste netočne pojmove.	Rečnik EPR i ekoloških pojmova za komercijaliste. Namenjen za nove reklame i pojašnjenje sa klijentima koji koriste netačne termine.	
content	data/glosar.json	glosar:kategorije.0.naziv	kategorije.0.naziv	Osnovni pojmi	Osnovni pojmovi	Osnovni pojmovi	
content	data/glosar.json	glosar:kategorije.0.pojmi.0.izraz	kategorije.0.pojmi.0.izraz	EPR (Extended Producer Responsibility)	EPR (proširena odgovornost proizvođača)	EPR (Proširena odgovornost proizvođača)	
content	data/glosar.json	glosar:kategorije.0.pojmi.0.razlaga	kategorije.0.pojmi.0.razlaga	Razširjena odgovornost proizvajalca. Načelo, da je proizvajalec ali uvoznik odgovoren za izdelek tudi po koncu njegove življenjske dobe — predvsem za zbiranje, ponovno uporabo in recikliranje.	Proširena odgovornost proizvođača. Načelo da je proizvođač ili uvoznik odgovoran za proizvod čak i nakon kraja njegovog životnog vijeka — uglavnom za prikupljanje, ponovnu upotrebu i recikliranje.	Proširena odgovornost proizvođača. Princip da je proizvođač ili uvoznik odgovoran za proizvod čak i nakon njegovog isteka životnog veka — uglavnom za sakupljanje, ponovnu upotrebu i reciklažu.	
content	data/glosar.json	glosar:kategorije.0.pojmi.0.v_praksi	kategorije.0.pojmi.0.v_praksi	V Sloveniji EPR obstaja za embalažo, EE-opremo, baterije, gume, izrabljena vozila, odpadna olja, zdravila.	U Sloveniji EPR postoji za ambalažu, EE opremu, baterije, gume, rabljena vozila, otpadna ulja, lijekove.	U Sloveniji EPR postoji za ambalažu, EE opremu, akumulatore, gume, polovna vozila, otpadna ulja, lekove.	
content	data/glosar.json	glosar:kategorije.0.pojmi.1.izraz	kategorije.0.pojmi.1.izraz	ERP (Enterprise Resource Planning)	ERP (Enterprise Resource Planning)	ERP (planiranje resursa preduzeća)	
content	data/glosar.json	glosar:kategorije.0.pojmi.1.razlaga	kategorije.0.pojmi.1.razlaga	Programska oprema za vodenje poslovnih procesov — SAP, Oracle, Microsoft Dynamics. NI povezano z EPR.	Softver za upravljanje poslovnim procesima — SAP, Oracle, Microsoft Dynamics. NIJE povezano s EPR-om.	Softver za upravljanje poslovnim procesima — SAP, Oracle, Microsoft Dinamics. NIJE povezano sa EPR.	
content	data/glosar.json	glosar:kategorije.0.pojmi.1.v_praksi	kategorije.0.pojmi.1.v_praksi	Če stranka uporabi 'ERP' v kontekstu okoljskih obveznosti, takoj razloži razliko. Zameglitev pojmov je pogosta.	Ako klijent koristi 'ERP' u kontekstu ekoloških obveza, to odmah objašnjava razliku. Zamagljivanje pojmova je uobičajeno.	Ako klijent koristi 'ERP' u kontekstu ekoloških obaveza, to odmah objašnjava razliku. Zamagljivanje pojmova je uobičajeno.	
content	data/glosar.json	glosar:kategorije.0.pojmi.2.izraz	kategorije.0.pojmi.2.izraz	Skupna shema	Uobičajena shema	Zajednička šema	
content	data/glosar.json	glosar:kategorije.0.pojmi.2.razlaga	kategorije.0.pojmi.2.razlaga	Organizacija (kot Interzero), ki za skupino proizvajalcev/uvoznikov skupno izpolnjuje EPR obveznosti — zbira, sortira, reciklira odpadke, pripravi poročila.	Organizacija (kao što je Interzero) koja zajednički ispunjava EPR obveze za grupu proizvođača/uvoznika — prikuplja, sortira, reciklira otpad, priprema izvješća.	Organizacija (kao što je Interzero) koja zajednički ispunjava EPR obaveze za grupu proizvođača/uvoznika — prikuplja, sortira, reciklira otpad, priprema izveštaje.	
content	data/glosar.json	glosar:kategorije.0.pojmi.2.v_praksi	kategorije.0.pojmi.2.v_praksi	Stranke postanejo članice sheme in plačujejo letni prispevek. Vodi se kot operater sheme, vpisan v ARSO.	Korisnici postaju članovi sheme i plaćaju godišnju naknadu. Vodi se kao operater sheme registriran u ARSO.	Kupci postaju članovi šeme i plaćaju godišnju naknadu. Pokreće se kao šeme operater registrovan kod ARSO.	
content	data/glosar.json	glosar:kategorije.0.pojmi.3.izraz	kategorije.0.pojmi.3.izraz	Individualni načrt	Individualni plan	Individualni plan	
content	data/glosar.json	glosar:kategorije.0.pojmi.3.razlaga	kategorije.0.pojmi.3.razlaga	Alternativa skupni shemi — stranka sama izpolnjuje EPR obveznosti, brez vključitve v operaterja. Potrebne lastne evidence, lastna mreža partnerjev, dokazila.	Alternativa zajedničkoj shemi — kupac sam ispunjava EPR obveze, bez uključivanja operatera. Vlastita evidencija, vlastita mreža partnera, potrebni popratni dokumenti.	Alternativa zajedničkoj šemi — korisnik sam ispunjava obaveze EPR-a, bez uključivanja operatera. Sopstvena evidencija, sopstvena mreža partnera, potrebna prateća dokumentacija.	
content	data/glosar.json	glosar:kategorije.0.pojmi.3.v_praksi	kategorije.0.pojmi.3.v_praksi	Smiselno le pri specifični embalaži in velikih količinah. Za večino strank administrativno preveč zahtevno.	Ima smisla samo za posebna pakiranja i velike količine. Administrativno prezahtjevno za većinu kupaca.	Ima smisla samo za specifična pakovanja i velike količine. Administrativno previše zahtevan za većinu kupaca.	
content	data/glosar.json	glosar:kategorije.0.pojmi.4.izraz	kategorije.0.pojmi.4.izraz	Proizvajalec / uvoznik	Proizvođač/Uvoznik	Proizvođač / Uvoznik	
content	data/glosar.json	glosar:kategorije.0.pojmi.4.razlaga	kategorije.0.pojmi.4.razlaga	Subjekt, ki PRVI da izdelek ali embalažo na slovenski trg. Lahko je proizvajalec, uvoznik, distributer ali tudi spletni prodajalec (če prodaja končnemu potrošniku v SI).	Subjekt koji je PRVI stavio proizvod ili ambalažu na slovensko tržište. To može biti proizvođač, uvoznik, distributer ili čak online prodavač (ako prodaje krajnjem potrošaču u SI).	Subjekt koji je PRVI stavio proizvod ili ambalažu na slovenačko tržište. To može biti proizvođač, uvoznik, distributer ili čak onlajn prodavac (ako prodaje krajnjem potrošaču u SI).	
content	data/glosar.json	glosar:kategorije.0.pojmi.4.v_praksi	kategorije.0.pojmi.4.v_praksi	Ključno vprašanje: kdo je 'prvi na trgu'? Pogosto stranka ne ve in dobava si pošilja odgovornost. Razjasni v discoveryju.	Ključno pitanje: tko je 'prvi na tržištu'? Često kupac ne zna, a dobavljač prebacuje odgovornost. Razjasniti u otkriću.	Ključno pitanje: ko je „prvi na tržištu“? Često kupac ne zna, a dobavljač preuzima odgovornost. Pojasni u otkriću.	
content	data/glosar.json	glosar:kategorije.0.pojmi.5.izraz	kategorije.0.pojmi.5.izraz	Dati na trg	Staviti na tržište	Stavite na tržište	
content	data/glosar.json	glosar:kategorije.0.pojmi.5.razlaga	kategorije.0.pojmi.5.razlaga	Trenutek, ko izdelek prvič preide v gospodarsko verigo v Sloveniji (proizvedeno + prodano ali uvoženo + sproščeno v prodajo).	Trenutak kada proizvod prvi put ulazi u gospodarski lanac u Sloveniji (proizveden + prodan ili uvezen + pušten u prodaju).	Trenutak kada proizvod prvi put ulazi u privredni lanac u Sloveniji (proizveden + prodat ili uvezen + pušten u prodaju).	
content	data/glosar.json	glosar:kategorije.0.pojmi.5.v_praksi	kategorije.0.pojmi.5.v_praksi	Ne pomeni nujno fizičnega gibanja blaga. Tudi izdelek iz uvoznega skladišča, ki je sproščen v prodajo, je 'dan na trg'.	To ne znači nužno fizičko kretanje robe. Čak i proizvod iz uvoznog skladišta koji je pušten u prodaju 'stavlja se na tržište'.	To ne znači nužno i fizičko kretanje robe. Čak se i proizvod iz uvoznog magacina koji je pušten u prodaju „stavlja na tržište“.	
content	data/glosar.json	glosar:kategorije.1.id	kategorije.1.id	tokovi			
content	data/glosar.json	glosar:kategorije.1.naziv	kategorije.1.naziv	Tokovi odpadkov in materialov	Tokovi otpada i materijala	Tokovi otpada i materijala	
content	data/glosar.json	glosar:kategorije.1.pojmi.0.razlaga	kategorije.1.pojmi.0.razlaga	Vse, kar služi za zaščito, transport ali predstavitev izdelka. Primarna (neposredno okrog izdelka), sekundarna (skupinska), terciarna (transportna).	Sve što služi zaštiti, transportu ili prezentiranju proizvoda. Primarni (neposredno oko proizvoda), sekundarni (grupa), tercijarni (transport).	Sve što služi za zaštitu, transport ili prezentaciju proizvoda. Primarni (direktno oko proizvoda), sekundarni (grupni), tercijarni (transport).	
content	data/glosar.json	glosar:kategorije.1.pojmi.0.v_praksi	kategorije.1.pojmi.0.v_praksi	Pri discoveryju vprašaj, ali stranka razlikuje med vrstami — pogosto poročajo samo eno raven.	U otkrivanju, pitajte klijenta razlikuje li tipove - oni često prijavljuju samo jednu razinu.	U otkrivanju, pitajte da li klijent pravi razliku između tipova - oni često izveštavaju samo o jednom nivou.	
content	data/glosar.json	glosar:kategorije.1.pojmi.1.izraz	kategorije.1.pojmi.1.izraz	EE-oprema (OEEO)	EE oprema (WEEE)	EE oprema (VEEE)	
content	data/glosar.json	glosar:kategorije.1.pojmi.1.razlaga	kategorije.1.pojmi.1.razlaga	Električna in elektronska oprema. Po slovenski zakonodaji v 6 kategorijah (gospodinjska, IT, razsvetljava, mali, veliki, medicinski/profesionalni aparati).	Električna i elektronička oprema. Prema slovenskom zakonodavstvu, u 6 kategorija (kućanstvo, IT, rasvjeta, mali, veliki, medicinski/profesionalni uređaji).	Električna i elektronska oprema. Prema slovenačkom zakonodavstvu, u 6 kategorija (domaćinstvo, IT, rasveta, mali, veliki, medicinski/profesionalni uređaji).	
content	data/glosar.json	glosar:kategorije.1.pojmi.1.v_praksi	kategorije.1.pojmi.1.v_praksi	Tudi izdelek z LED lučko ali baterijo lahko padete v EPR za EE-opremo, ne le 'klasične' aparati.	Čak i proizvod s LED svjetlom ili baterijom može ući u EPR za EE-opremu, ne samo za 'klasične' uređaje.	Čak i proizvod sa LED svetlom ili baterijom može pasti u EPR za EE-opremu, a ne samo za 'klasične' uređaje.	
content	data/glosar.json	glosar:kategorije.1.pojmi.2.izraz	kategorije.1.pojmi.2.izraz	Baterije in akumulatorji	Baterije i akumulatori	Baterije i akumulatori	
content	data/glosar.json	glosar:kategorije.1.pojmi.2.razlaga	kategorije.1.pojmi.2.razlaga	Prenosne (gospodinjske), industrijske, avtomobilske. Vsaka kategorija ima svoje pravice in zahteve.	Prijenosni (za kućanstvo), industrijski, automobilski. Svaka kategorija ima svoja prava i zahtjeve.	Prenosivi (kućni), industrijski, automobilski. Svaka kategorija ima svoja prava i zahteve.	
content	data/glosar.json	glosar:kategorije.1.pojmi.2.v_praksi	kategorije.1.pojmi.2.v_praksi	EU Uredba 2023/1542 prinaša nove zahteve (digital passport, due diligence) — kompleksnost narašča.	Uredba EU 2023/1542 donosi nove zahtjeve (digitalna putovnica, due diligence) — povećava složenost.	Uredba EU 2023/1542 donosi nove zahteve (digitalni pasoš, due diligence) — povećanje složenosti.	
content	data/glosar.json	glosar:kategorije.1.pojmi.3.izraz	kategorije.1.pojmi.3.izraz	Sekundarna surovina	Sekundarne sirovine	Sekundarna sirovina	
content	data/glosar.json	glosar:kategorije.1.pojmi.3.razlaga	kategorije.1.pojmi.3.razlaga	Material, pridobljen iz odpadkov, ki je ponovno uporaben v proizvodnji (npr. reciklirana plastika, papir, kovine).	Materijal dobiven iz otpada koji se može ponovno upotrijebiti u proizvodnji (npr. reciklirana plastika, papir, metali).	Materijal dobijen iz otpada koji se može ponovo koristiti u proizvodnji (npr. reciklirana plastika, papir, metali).	
content	data/glosar.json	glosar:kategorije.1.pojmi.3.v_praksi	kategorije.1.pojmi.3.v_praksi	Interzero kupuje in prodaja sekundarne surovine — tudi prodajni argument za proizvajalce, ki želijo dokazati krožno gospodarstvo.	Interzero otkupljuje i prodaje sekundarne sirovine — također prodajna točka za proizvođače koji žele dokazati kružno gospodarstvo.	Interzero kupuje i prodaje sekundarne sirovine — takođe prodajno mesto za proizvođače koji žele da dokažu cirkularnu ekonomiju.	
content	data/glosar.json	glosar:kategorije.1.pojmi.4.izraz	kategorije.1.pojmi.4.izraz	Recyclate			
content	data/glosar.json	glosar:kategorije.1.pojmi.4.razlaga	kategorije.1.pojmi.4.razlaga	Reciklirana surovina, vgrajena v nov izdelek. EU Uredba PPWR določa minimalne deleže recyclata v embalaži.	Reciklirana sirovina ugrađena u novi proizvod. Uredba EU PPWR određuje minimalne udjele reciklata u pakiranju.	Reciklirana sirovina ugrađena u novi proizvod. Uredba EU PPVR određuje minimalne proporcije reciklata u ambalaži.	
content	data/glosar.json	glosar:kategorije.1.pojmi.4.v_praksi	kategorije.1.pojmi.4.v_praksi	Kupci od dobaviteljev vedno bolj zahtevajo dokazila o vsebnosti recyclata.	Kupci od dobavljača sve više traže dokaz o sadržaju reciklata.	Kupci sve više zahtevaju od dobavljača dokaz o sadržaju recikliranog materijala.	
content	data/glosar.json	glosar:kategorije.1.pojmi.5.izraz	kategorije.1.pojmi.5.izraz	Made for Recycling	Napravljeno za recikliranje	Napravljen za reciklažu	
content	data/glosar.json	glosar:kategorije.1.pojmi.5.razlaga	kategorije.1.pojmi.5.razlaga	Certifikat za embalažo, ki dokazuje, da je oblikovana tako, da se da dobro reciklirati. Izdaja ga Interzero (in nekateri drugi).	Certifikat za ambalažu, koji dokazuje da je dizajnirana na način da se može dobro reciklirati. Izdaje ga Interzero (i neki drugi).	Sertifikat za pakovanje, koji dokazuje da je dizajnirano tako da se može dobro reciklirati. Izdaje ga Interzero (i neki drugi).	
content	data/glosar.json	glosar:kategorije.1.pojmi.5.v_praksi	kategorije.1.pojmi.5.v_praksi	Velike trgovske verige in B2B kupci ga vse pogosteje zahtevajo. Dober vstop pri stranki s pomembnimi kupci.	Veliki trgovački lanci i B2B kupci to sve više zahtijevaju. Dobar ulaz s klijentom s važnim kupcima.	Veliki trgovinski lanci i B2B kupci to sve više zahtevaju. Dobar ulazak sa klijentom sa važnim kupcima.	
content	data/glosar.json	glosar:kategorije.2.id	kategorije.2.id	regulativa			
content	data/glosar.json	glosar:kategorije.2.naziv	kategorije.2.naziv	Regulativa in poročanje	Regulacija i izvješćivanje	Regulativa i izveštavanje	
content	data/glosar.json	glosar:kategorije.2.pojmi.0.izraz	kategorije.2.pojmi.0.izraz	ARSO			
content	data/glosar.json	glosar:kategorije.2.pojmi.0.razlaga	kategorije.2.pojmi.0.razlaga	Agencija Republike Slovenije za okolje. Vodi registre EPR zavezancev, sprejema letna poročila, izvaja nadzor.	Agencija Republike Slovenije za okoliš. Vodi EPR registre poreznih obveznika, zaprima godišnja izvješća, obavlja nadzor.	Agencija Republike Slovenije za životnu sredinu. Vodi EPR registre poreskih obveznika, prima godišnje izveštaje, vrši nadzor.	
content	data/glosar.json	glosar:kategorije.2.pojmi.0.v_praksi	kategorije.2.pojmi.0.v_praksi	Stranke kot zavezanci poročajo prek ARSO portala. Ker je portal kompleksen, je to del naše storitve.	Kupci kao porezni obveznici prijavljuju se putem portala ARSO. Budući da je portal kompleksan, ovo je dio naše usluge.	Kupci kao poreski obveznici prijavljuju preko portala ARSO. Pošto je portal složen, ovo je deo naše usluge.	
content	data/glosar.json	glosar:kategorije.2.pojmi.1.izraz	kategorije.2.pojmi.1.izraz	ZVO-2			
content	data/glosar.json	glosar:kategorije.2.pojmi.1.razlaga	kategorije.2.pojmi.1.razlaga	Zakon o varstvu okolja (2022, nadomestil ZVO-1). Krovni zakon, ki ureja EPR načelo.	Zakon o zaštiti okoliša (2022., zamijenjen ZVO-1). Krovni zakon koji uređuje načelo EPR.	Zakon o zaštiti životne sredine (2022, zamenjen ZVO-1). Krovni zakon koji reguliše EPR princip.	
content	data/glosar.json	glosar:kategorije.2.pojmi.1.v_praksi	kategorije.2.pojmi.1.v_praksi	Detajli so v podzakonskih aktih — uredbah za posamezne tokove (embalaža, EE-oprema, baterije...).	Detalji su u podzakonskim aktima — pravilnici za pojedine tokove (ambalaža, EE oprema, baterije...).	Detalji su u podzakonskim aktima — propisi za pojedinačne tokove (ambalaže, EE oprema, baterije...).	
content	data/glosar.json	glosar:kategorije.2.pojmi.2.izraz	kategorije.2.pojmi.2.izraz	Uredba o embalaži	Uredba o pakiranju	Uredba o pakovanju	
content	data/glosar.json	glosar:kategorije.2.pojmi.2.razlaga	kategorije.2.pojmi.2.razlaga	Slovenski podzakonski akt, ki ureja EPR za embalažo. Vsebuje prag obvezne vključitve, stopnje recikliranja, način poročanja.	Slovenski podzakonski propisi koji uređuju EPR za ambalažu. Sadrži obvezni prag uključivanja, stope recikliranja, način izvješćivanja.	Slovenački podzakonski akt koji reguliše EPR za pakovanje. Sadrži obavezni prag uključivanja, stope reciklaže, metod izveštavanja.	
content	data/glosar.json	glosar:kategorije.2.pojmi.2.v_praksi	kategorije.2.pojmi.2.v_praksi	Pred razlago stranki preveri zadnjo verzijo — uredbe se posodabljajo.	Prije nego što objasnite klijentu, provjerite najnoviju verziju — propisi su ažurirani.	Pre nego što objasnite klijentu, proverite najnoviju verziju — propisi su ažurirani.	
content	data/glosar.json	glosar:kategorije.2.pojmi.3.izraz	kategorije.2.pojmi.3.izraz	Letno poročilo	Godišnje izvješće	Godišnji izveštaj	
content	data/glosar.json	glosar:kategorije.2.pojmi.3.razlaga	kategorije.2.pojmi.3.razlaga	Obvezno poročilo, ki ga zavezanci oddajo do 31. marca za prejšnje leto. Vsebuje količine danih izdelkov in dosežene stopnje recikliranja.	Obvezno izvješće porezni obveznici podnose do 31. ožujka za prethodnu godinu. Sadrži količine zadanih proizvoda i postignute stope recikliranja.	Obavezni izveštaj koji obveznici dostavljaju do 31. marta za prethodnu godinu. Sadrži količine datih proizvoda i postignute stope reciklaže.	
content	data/glosar.json	glosar:kategorije.2.pojmi.3.v_praksi	kategorije.2.pojmi.3.v_praksi	Kdor zamudi rok, je v prekršku — kazni so resne. Avtomatski opomnik je ena od vrednosti Interzero.	Tko god propusti rok, kriv je za prekršaj — kazne su stroge. Automatski podsjetnik jedna je od vrijednosti Interzera.	Ko propusti rok je prekršajno kriv — kazne su oštre. Automatski podsetnik je jedna od vrednosti Interzero-a.	
content	data/glosar.json	glosar:kategorije.2.pojmi.4.izraz	kategorije.2.pojmi.4.izraz	PPWR			
content	data/glosar.json	glosar:kategorije.2.pojmi.4.razlaga	kategorije.2.pojmi.4.razlaga	Packaging and Packaging Waste Regulation — EU uredba 2025/40 (sprejeta 2024). Postopno se uveljavlja od 2026 naprej. Uvaja nove zahteve: zmanjšanje embalaže, recyclability, minimalni delež recyclata, ponovna uporaba.	Uredba o ambalaži i ambalažnom otpadu — Uredba EU 2025/40 (usvojena 2024.). Postupno se provodi od 2026. nadalje. Uvodi nove zahtjeve: smanjenje pakiranja, mogućnost recikliranja, minimalni udio recikliranog materijala, ponovna uporaba.	Uredba o ambalaži i ambalažnom otpadu — Uredba EU 2025/40 (usvojena 2024. godine). Postepeno se primenjuje od 2026. godine. Uvodi nove zahteve: smanjenje ambalaže, mogućnost reciklaže, minimalni udeo recikliranog materijala, ponovna upotreba.	
content	data/glosar.json	glosar:kategorije.2.pojmi.4.v_praksi	kategorije.2.pojmi.4.v_praksi	To je velika tema za naslednja leta. Stranke z embalažo morajo začeti razmišljati zdaj.	Ovo je velika tema za naredne godine. Kupci ambalaže moraju početi razmišljati sada.	Ovo je velika tema za naredne godine. Kupci pakovanja treba da počnu da razmišljaju sada.	
content	data/glosar.json	glosar:kategorije.2.pojmi.5.izraz	kategorije.2.pojmi.5.izraz	CSRD			
content	data/glosar.json	glosar:kategorije.2.pojmi.5.razlaga	kategorije.2.pojmi.5.razlaga	Corporate Sustainability Reporting Directive — EU direktiva o trajnostnem poročanju podjetij. Postopno se uvaja za velika in srednja podjetja.	Direktiva o izvješćivanju o održivosti poduzeća — Direktiva EU o izvješćivanju o održivosti poduzeća. Postupno se uvodi za velike i srednje tvrtke.	Direktiva o korporativnom izveštavanju o održivosti — Direktiva EU o izveštavanju o korporativnoj održivosti. Postepeno se uvodi za velika i srednja preduzeća.	
content	data/glosar.json	glosar:kategorije.2.pojmi.5.v_praksi	kategorije.2.pojmi.5.v_praksi	Tudi mala podjetja so prizadeta posredno — ker njihovi B2B kupci morajo poročati.	Mala poduzeća također su pogođena neizravno — jer njihovi B2B klijenti moraju izvještavati.	Mala preduzeća su takođe pogođena indirektno — jer njihovi B2B kupci moraju da prijave.	
content	data/glosar.json	glosar:kategorije.2.pojmi.6.izraz	kategorije.2.pojmi.6.izraz	ESPR			
content	data/glosar.json	glosar:kategorije.2.pojmi.6.razlaga	kategorije.2.pojmi.6.razlaga	Ecodesign for Sustainable Products Regulation — EU uredba o trajnostnem oblikovanju izdelkov. Zahteva, da so izdelki načrtovani z mislijo na celoten življenjski cikel.	Uredba o ekološkom dizajnu za održive proizvode — Uredba EU-a o održivom dizajnu proizvoda. Zahtijeva da se proizvodi dizajniraju imajući na umu cijeli životni ciklus.	Ekodizajn za regulaciju održivih proizvoda — Uredba EU o održivom dizajnu proizvoda. Zahteva da proizvodi budu dizajnirani imajući na umu ceo životni ciklus.	
content	data/glosar.json	glosar:kategorije.2.pojmi.6.v_praksi	kategorije.2.pojmi.6.v_praksi	Dolgoročno bo vplivala na način, kako se izdelki načrtujejo in pakirajo.	Dugoročno, to će utjecati na način na koji su proizvodi dizajnirani i pakirani.	Dugoročno, to će uticati na način na koji su proizvodi dizajnirani i upakovani.	
content	data/glosar.json	glosar:kategorije.2.pojmi.7.izraz	kategorije.2.pojmi.7.izraz	Digital Product Passport	Putovnica digitalnog proizvoda	Digitalni pasoš proizvoda	
content	data/glosar.json	glosar:kategorije.2.pojmi.7.razlaga	kategorije.2.pojmi.7.razlaga	Digitalna izkaznica izdelka z informacijami o materialih, sledljivosti, recikliranju. Najprej za baterije, potem za druge kategorije.	Digitalna kartica proizvoda s informacijama o materijalima, sljedivosti, recikliranju. Prvo za baterije, zatim za ostale kategorije.	Digitalna kartica proizvoda sa informacijama o materijalima, sledljivosti, reciklaži. Prvo za baterije, pa za ostale kategorije.	
content	data/glosar.json	glosar:kategorije.2.pojmi.7.v_praksi	kategorije.2.pojmi.7.v_praksi	Postopno se uvaja. Pomeni nove zahteve za podatke, ki jih morajo proizvajalci zbirati.	Uvodi se postupno. To znači nove zahtjeve za podacima koje proizvođači moraju prikupljati.	Uvodi se postepeno. To znači nove zahteve za podacima koje proizvođači treba da prikupe.	
content	data/glosar.json	glosar:kategorije.3.id	kategorije.3.id	esg			
content	data/glosar.json	glosar:kategorije.3.pojmi.0.izraz	kategorije.3.pojmi.0.izraz	ESG			
content	data/glosar.json	glosar:kategorije.3.pojmi.0.razlaga	kategorije.3.pojmi.0.razlaga	Environmental, Social, Governance. Okvir za ocenjevanje, kako podjetje upravlja s vplivom na okolje, družbeno odgovornostjo in vodenjem.	Ekološki, društveni, upravljanje. Okvir za procjenu načina na koji tvrtka upravlja utjecajem na okoliš, društvenom odgovornošću i upravljanjem.	Životna sredina, socijalna pitanja, upravljanje. Okvir za procenu kako kompanija upravlja uticajem na životnu sredinu, društvenom odgovornošću i upravljanjem.	
content	data/glosar.json	glosar:kategorije.3.pojmi.0.v_praksi	kategorije.3.pojmi.0.v_praksi	Banke in veliki B2B kupci uporabljajo ESG ocene pri odločanju o partnerjih.	Banke i veliki B2B kupci koriste ESG ocjene pri odlučivanju o partnerima.	Banke i veliki B2B kupci koriste ESG ocene kada odlučuju o partnerima.	
content	data/glosar.json	glosar:kategorije.3.pojmi.1.izraz	kategorije.3.pojmi.1.izraz	Scope 1 / 2 / 3	Opseg 1/2/3	Obim 1 / 2 / 3	
content	data/glosar.json	glosar:kategorije.3.pojmi.1.razlaga	kategorije.3.pojmi.1.razlaga	Kategorije emisij toplogrednih plinov. Scope 1 = lastne emisije, Scope 2 = energija, Scope 3 = celotna vrednostna veriga (vključno z odpadki).	Kategorije emisija stakleničkih plinova. Opseg 1 = vlastite emisije, Opseg 2 = energija, Opseg 3 = cijeli lanac vrijednosti (uključujući otpad).	Kategorije emisija gasova staklene bašte. Obim 1 = sopstvene emisije, Obim 2 = energija, Obim 3 = ceo lanac vrednosti (uključujući otpad).	
content	data/glosar.json	glosar:kategorije.3.pojmi.1.v_praksi	kategorije.3.pojmi.1.v_praksi	Ravnanje z odpadki spada pod Scope 3 — Interzero lahko prispeva k zmanjšanju.	Gospodarenje otpadom spada u opseg 3 — Interzero može doprinijeti smanjenju.	Upravljanje otpadom spada u delokrug 3 — Interzero može doprineti smanjenju.	
content	data/glosar.json	glosar:kategorije.3.pojmi.2.izraz	kategorije.3.pojmi.2.izraz	EcoVadis			
content	data/glosar.json	glosar:kategorije.3.pojmi.2.razlaga	kategorije.3.pojmi.2.razlaga	Mednarodna platforma za ocenjevanje trajnostnih praks dobaviteljev. Mnogi veliki kupci to zahtevajo.	Međunarodna platforma za procjenu praksi održivosti dobavljača. Mnogi veliki kupci to zahtijevaju.	Međunarodna platforma za procenu prakse održivosti dobavljača. Mnogi veliki kupci to zahtevaju.	
content	data/glosar.json	glosar:kategorije.3.pojmi.2.v_praksi	kategorije.3.pojmi.2.v_praksi	Interzero lahko pomaga pri pripravi odgovorov za EcoVadis vprašalnik.	Interzero može pomoći u pripremi odgovora za EcoVadis upitnik.	Interzero može pomoći u pripremi odgovora za EcoVadis upitnik.	
content	data/glosar.json	glosar:kategorije.3.pojmi.3.izraz	kategorije.3.pojmi.3.izraz	SAQ (Self-Assessment Questionnaire)	SAQ (Upitnik za samoprocjenu)	SAK (Upitnik za samoocenjivanje)	
content	data/glosar.json	glosar:kategorije.3.pojmi.3.razlaga	kategorije.3.pojmi.3.razlaga	Vprašalnik o trajnosti, ki ga kupec pošlje dobavitelju. Pogosto vsebuje vprašanja o EPR, ravnanju z odpadki, embalaži.	Upitnik o održivosti koji kupac šalje dobavljaču. Često sadrži pitanja o EPR-u, gospodarenju otpadom, ambalaži.	Upitnik o održivosti koji je kupac poslao dobavljaču. Često sadrži pitanja o EPR-u, upravljanju otpadom, ambalaži.	
content	data/glosar.json	glosar:kategorije.3.pojmi.3.v_praksi	kategorije.3.pojmi.3.v_praksi	Ko stranka pove, da je dobila SAQ — to je TVOJA priložnost. Vstopi z 'pomagamo vam odgovoriti'.	Kada kupac kaže da je dobio SAQ — to je VAŠA prilika. Unesite s 'pomažemo vam odgovoriti'.	Kada kupac kaže da je dobio SAK — to je VAŠA šansa. Unesite sa „mi vam pomažemo da odgovorite“.	
content	data/glosar.json	glosar:kategorije.3.pojmi.4.izraz	kategorije.3.pojmi.4.izraz	Krožno gospodarstvo	Kružno gospodarstvo	Cirkularna ekonomija	
content	data/glosar.json	glosar:kategorije.3.pojmi.4.razlaga	kategorije.3.pojmi.4.razlaga	Gospodarski model, kjer materiali ostajajo v uporabi čim dlje (popravilo, ponovna uporaba, recikliranje), namesto enkratne uporabe.	Ekonomski model u kojem materijali ostaju u upotrebi što je duže moguće (popravak, ponovna uporaba, recikliranje), umjesto jednokratne upotrebe.	Ekonomski model gde materijali ostaju u upotrebi što je duže moguće (popravka, ponovna upotreba, reciklaža), umesto jednokratne upotrebe.	
content	data/glosar.json	glosar:kategorije.3.pojmi.4.v_praksi	kategorije.3.pojmi.4.v_praksi	EU pravi okvir vse bolj sili podjetja v krožne modele. Interzero pomaga pri prehodu.	Stvarni okvir EU-a sve više tjera tvrtke na kružne modele. Interzero pomaže u prijelazu.	Pravi okvir EU sve više tera kompanije na kružne modele. Interzero pomaže u tranziciji.	
content	data/govori.json	govori:_opis	_opis	Govori in skripte po scenariju. Vsak govor je samostojen blok, ki ga lahko prodajalec kopira in prilagodi.	Skriptirani govori i skripte. Svaki govor je samostalan blok koji prodavač može kopirati i prilagoditi.	Skriptni govori i scenariji. Svaki govor je samostalan blok koji prodavac može kopirati i prilagoditi.	
content	data/govori.json	govori:scenariji.0.govori.0.naslov	scenariji.0.govori.0.naslov	Standardni uvod	Standardni uvod	Standardni uvod	
content	data/govori.json	govori:scenariji.0.govori.0.tekst	scenariji.0.govori.0.tekst	Dober dan, [ime stranke]. Tukaj [vaše ime] iz Interzero Slovenija. Kličem zato, ker delamo s podjetji, ki dajejo izdelke ali embalažo na trg, in jim urejamo EPR obveznosti, ravnanje z odpadki in poročanje na enem mestu. Pri večini podjetij vašega tipa vidimo, da se to danes razprši med različne dobavitelje in oddelke, kar prinese več dela in večje tveganje. Imate 10 minut, da preverim, ali bi tudi za vas imelo smisel pogovor?	Dobar dan, [ime kupca]. Ovo je [vaše ime] iz Interzero Slovenija. Zovem jer surađujemo s tvrtkama koje proizvode ili ambalažu stavljaju na tržište i upravljaju svojim EPR obvezama, gospodarenjem otpadom i izvješćivanjem na jednom mjestu. U većini tvrtki vašeg tipa vidimo da se to danas širi na različite dobavljače i odjele, što znači više posla i više rizika. Imate li 10 minuta da vidite bi li i vama razgovor imao smisla?	Dobar dan, [ime klijenta]. Ovo je [vaše ime] iz Interzero Slovenije. Zovem jer sarađujemo sa kompanijama koje proizvode ili ambalažu stavljaju na tržište i na jednom mestu upravljaju svojim EPR obavezama, upravljanjem otpadom i izveštavanjem. U većini kompanija vašeg tipa danas vidimo da se ovo širi među različitim dobavljačima i odeljenjima, što znači više posla i više rizika. Imate li 10 minuta da vidite da li bi razgovor imao smisla i za vas?	
content	data/govori.json	govori:scenariji.0.govori.1.naslov	scenariji.0.govori.1.naslov	Če reče: 'To že imamo urejeno'	Ako kaže: 'To smo već riješili'	Ako kaže: 'To smo već sredili'	
content	data/govori.json	govori:scenariji.0.govori.1.tekst	scenariji.0.govori.1.tekst	Razumem, večina podjetij ima nekaj urejenega. Mene zanima samo eno vprašanje: če vas jutri pokliče inšpektor in vpraša za zadnje poročilo o embalaži in odpadkih, kdo bi mu lahko v 24 urah dal vse, kar potrebuje? Če imate to brez težav, super. Če pa je odgovor 'odvisno, koga ujamem v pisarni', mislim, da bi 20-minutni pogovor lahko bil koristen.	Razumijem, većina tvrtki ima nešto na svom mjestu. Zanima me samo jedno pitanje, ako vas inspektor sutra nazove i traži zadnji izvještaj o ambalaži i otpadu, tko bi mu mogao dati sve što mu treba u roku od 24 sata? Ako nemate problema s tim, super. Ali ako je odgovor 'ovisi koga ću uhvatiti u uredu', mislim da bi razgovor od 20 minuta mogao biti koristan.	Razumem, većina kompanija ima nešto na mestu. Interesuje me samo jedno pitanje: ako vas inspektor sutra pozove i zatraži najnoviji izveštaj o ambalaži i otpadu, ko bi mu mogao dati sve što mu treba u roku od 24 sata? Ako nemate problema sa tim, odlično. Ali ako je odgovor „zavisi koga ću uhvatiti u kancelariji“, mislim da bi razgovor od 20 minuta mogao biti koristan.	
content	data/govori.json	govori:scenariji.0.govori.2.naslov	scenariji.0.govori.2.naslov	Če reče: 'Pošljite mi gradivo'	Ako kaže: 'Pošalji mi materijal'	Ako kaže: 'Pošalji mi materijal'	
content	data/govori.json	govori:scenariji.0.govori.2.tekst	scenariji.0.govori.2.tekst	Lahko, ampak iskreno: splošno gradivo vam ne bo veliko povedalo, ker je vsako podjetje drugačno glede na embalažo, lokacije in obveznosti. Lažje vam je, če 15 minut pogledava skupaj, kaj velja za vas konkretno. Potem vam pošljem samo tisto, kar je za vas relevantno. Kdaj v naslednjih dveh tednih bi imeli 15 minut?	Možete, ali iskreno: generički materijal vam neće puno reći jer je svaka tvrtka drugačija u pogledu pakiranja, lokacija i obveza. Lakše vam je ako 15 minuta zajedno pogledamo što se vama konkretno odnosi. Tada vam šaljem samo ono što je vama relevantno. Kada biste u sljedeća dva tjedna imali 15 minuta?	Možete, ali iskreno: generički materijal vam neće reći mnogo jer je svaka kompanija drugačija u pogledu pakovanja, lokacija i obaveza. Lakše vam je ako provedemo 15 minuta zajedno gledajući šta se konkretno odnosi na vas. Onda ti šaljem samo ono što je za tebe relevantno. Kada biste u naredne dve nedelje imali 15 minuta?	
content	data/govori.json	govori:scenariji.0.id	scenariji.0.id	hladen-klic			
content	data/govori.json	govori:scenariji.0.namen	scenariji.0.namen	Dobiti 20-minutni sestanek, ne prodati storitve po telefonu.	Zakažite termin od 20 minuta, a ne prodajte uslugu telefonom.	Zakažite termin od 20 minuta, a ne prodajte uslugu preko telefona.	
content	data/govori.json	govori:scenariji.0.naziv	scenariji.0.naziv	Hladen klic / prvi telefonski stik	Hladni poziv / prvi telefonski kontakt	Hladan poziv / prvi telefonski kontakt	
content	data/govori.json	govori:scenariji.0.trajanje	scenariji.0.trajanje	60–90 sekund	60-90 sekundi	60-90 sekundi	
content	data/govori.json	govori:scenariji.1.govori.0.naslov	scenariji.1.govori.0.naslov	Uvod (5 minut)	Uvod (5 minuta)	Uvod (5 minuta)	
content	data/govori.json	govori:scenariji.1.govori.0.tekst	scenariji.1.govori.0.tekst	Hvala za čas. Predlagam, da delava takole: jaz vam v dveh minutah razložim, kdo smo in s kakšnimi podjetji delamo, potem pa bi rad razumel vašo situacijo — kaj imate trenutno urejeno, kje vas zatika in kaj bi želeli izboljšati. Na koncu se bova dogovorila, ali je smiselno iti naprej, in če ja, kako. Vam to ustreza?	Hvala vam na vašem vremenu. Predlažem da radimo ovako: u dvije minute ću vam objasniti tko smo i s kakvim tvrtkama surađujemo, a zatim bih želio razumjeti vašu situaciju — što trenutno imate u redu, gdje ste zapeli i što biste htjeli poboljšati. Na kraju ćemo se dogovoriti ima li smisla ići dalje i ako ima kako. Odgovara li ti to?	Hvala vam na izdvojenom vremenu. Predlažem da radimo ovako: objasniću vam za dva minuta ko smo i sa kakvim kompanijama sarađujemo, a zatim bih želeo da razumem vašu situaciju — šta trenutno imate u redu, gde ste zaglibili i šta biste želeli da poboljšate. Na kraju ćemo se dogovoriti da li ima smisla ići dalje, i ako da, kako. Da li vam to odgovara?	
content	data/govori.json	govori:scenariji.1.govori.1.naslov	scenariji.1.govori.1.naslov	Kdo smo (1 minuta)	Tko smo mi (1 minuta)	Ko smo (1 minut)	
content	data/govori.json	govori:scenariji.1.govori.1.tekst	scenariji.1.govori.1.tekst	Interzero je del evropske skupine za okoljske storitve. V Sloveniji urejamo EPR obveznosti, ravnanje z odpadki, embalažo, sekundarne surovine, poročanje in svetovanje — torej celoten krog od trenutka, ko izdelek pristane na trgu, do trenutka, ko se materiali vrnejo v gospodarstvo. V regiji delujemo v Sloveniji, na Hrvaškem in v Srbiji, kar je pomembno za stranke, ki prodajajo na več trgih.	Interzero je dio European Environmental Services Group. U Sloveniji reguliramo EPR obveze, gospodarenje otpadom, ambalažom, sekundarnim sirovinama, izvješćivanje i savjetovanje — dakle cijeli ciklus od trenutka kada proizvod stigne na tržište do trenutka kada se materijali vraćaju u gospodarstvo. U regiji poslujemo u Sloveniji, Hrvatskoj i Srbiji, što je važno za kupce koji prodaju na više tržišta.	Interzero je deo Evropske grupe za usluge zaštite životne sredine. U Sloveniji regulišemo obaveze EPR-a, upravljanje otpadom, ambalažu, sekundarne sirovine, izveštavanje i konsalting — odnosno ceo ciklus od trenutka kada proizvod dođe na tržište do trenutka kada se materijal vrati u privredu. U regionu poslujemo u Sloveniji, Hrvatskoj i Srbiji, što je značajno za kupce koji prodaju na više tržišta.	
content	data/govori.json	govori:scenariji.1.govori.2.naslov	scenariji.1.govori.2.naslov	Prehod v discovery	Prijelaz u otkriće	Prelazak na otkriće	
content	data/govori.json	govori:scenariji.1.govori.2.tekst	scenariji.1.govori.2.tekst	Da bi vam lahko jaz danes res nekaj koristnega povedal, bi rad najprej razumel, kako vi to danes urejate. Predlagam, da gremo skozi nekaj kratkih vprašanj — ne tehničnih, bolj poslovnih. Nato vam povem, kaj bi pri vašem primeru imelo smisel.	Kako bih vam danas stvarno mogao reći nešto korisno, prvo bih želio razumjeti kako to danas uspijevate. Predlažem da prođemo kroz neka kratka pitanja — ne tehnička, više poslovna. Onda ću ti reći što bi imalo smisla u tvom slučaju.	Da bih vam danas zaista mogao reći nešto korisno, prvo bih želeo da razumem kako to danas upravljate. Predlažem da prođemo kroz neka kratka pitanja - ne tehnička, više poslovna. Onda ću vam reći šta bi imalo smisla u vašem slučaju.	
content	data/govori.json	govori:scenariji.1.govori.3.naslov	scenariji.1.govori.3.naslov	Po discoveryju, prehod v predstavitev	Nakon otkrića prijelaz na prezentaciju	Nakon otkrivanja, pređite na prezentaciju	
content	data/govori.json	govori:scenariji.1.govori.3.tekst	scenariji.1.govori.3.tekst	Na podlagi tega, kar ste povedali, vidim tri glavne stvari, ki bi jih lahko skupaj uredili: [naštej tri konkretne]. Predlagam, da vam zdaj v 10 minutah pokažem, kako bi to izgledalo v praksi. Če bo vmes kaj nejasnega, me kar ustavite.	Na temelju onoga što ste rekli, vidim tri glavne stvari koje bismo zajedno mogli razvrstati: [navedite tri specifičnosti]. Predlažem da vam sada za 10 minuta pokažem kako bi to izgledalo u praksi. Ako bude nešto nejasno između, samo me zaustavi.	Na osnovu onoga što ste rekli, vidim tri glavne stvari koje bismo mogli zajedno da rešimo: [navedite tri specifičnosti]. Predlažem da vam sada za 10 minuta pokažem kako bi to izgledalo u praksi. Ako je nešto nejasno između, samo me zaustavi.	
content	data/govori.json	govori:scenariji.1.govori.4.naslov	scenariji.1.govori.4.naslov	Zaključek in naslednji korak	Zaključak i sljedeći korak	Zaključak i sledeći korak	
content	data/govori.json	govori:scenariji.1.govori.4.tekst	scenariji.1.govori.4.tekst	Da bi šli korak naprej, predlagam tole: pošljite mi [konkreten podatek — količine embalaže, lokacije, kontakt operative], jaz vam pripravim oceno in se naslednji teden vidimo še za 30 minut, da pregleva. Vam to deluje? Lahko vam ta datum že rezerviram?	Da bismo otišli korak dalje, predlažem sljedeće: pošaljite mi [konkretne informacije — količine pakiranja, lokacije, operativni kontakt], pripremit ću vam predračun i vidimo se sljedeći tjedan na još 30 minuta da razgovaramo. Radi li vam ovo? Mogu li već rezervirati ovaj datum za vas?	Da bismo otišli ​​korak dalje, predlažem vam ovo: pošaljite mi [konkretne informacije — količine pakovanja, lokacije, operativni kontakt], pripremiću vam procenu i naći ćemo se sledeće nedelje na još 30 minuta da razgovaramo. Da li ovo radi za vas? Mogu li već rezervisati ovaj datum za vas?	
content	data/govori.json	govori:scenariji.1.id	scenariji.1.id	prvi-sestanek			
content	data/govori.json	govori:scenariji.1.namen	scenariji.1.namen	Razumeti kontekst, vzpostaviti zaupanje, dogovoriti naslednji korak.	Razumjeti kontekst, uspostaviti povjerenje, dogovoriti sljedeći korak.	Razumeti kontekst, uspostaviti poverenje, dogovoriti se o sledećem koraku.	
content	data/govori.json	govori:scenariji.1.naziv	scenariji.1.naziv	Prvi sestanek pri stranki	Prvi sastanak s klijentom	Prvi sastanak sa klijentom	
content	data/govori.json	govori:scenariji.1.trajanje	scenariji.1.trajanje	45–60 minut, struktura: 5 + 25 + 10 + 10	45-60 minuta, struktura: 5 + 25 + 10 + 10	45-60 minuta, struktura: 5 + 25 + 10 + 10	
content	data/govori.json	govori:scenariji.2.govori.0.naslov	scenariji.2.govori.0.naslov	Splošni okvir	Opći okvir	Opšti okvir	
content	data/govori.json	govori:scenariji.2.govori.0.tekst	scenariji.2.govori.0.tekst	Tipično pri stranki vašega profila imamo tri sklope storitev, ki delujejo skupaj. Prvi je urejanje EPR obveznosti — torej da kot proizvajalec ali uvoznik izpolnite zakonske zahteve glede embalaže, EE-opreme ali baterij. Drugi je operativno ravnanje z odpadki na lokaciji — odvozi, ločevanje, dokumentacija. Tretji je poročanje in podpora — letna poročila, ESG vprašalniki, podpora pri inšpekcijah in spremembah zakonodaje. Kateri od teh sklopov je za vas trenutno najbolj boleč?	Obično na vašem profilu klijenta imamo tri skupa usluga koje rade zajedno. Prvi je reguliranje EPR obveza — to jest, kao proizvođač ili uvoznik, pridržavate se zakonskih zahtjeva u vezi s pakiranjem, EE opremom ili baterijama. Drugi je operativno gospodarenje otpadom na lokaciji — odvoz, odvajanje, dokumentacija. Treće je izvješćivanje i podrška — godišnja izvješća, ESG upitnici, podrška inspekcijama i zakonske promjene. Koji od ovih skupova vam je trenutno najbolniji?	Obično kod vašeg klijenta profila imamo tri skupa usluga koje rade zajedno. Prvi je regulisanje EPR obaveza — to jest, kao proizvođač ili uvoznik, poštujete zakonske zahteve u vezi sa pakovanjem, EE opremom ili baterijama. Drugi je operativno upravljanje otpadom na lokaciji — uklanjanje, separacija, dokumentacija. Treći je izveštavanje i podrška — godišnji izveštaji, ESG upitnici, podrška inspekcijama i zakonskim promenama. Koji od ovih kompleta vam je trenutno najbolniji?	
content	data/govori.json	govori:scenariji.2.govori.1.naslov	scenariji.2.govori.1.naslov	Kratka prodajna zgodba (iz strateškega dokumenta)	Kratka priča o prodaji (iz strateškog dokumenta)	Kratka priča o prodaji (iz dokumenta strategije)	
content	data/govori.json	govori:scenariji.2.govori.1.tekst	scenariji.2.govori.1.tekst	Pri večini podjetij se ravnanje z odpadki, embalaža, poročanje in zakonodajne obveznosti razvijajo po delih. Nekaj ureja operativa, nekaj računovodstvo, nekaj HSE, nekaj zunanji izvajalci. Težava nastane, ko se spremeni zakonodaja, ko se odpre nova lokacija ali ko vodstvo vpraša, koliko nas to dejansko stane in kje imamo tveganja. Naš pristop je, da najprej pregledamo trenutno stanje, potem pa uredimo model, ki je pravilen za lokalni trg in dovolj pregleden za vodstvo. Cilj ni prodati čim več posameznih storitev, ampak postaviti rešitev, ki podjetju zmanjša delo, tveganje in nepotrebne stroške.	Za većinu tvrtki, gospodarenje otpadom, pakiranje, izvješćivanje i regulatorne obveze razvijaju se postupno. Nekima se bavi operativa, nekima računovodstvo, nekima HSE, nekima vanjski izvođači. Problem nastaje kad se promijeni zakonska regulativa, kad se otvori nova lokacija ili kad menadžment pita koliko nas to zapravo košta i gdje imamo rizike. Naš pristup je prvo sagledati trenutno stanje, a zatim dogovoriti model koji je prikladan za lokalno tržište i dovoljno transparentan za menadžment. Cilj nije prodati što više pojedinačnih usluga, već postaviti rješenje koje smanjuje posao, rizik i nepotrebne troškove za tvrtku.	Za većinu kompanija, upravljanje otpadom, pakovanje, izveštavanje i regulatorne obaveze se razvijaju po deo. Nekima upravljaju operacije, nekima računovodstvo, nekima HSE, nekima spoljni izvođači. Problem nastaje kada se promeni zakonska regulativa, kada se otvori nova lokacija ili kada menadžment pita koliko nas to zapravo košta i gde imamo rizike. Naš pristup je da prvo razmotrimo trenutnu situaciju, a zatim napravimo model koji odgovara lokalnom tržištu i dovoljno transparentan za menadžment. Cilj nije da se proda što više pojedinačnih usluga, već da se postavi rešenje koje smanjuje rad, rizik i nepotrebne troškove kompanije.	
content	data/govori.json	govori:scenariji.2.id	scenariji.2.id	predstavitev			
content	data/govori.json	govori:scenariji.2.namen	scenariji.2.namen	Povezati bolečine z Interzero rešitvijo, ne predstaviti kataloga.	Povezivati ​​bol s Interzero rješenjem, a ne predstavljati katalog.	Povezati bol sa Interzero rešenjem, a ne predstavljati katalog.	
content	data/govori.json	govori:scenariji.2.naziv	scenariji.2.naziv	Predstavitev rešitve	Prezentacija rješenja	Prezentacija rešenja	
content	data/govori.json	govori:scenariji.2.trajanje	scenariji.2.trajanje	10–20 minut	10-20 minuta	10-20 minuta	
content	data/govori.json	govori:scenariji.3.govori.0.naslov	scenariji.3.govori.0.naslov	Po prvem sestanku	Nakon prvog susreta	Posle prvog sastanka	
content	data/govori.json	govori:scenariji.3.govori.0.tekst	scenariji.3.govori.0.tekst	Pozdravljeni [ime],\n\nhvala za današnji čas. Da povzamem, o čemer sva se dogovorila:\n\n• Glavne teme, ki ste jih izpostavili: [seznam].\n• Predlagana rešitev z naše strani: [kratek opis].\n• Naslednji korak: [konkreten korak, datum].\n• Podatki, ki jih pošljete: [konkreten seznam].\n\nČe sem kaj pomembnega izpustil, mi prosim sporočite. Sicer računam, da se slišiva [datum].\n\nLep pozdrav,\n[ime]	Pozdrav [ime],\n\nhvala vam na vašem vremenu danas. Da rezimiramo oko čega smo se dogovorili:\n\n• Glavne teme koje ste istaknuli: [popis].\n• Prijedlog rješenja s naše strane: [kratak opis].\n• Sljedeći korak: [određeni korak, datum].\n• Podaci koje šaljete: [određeni popis].\n\nAko sam nešto važno propustio, javite mi. U suprotnom, očekujem vaš odgovor [datum].\n\nSrdačan pozdrav,\n[ime]	Zdravo [ime],\n\nhvala vam na vašem vremenu danas. Da rezimiramo ono oko čega smo se dogovorili:\n\n• Glavne teme koje ste istakli: [list].\n• Predloženo rešenje sa naše strane: [kratak opis].\n• Sledeći korak: [određeni korak, datum].\n• Informacije koje šaljete: [specifična lista].\n\nAko sam propustio nešto važno, javite mi. Inače, očekujem da se javite [datum].\n\nSrdačan pozdrav,\n[ime]	
content	data/govori.json	govori:scenariji.3.govori.1.naslov	scenariji.3.govori.1.naslov	Po poslani ponudbi	Nakon poslane ponude	Posle poslate ponude	
content	data/govori.json	govori:scenariji.3.govori.1.tekst	scenariji.3.govori.1.tekst	Pozdravljeni [ime],\n\npriložena je ponudba za [obseg]. Glavna logika je naslednja:\n\n• [Točka 1 — ključna vrednost]\n• [Točka 2 — ključna vrednost]\n• [Točka 3 — ključna vrednost]\n\nVeljavnost ponudbe je [datum]. Predlagam, da se v začetku prihodnjega tedna slišiva za 15 minut, da odgovorim na morebitna vprašanja. Vam ustreza [datum/ura]?\n\nLep pozdrav,\n[ime]	Pozdrav [ime],\n\nu prilogu je ponuda za [opseg]. Glavna logika je sljedeća:\n\n• [Točka 1 — ključna vrijednost]\n• [2. točka — ključna vrijednost]\n• [Točka 3 — Ključna vrijednost]\n\nPonuda vrijedi [datum]. Predlažem da se nađemo na 15 minuta početkom sljedećeg tjedna kako bismo odgovorili na sva vaša pitanja. Je li [datum/vrijeme] prikladan za vas?\n\nSrdačan pozdrav,\n[ime]	Zdravo [ime],\n\ncitat za [opseg] je priložen. Glavna logika je sledeća:\n\n• [Tačka 1 — Ključna vrednost]\n• [Tačka 2 — Ključna vrednost]\n• [Tačka 3 — Ključna vrednost]\n\nPonuda važi na [datum]. Predlažem da se sastanemo na 15 minuta početkom sledeće nedelje da odgovorimo na sva vaša pitanja. Da li je [datum/vreme] pogodan za vas?\n\nSrdačan pozdrav,\n[ime]	
content	data/govori.json	govori:scenariji.3.govori.2.naslov	scenariji.3.govori.2.naslov	Po neodzivnosti (po 7–10 dneh)	Nakon nereagiranja (nakon 7-10 dana)	Nakon nereagovanja (posle 7-10 dana)	
content	data/govori.json	govori:scenariji.3.govori.2.tekst	scenariji.3.govori.2.tekst	Pozdravljeni [ime],\n\nse vam oglašam, ker še nisem prejel povratne informacije glede ponudbe za [obseg]. Razumem, da je obdobje pri vas verjetno polno. Mene v tem trenutku zanima samo eno: ali še ima smisel, da pričakujem odgovor, ali je trenutno tema premaknjena na kasneje? Oba odgovora sta zame koristna.\n\nLep pozdrav,\n[ime]	Pozdrav [ime],\n\nObraćam vam se jer još nisam dobio povratnu informaciju o ponudi za [opseg]. Razumijem da ti je menstruacija vjerojatno puna. Zanima me trenutno samo jedno: ima li još smisla očekivati ​​odgovor ili je tema trenutno pomaknuta na neki kasniji datum? Oba odgovora su mi korisna.\n\nSrdačan pozdrav,\n[ime]	Zdravo [ime],\n\nKontaktiram vas jer još nisam dobio povratne informacije o ponudi za [scope]. Razumem da vam je menstruacija verovatno puna. Mene trenutno zanima samo jedno: da li još uvek ima smisla očekivati odgovor ili je tema trenutno pomerena za kasniji datum? Oba odgovora su mi korisna.\n\nSrdačan pozdrav,\n[ime]	
content	data/govori.json	govori:scenariji.3.govori.3.naslov	scenariji.3.govori.3.naslov	Po neodzivnosti — drugi poskus (po 3 tednih)	Nakon nereagiranja — drugi pokušaj (nakon 3 tjedna)	Nakon nereagovanja — drugi pokušaj (posle 3 nedelje)	
content	data/govori.json	govori:scenariji.3.govori.3.tekst	scenariji.3.govori.3.tekst	Pozdravljeni [ime],\n\ngrem mimo z eno preprosto možnostjo: če se v naslednjem tednu ne slišiva, bom to temo zaprl iz svojega aktivnega seznama in se vrnem čez tri mesece. Če pa želite, da nadaljujeva že zdaj, mi prosim odgovorite na to sporočilo z 'da' — tudi brez razlage. Razumem, da je tih signal lahko tudi odgovor.\n\nLep pozdrav,\n[ime]	Pozdrav [ime],\n\nOdlazim s jednom jednostavnom opcijom: ako nam se ne javite sljedeći tjedan, zatvorit ću ovu temu sa svog aktivnog popisa i vratiti se za tri mjeseca. Ali ako želite da odmah nastavimo, odgovorite na ovu poruku s 'da' — čak i bez objašnjenja. Razumijem da tihi signal također može biti odgovor.\n\nSrdačan pozdrav,\n[ime]	Zdravo [ime],\n\nProlazim sa jednom jednostavnom opcijom: ako se ne čujemo sa vama sledeće nedelje, zatvoriću ovu temu sa svoje aktivne liste i vratiti se za tri meseca. Ali ako želite da nastavimo odmah, odgovorite na ovu poruku sa „da“ — čak i bez objašnjenja. Razumem da tihi signal takođe može biti odgovor.\n\nSrdačan pozdrav,\n[ime]	
content	data/govori.json	govori:scenariji.3.id	scenariji.3.id	follow-up			
content	data/govori.json	govori:scenariji.3.namen	scenariji.3.namen	Vzdrževati moment in dokumentirati dogovore.	Održavajte zamah i dokumentirajte sporazume.	Održavajte zamah i dokumentujte sporazume.	
content	data/govori.json	govori:scenariji.3.naziv	scenariji.3.naziv	Follow-up emaili	Naknadne e-poruke	E-poruke za praćenje	
content	data/i18n.json	i18n:_jeziki.0	_jeziki.0	sl			
content	data/i18n.json	i18n:_jeziki.1	_jeziki.1	hr			
content	data/i18n.json	i18n:_jeziki.2	_jeziki.2	sr			
content	data/i18n.json	i18n:_opis	_opis	Prevodi za UI elemente. Vsebina (govori, ugovori, vsebine itd.) ima svoje JSON-e — to so samo UI nalepke. Trenutno prevedeni so: navigacija, naslovi strani, glavni gumbi.	Prijevodi za elemente korisničkog sučelja. Sadržaj (govor, primjedbe, sadržaj itd.) ima vlastite JSON-ove — to su samo UI oznake. Trenutno prevedeno: navigacija, naslovi stranica, glavni gumbi.	Prevodi za elemente korisničkog interfejsa. Sadržaj (govor, primedbe, sadržaj, itd.) ima sopstvene JSON-ove — to su samo oznake korisničkog interfejsa. Trenutno prevedeno: navigacija, naslovi stranica, glavna dugmad.	
content	data/i18n.json	i18n:_status	_status	UI prevedeno. Vsebina ostaja v slovenščini v tej verziji.	UI prevedeno. Sadržaj ostaje na slovenskom jeziku u ovoj verziji.	UI preveden. U ovoj verziji sadržaj ostaje na slovenačkom jeziku.	
content	data/i18n.json	i18n:common.beri_prikazane.hr	common.beri_prikazane.hr	🔊 Čitaj prikazane	🔊 Čitaj prikazane	🔊 Čitaj prikazane	
content	data/i18n.json	i18n:common.beri_prikazane.sl	common.beri_prikazane.sl	🔊 Beri prikazane	🔊 Čitaj prikazane	🔊 Čitaj prikazane	
content	data/i18n.json	i18n:common.beri_scenarij.hr	common.beri_scenarij.hr	🔊 Čitaj cijeli scenarij	🔊 Čitaj cijeli scenarij	🔊 Čitaj ceo scenario	
content	data/i18n.json	i18n:common.beri_scenarij.sl	common.beri_scenarij.sl	🔊 Beri ves scenarij	🔊 Čitaj cijeli scenarij	🔊 Čitaj ceo scenario	
content	data/i18n.json	i18n:common.beri_scenarij.sr	common.beri_scenarij.sr	🔊 Čitaj ceo scenario	🔊 Čitaj cijeli scenarij	🔊 Čitaj ceo scenario	
content	data/i18n.json	i18n:common.beri.hr	common.beri.hr	Čitaj	Čitaj	Čitaj	
content	data/i18n.json	i18n:common.beri.sl	common.beri.sl	Beri	Čitaj	Čitaj	
content	data/i18n.json	i18n:common.copy_error.hr	common.copy_error.hr	Kopiranje nije uspjelo. Označi tekst ručno.	Kopiranje nije uspjelo. Označi tekst ručno.	Kopiranje nije uspelo. Označi tekst ručno.	
content	data/i18n.json	i18n:common.copy_error.sl	common.copy_error.sl	Kopiranje ni uspelo. Označi tekst ročno.	Kopiranje nije uspjelo. Označi tekst ručno.	Kopiranje nije uspelo. Označi tekst ručno.	
content	data/i18n.json	i18n:common.copy_error.sr	common.copy_error.sr	Kopiranje nije uspelo. Označi tekst ručno.	Kopiranje nije uspjelo. Označi tekst ručno.	Kopiranje nije uspelo. Označi tekst ručno.	
content	data/i18n.json	i18n:common.daljsi_odgovor.hr	common.daljsi_odgovor.hr	Duži odgovor i napomena	Duži odgovor i napomena	Duži odgovor i napomena	
content	data/i18n.json	i18n:common.daljsi_odgovor.sl	common.daljsi_odgovor.sl	Daljši odgovor in opomba	Duži odgovor i napomena	Duži odgovor i napomena	
content	data/i18n.json	i18n:common.danes.hr	common.danes.hr	Danas	Danas	Danas	
content	data/i18n.json	i18n:common.danes.sl	common.danes.sl	Danes	Danas	Danas	
content	data/i18n.json	i18n:common.dodaj.sl	common.dodaj.sl	Dodaj	Dodaj	Dodaj	
content	data/i18n.json	i18n:common.filtri.sl	common.filtri.sl	Filtri	Filtri	Filteri	
content	data/i18n.json	i18n:common.filtri.sr	common.filtri.sr	Filteri	Filtri	Filteri	
content	data/i18n.json	i18n:common.iskanje.hr	common.iskanje.hr	Pretraga	Pretraga	Pretraga	
content	data/i18n.json	i18n:common.iskanje.sl	common.iskanje.sl	Iskanje	Pretraga	Pretraga	
content	data/i18n.json	i18n:common.izberi.hr	common.izberi.hr	Odaberi	Odaberi	Izaberi	
content	data/i18n.json	i18n:common.izberi.sl	common.izberi.sl	Izberi	Odaberi	Izaberi	
content	data/i18n.json	i18n:common.izberi.sr	common.izberi.sr	Izaberi	Odaberi	Izaberi	
content	data/i18n.json	i18n:common.izbrisi.hr	common.izbrisi.hr	Obriši	Obriši	Obriši	
content	data/i18n.json	i18n:common.izbrisi.sl	common.izbrisi.sl	Izbriši	Obriši	Obriši	
content	data/i18n.json	i18n:common.izvozi.hr	common.izvozi.hr	Izvezi	Izvezi	Izvezi	
content	data/i18n.json	i18n:common.izvozi.sl	common.izvozi.sl	Izvozi	Izvezi	Izvezi	
content	data/i18n.json	i18n:common.kategorija.sl	common.kategorija.sl	Kategorija	Kategorija	Kategorija	
content	data/i18n.json	i18n:common.kopiraj.sl	common.kopiraj.sl	Kopiraj	Kopiraj	Kopiraj	
content	data/i18n.json	i18n:common.kopirano.sl	common.kopirano.sl	✓ Kopirano	✓ Kopirano	✓ Kopirano	
content	data/i18n.json	i18n:common.kratek_odgovor.hr	common.kratek_odgovor.hr	Kratak odgovor (za sastanak)	Kratak odgovor (za sastanak)	Kratak odgovor (za sastanak)	
content	data/i18n.json	i18n:common.kratek_odgovor.sl	common.kratek_odgovor.sl	Kratek odgovor (za na sestanku)	Kratak odgovor (za sastanak)	Kratak odgovor (za sastanak)	
content	data/i18n.json	i18n:common.nadaljuj.hr	common.nadaljuj.hr	Nastavi	Nastavi	Nastavi	
content	data/i18n.json	i18n:common.nadaljuj.sl	common.nadaljuj.sl	Nadaljuj	Nastavi	Nastavi	
content	data/i18n.json	i18n:common.nalagam.hr	common.nalagam.hr	Učitavam…	Učitavam…	Učitavam…	
content	data/i18n.json	i18n:common.nalagam.sl	common.nalagam.sl	Nalagam…	Učitavam…	Učitavam…	
content	data/i18n.json	i18n:common.nalaganje_error.hr	common.nalaganje_error.hr	Ne mogu učitati podatke. Pokreni aplikaciju preko lokalnog servera.	Ne mogu učitati podatke. Pokreni aplikaciju preko lokalnog servera.	Ne mogu da učitam podatke. Pokreni aplikaciju preko lokalnog servera.	
content	data/i18n.json	i18n:common.nalaganje_error.sl	common.nalaganje_error.sl	Ne morem naložiti podatkov. Aplikacijo poženi prek lokalnega strežnika.	Ne mogu učitati podatke. Pokreni aplikaciju preko lokalnog servera.	Ne mogu da učitam podatke. Pokreni aplikaciju preko lokalnog servera.	
content	data/i18n.json	i18n:common.nalaganje_error.sr	common.nalaganje_error.sr	Ne mogu da učitam podatke. Pokreni aplikaciju preko lokalnog servera.	Ne mogu učitati podatke. Pokreni aplikaciju preko lokalnog servera.	Ne mogu da učitam podatke. Pokreni aplikaciju preko lokalnog servera.	
content	data/i18n.json	i18n:common.napaka.hr	common.napaka.hr	Greška	Greška	Greška	
content	data/i18n.json	i18n:common.napaka.sl	common.napaka.sl	Napaka	Greška	Greška	
content	data/i18n.json	i18n:common.naprej.hr	common.naprej.hr	Naprijed	Naprijed	Napred	
content	data/i18n.json	i18n:common.naprej.sl	common.naprej.sl	Naprej	Naprijed	Napred	
content	data/i18n.json	i18n:common.naprej.sr	common.naprej.sr	Napred	Naprijed	Napred	
content	data/i18n.json	i18n:common.natisni.hr	common.natisni.hr	Ispiši	Ispiši	Štampaj	
content	data/i18n.json	i18n:common.natisni.sl	common.natisni.sl	Natisni	Ispiši	Štampaj	
content	data/i18n.json	i18n:common.natisni.sr	common.natisni.sr	Štampaj	Ispiši	Štampaj	
content	data/i18n.json	i18n:common.nazaj.hr	common.nazaj.hr	Natrag	Natrag	Nazad	
content	data/i18n.json	i18n:common.nazaj.sl	common.nazaj.sl	Nazaj	Natrag	Nazad	
content	data/i18n.json	i18n:common.nazaj.sr	common.nazaj.sr	Nazad	Natrag	Nazad	
content	data/i18n.json	i18n:common.ni_podatkov.hr	common.ni_podatkov.hr	Nema podataka.	Nema podataka.	Nema podataka.	
content	data/i18n.json	i18n:common.ni_podatkov.sl	common.ni_podatkov.sl	Ni podatkov.	Nema podataka.	Nema podataka.	
content	data/i18n.json	i18n:common.opomba_prodajalcu.hr	common.opomba_prodajalcu.hr	Napomena prodavaču:	Napomena prodavaču:	Napomena prodavcu:	
content	data/i18n.json	i18n:common.opomba_prodajalcu.sl	common.opomba_prodajalcu.sl	Opomba prodajalcu:	Napomena prodavaču:	Napomena prodavcu:	
content	data/i18n.json	i18n:common.opomba_prodajalcu.sr	common.opomba_prodajalcu.sr	Napomena prodavcu:	Napomena prodavaču:	Napomena prodavcu:	
content	data/i18n.json	i18n:common.ponovi.sl	common.ponovi.sl	Ponovi	Ponovi	Ponovi	
content	data/i18n.json	i18n:common.poslji.hr	common.poslji.hr	Pošalji	Pošalji	Pošalji	
content	data/i18n.json	i18n:common.poslji.sl	common.poslji.sl	Pošlji	Pošalji	Pošalji	
content	data/i18n.json	i18n:common.prekini.hr	common.prekini.hr	Otkaži	Otkaži	Otkaži	
content	data/i18n.json	i18n:common.prekini.sl	common.prekini.sl	Prekini	Otkaži	Otkaži	
content	data/i18n.json	i18n:common.shrani.hr	common.shrani.hr	Spremi	Spremi	Sačuvaj	
content	data/i18n.json	i18n:common.shrani.sl	common.shrani.sl	Shrani	Spremi	Sačuvaj	
content	data/i18n.json	i18n:common.shrani.sr	common.shrani.sr	Sačuvaj	Spremi	Sačuvaj	
content	data/i18n.json	i18n:common.uredi.sl	common.uredi.sl	Uredi	Uredi	Izmeni	
content	data/i18n.json	i18n:common.uredi.sr	common.uredi.sr	Izmeni	Uredi	Izmeni	
content	data/i18n.json	i18n:common.uvozi.hr	common.uvozi.hr	Uvezi	Uvezi	Uvezi	
content	data/i18n.json	i18n:common.uvozi.sl	common.uvozi.sl	Uvozi	Uvezi	Uvezi	
content	data/i18n.json	i18n:common.vse_kategorije.hr	common.vse_kategorije.hr	Sve kategorije	Sve kategorije	Sve kategorije	
content	data/i18n.json	i18n:common.vse_kategorije.sl	common.vse_kategorije.sl	Vse kategorije	Sve kategorije	Sve kategorije	
content	data/i18n.json	i18n:common.vse.hr	common.vse.hr	Sve	Sve	Sve	
content	data/i18n.json	i18n:common.vse.sl	common.vse.sl	Vse	Sve	Sve	
content	data/i18n.json	i18n:common.vsi.hr	common.vsi.hr	Svi	Svi	Svi	
content	data/i18n.json	i18n:common.vsi.sl	common.vsi.sl	Vsi	Svi	Svi	
content	data/i18n.json	i18n:common.zapri.hr	common.zapri.hr	Zatvori	Zatvori	Zatvori	
content	data/i18n.json	i18n:common.zapri.sl	common.zapri.sl	Zapri	Zatvori	Zatvori	
content	data/i18n.json	i18n:editor.export.hr	editor.export.hr	Izvezi ispravke	Izvezi ispravke	Izvezi ispravke	
content	data/i18n.json	i18n:editor.export.sl	editor.export.sl	Izvozi popravke	Izvezi ispravke	Izvezi ispravke	
content	data/i18n.json	i18n:editor.no_source.hr	editor.no_source.hr	Ovaj tekst ne mogu povezati s izvornikom.	Ovaj tekst ne mogu povezati s izvornikom.	Ovaj tekst ne mogu povezati sa izvornikom.	
content	data/i18n.json	i18n:editor.no_source.sl	editor.no_source.sl	Tega besedila ne morem povezati z izvirnikom.	Ovaj tekst ne mogu povezati s izvornikom.	Ovaj tekst ne mogu povezati sa izvornikom.	
content	data/i18n.json	i18n:editor.no_source.sr	editor.no_source.sr	Ovaj tekst ne mogu povezati sa izvornikom.	Ovaj tekst ne mogu povezati s izvornikom.	Ovaj tekst ne mogu povezati sa izvornikom.	
content	data/i18n.json	i18n:editor.title.hr	editor.title.hr	Ispravak teksta	Ispravak teksta	Ispravka teksta	
content	data/i18n.json	i18n:editor.title.sl	editor.title.sl	Popravek besedila	Ispravak teksta	Ispravka teksta	
content	data/i18n.json	i18n:editor.title.sr	editor.title.sr	Ispravka teksta	Ispravak teksta	Ispravka teksta	
content	data/i18n.json	i18n:editor.toggle.sl	editor.toggle.sl	Uredi tekst	Uredi tekst	Izmeni tekst	
content	data/i18n.json	i18n:editor.toggle.sr	editor.toggle.sr	Izmeni tekst	Uredi tekst	Izmeni tekst	
content	data/i18n.json	i18n:govori.namen.hr	govori.namen.hr	Svrha	Svrha	Svrha	
content	data/i18n.json	i18n:govori.namen.sl	govori.namen.sl	Namen	Svrha	Svrha	
content	data/i18n.json	i18n:i18n.note.hr	i18n.note.hr	UI je preveden. Sadržaj (govori, prigovori, primjeri) ostaje na slovenskom u ovoj verziji.	UI je preveden. Sadržaj (govori, prigovori, primjeri) ostaje na slovenskom u ovoj verziji.	UI je preveden. Sadržaj (govori, prigovori, primeri) ostaje na slovenačkom u ovoj verziji.	
content	data/i18n.json	i18n:i18n.note.sl	i18n.note.sl	UI je preveden. Vsebina (govori, ugovori, primeri) ostaja v slovenščini v tej verziji.	UI je preveden. Sadržaj (govori, prigovori, primjeri) ostaje na slovenskom u ovoj verziji.	UI je preveden. Sadržaj (govori, prigovori, primeri) ostaje na slovenačkom u ovoj verziji.	
content	data/i18n.json	i18n:i18n.note.sr	i18n.note.sr	UI je preveden. Sadržaj (govori, prigovori, primeri) ostaje na slovenačkom u ovoj verziji.	UI je preveden. Sadržaj (govori, prigovori, primjeri) ostaje na slovenskom u ovoj verziji.	UI je preveden. Sadržaj (govori, prigovori, primeri) ostaje na slovenačkom u ovoj verziji.	
content	data/i18n.json	i18n:nav.asistent.sl	nav.asistent.sl	AI	AI	AI	
content	data/i18n.json	i18n:nav.dashboard.sl	nav.dashboard.sl	Dashboard	Dashboard	Dashboard	
content	data/i18n.json	i18n:nav.domov.hr	nav.domov.hr	Početna	Početna	Početna	
content	data/i18n.json	i18n:nav.domov.sl	nav.domov.sl	Domov	Početna	Početna	
content	data/i18n.json	i18n:nav.glosar.hr	nav.glosar.hr	Pojmovnik	Pojmovnik	Pojmovnik	
content	data/i18n.json	i18n:nav.glosar.sl	nav.glosar.sl	Glosar	Pojmovnik	Pojmovnik	
content	data/i18n.json	i18n:nav.govori.sl	nav.govori.sl	Govori	Govori	Govori	
content	data/i18n.json	i18n:nav.kalkulacije.sl	nav.kalkulacije.sl	Kalkulacije	Kalkulacije	Kalkulacije	
content	data/i18n.json	i18n:nav.koledar.hr	nav.koledar.hr	Kalendar	Kalendar	Kalendar	
content	data/i18n.json	i18n:nav.koledar.sl	nav.koledar.sl	Koledar	Kalendar	Kalendar	
content	data/i18n.json	i18n:nav.konkurenca.hr	nav.konkurenca.hr	Konkurencija	Konkurencija	Konkurencija	
content	data/i18n.json	i18n:nav.konkurenca.sl	nav.konkurenca.sl	Konkurenca	Konkurencija	Konkurencija	
content	data/i18n.json	i18n:nav.kpi.sl	nav.kpi.sl	KPI	KPI	KPI	
content	data/i18n.json	i18n:nav.obrazec.hr	nav.obrazec.hr	Obrazac	Obrazac	Obrazac	
content	data/i18n.json	i18n:nav.obrazec.sl	nav.obrazec.sl	Obrazec	Obrazac	Obrazac	
content	data/i18n.json	i18n:nav.onboarding.sl	nav.onboarding.sl	Onboarding	Onboarding	Onboarding	
content	data/i18n.json	i18n:nav.ponudba.hr	nav.ponudba.hr	Ponuda	Ponuda	Ponuda	
content	data/i18n.json	i18n:nav.ponudba.sl	nav.ponudba.sl	Ponudba	Ponuda	Ponuda	
content	data/i18n.json	i18n:nav.priprava.hr	nav.priprava.hr	Priprema	Priprema	Priprema	
content	data/i18n.json	i18n:nav.priprava.sl	nav.priprava.sl	Priprava	Priprema	Priprema	
content	data/i18n.json	i18n:nav.proces.sl	nav.proces.sl	Proces	Proces	Proces	
content	data/i18n.json	i18n:nav.reference.sl	nav.reference.sl	Reference	Reference	Reference	
content	data/i18n.json	i18n:nav.roleplay.hr	nav.roleplay.hr	Vježba	Vježba	Vežba	
content	data/i18n.json	i18n:nav.roleplay.sl	nav.roleplay.sl	Vaja	Vježba	Vežba	
content	data/i18n.json	i18n:nav.roleplay.sr	nav.roleplay.sr	Vežba	Vježba	Vežba	
content	data/i18n.json	i18n:nav.segmenti.sl	nav.segmenti.sl	Segmenti	Segmenti	Segmenti	
content	data/i18n.json	i18n:nav.settings.hr	nav.settings.hr	Postavke	Postavke	Pode?avanja	
content	data/i18n.json	i18n:nav.settings.sl	nav.settings.sl	Settings	Postavke	Pode?avanja	
content	data/i18n.json	i18n:nav.settings.sr	nav.settings.sr	Pode?avanja	Postavke	Pode?avanja	
content	data/i18n.json	i18n:nav.stranke.hr	nav.stranke.hr	Klijenti	Klijenti	Klijenti	
content	data/i18n.json	i18n:nav.stranke.sl	nav.stranke.sl	Stranke	Klijenti	Klijenti	
content	data/i18n.json	i18n:nav.ugovori.hr	nav.ugovori.hr	Prigovori	Prigovori	Prigovori	
content	data/i18n.json	i18n:nav.ugovori.sl	nav.ugovori.sl	Ugovori	Prigovori	Prigovori	
content	data/i18n.json	i18n:nav.vodic.sl	nav.vodic.sl	Vodič	Vodič	Vodič	
content	data/i18n.json	i18n:nav.vsebine.hr	nav.vsebine.hr	Sadržaj	Sadržaj	Sadržaj	
content	data/i18n.json	i18n:nav.vsebine.sl	nav.vsebine.sl	Vsebine	Sadržaj	Sadržaj	
content	data/i18n.json	i18n:nav.zakonodaja.hr	nav.zakonodaja.hr	Zakonodavstvo	Zakonodavstvo	Zakonodavstvo	
content	data/i18n.json	i18n:nav.zakonodaja.sl	nav.zakonodaja.sl	Zakonodaja	Zakonodavstvo	Zakonodavstvo	
content	data/i18n.json	i18n:nav.zgodovina.hr	nav.zgodovina.hr	Povijest	Povijest	Istorija	
content	data/i18n.json	i18n:nav.zgodovina.sl	nav.zgodovina.sl	Zgodovina	Povijest	Istorija	
content	data/i18n.json	i18n:nav.zgodovina.sr	nav.zgodovina.sr	Istorija	Povijest	Istorija	
content	data/i18n.json	i18n:page.asistent.title.sl	page.asistent.title.sl	AI asistent	AI asistent	AI asistent	
content	data/i18n.json	i18n:page.dashboard.subtitle.hr	page.dashboard.subtitle.hr	Pregled aktivnog pipeline-a iz Klijenata. Podaci iz tvojeg preglednika u stvarnom vremenu.	Pregled aktivnog pipeline-a iz Klijenata. Podaci iz tvojeg preglednika u stvarnom vremenu.	Pregled aktivnog pipeline-a iz Klijenata. Podaci iz tvog browser-a u realnom vremenu.	
content	data/i18n.json	i18n:page.dashboard.subtitle.sl	page.dashboard.subtitle.sl	Pregled aktivnega pipeline-a iz Strank. Podatki iz tvojega brskalnika v živo.	Pregled aktivnog pipeline-a iz Klijenata. Podaci iz tvojeg preglednika u stvarnom vremenu.	Pregled aktivnog pipeline-a iz Klijenata. Podaci iz tvog browser-a u realnom vremenu.	
content	data/i18n.json	i18n:page.dashboard.subtitle.sr	page.dashboard.subtitle.sr	Pregled aktivnog pipeline-a iz Klijenata. Podaci iz tvog browser-a u realnom vremenu.	Pregled aktivnog pipeline-a iz Klijenata. Podaci iz tvojeg preglednika u stvarnom vremenu.	Pregled aktivnog pipeline-a iz Klijenata. Podaci iz tvog browser-a u realnom vremenu.	
content	data/i18n.json	i18n:page.dashboard.title.hr	page.dashboard.title.hr	Dashboard za voditelja	Dashboard za voditelja	Dashboard za menadžera	
content	data/i18n.json	i18n:page.dashboard.title.sl	page.dashboard.title.sl	Dashboard za vodjo	Dashboard za voditelja	Dashboard za menadžera	
content	data/i18n.json	i18n:page.dashboard.title.sr	page.dashboard.title.sr	Dashboard za menadžera	Dashboard za voditelja	Dashboard za menadžera	
content	data/i18n.json	i18n:page.glosar.title.hr	page.glosar.title.hr	Pojmovnik EPR pojmova	Pojmovnik EPR pojmova	Pojmovnik EPR pojmova	
content	data/i18n.json	i18n:page.glosar.title.sl	page.glosar.title.sl	Glosar EPR pojmov	Pojmovnik EPR pojmova	Pojmovnik EPR pojmova	
content	data/i18n.json	i18n:page.govori.subtitle.hr	page.govori.subtitle.hr	Pripremljeni blokovi za hladne pozive, prvi sastanak, predstavljanje rješenja i follow-up. Klikni "Kopiraj" za umetanje u email ili "Čitaj" za slušanje.	Pripremljeni blokovi za hladne pozive, prvi sastanak, predstavljanje rješenja i follow-up. Klikni "Kopiraj" za umetanje u email ili "Čitaj" za slušanje.	Pripremljeni blokovi za hladne pozive, prvi sastanak, predstavljanje rešenja i follow-up. Klikni "Kopiraj" za umetanje u mejl ili "Čitaj" za slušanje.	
content	data/i18n.json	i18n:page.govori.subtitle.sl	page.govori.subtitle.sl	Pripravljeni bloki za hladne klice, prvi sestanek, predstavitev rešitve in follow-up. Klikni "Kopiraj" za vstavitev v email ali "Beri" za poslušanje.	Pripremljeni blokovi za hladne pozive, prvi sastanak, predstavljanje rješenja i follow-up. Klikni "Kopiraj" za umetanje u email ili "Čitaj" za slušanje.	Pripremljeni blokovi za hladne pozive, prvi sastanak, predstavljanje rešenja i follow-up. Klikni "Kopiraj" za umetanje u mejl ili "Čitaj" za slušanje.	
content	data/i18n.json	i18n:page.govori.subtitle.sr	page.govori.subtitle.sr	Pripremljeni blokovi za hladne pozive, prvi sastanak, predstavljanje rešenja i follow-up. Klikni "Kopiraj" za umetanje u mejl ili "Čitaj" za slušanje.	Pripremljeni blokovi za hladne pozive, prvi sastanak, predstavljanje rješenja i follow-up. Klikni "Kopiraj" za umetanje u email ili "Čitaj" za slušanje.	Pripremljeni blokovi za hladne pozive, prvi sastanak, predstavljanje rešenja i follow-up. Klikni "Kopiraj" za umetanje u mejl ili "Čitaj" za slušanje.	
content	data/i18n.json	i18n:page.govori.title.hr	page.govori.title.hr	Govori i skripte	Govori i skripte	Govori i skripte	
content	data/i18n.json	i18n:page.govori.title.sl	page.govori.title.sl	Govori in skripte	Govori i skripte	Govori i skripte	
content	data/i18n.json	i18n:page.index.hitri.hr	page.index.hitri.hr	Brzi početak	Brzi početak	Brzi početak	
content	data/i18n.json	i18n:page.index.hitri.sl	page.index.hitri.sl	Hitri začetek	Brzi početak	Brzi početak	
content	data/i18n.json	i18n:page.index.moduli.sl	page.index.moduli.sl	Moduli	Moduli	Moduli	
content	data/i18n.json	i18n:page.index.subtitle.hr	page.index.subtitle.hr	Brza priprema za sastanke, govori, prigovori, kalkulacije i zakonodavstvo. Za terenske komercijaliste, nove komercijaliste i voditelja prodaje.	Brza priprema za sastanke, govori, prigovori, kalkulacije i zakonodavstvo. Za terenske komercijaliste, nove komercijaliste i voditelja prodaje.	Brza priprema za sastanke, govori, prigovori, kalkulacije i zakonodavstvo. Za terenske komercijaliste, nove komercijaliste i menadžera prodaje.	
content	data/i18n.json	i18n:page.index.subtitle.sl	page.index.subtitle.sl	Hitra priprava na sestanke, govori, ugovori, kalkulacije in zakonodaja. Namenjeno terenskim komercialistom, novim komercialistom in vodji prodaje.	Brza priprema za sastanke, govori, prigovori, kalkulacije i zakonodavstvo. Za terenske komercijaliste, nove komercijaliste i voditelja prodaje.	Brza priprema za sastanke, govori, prigovori, kalkulacije i zakonodavstvo. Za terenske komercijaliste, nove komercijaliste i menadžera prodaje.	
content	data/i18n.json	i18n:page.index.subtitle.sr	page.index.subtitle.sr	Brza priprema za sastanke, govori, prigovori, kalkulacije i zakonodavstvo. Za terenske komercijaliste, nove komercijaliste i menadžera prodaje.	Brza priprema za sastanke, govori, prigovori, kalkulacije i zakonodavstvo. Za terenske komercijaliste, nove komercijaliste i voditelja prodaje.	Brza priprema za sastanke, govori, prigovori, kalkulacije i zakonodavstvo. Za terenske komercijaliste, nove komercijaliste i menadžera prodaje.	
content	data/i18n.json	i18n:page.index.title.hr	page.index.title.hr	Prodajni alat — Interzero EPR	Prodajni alat — Interzero EPR	Prodajni alat — Interzero EPR	
content	data/i18n.json	i18n:page.index.title.sl	page.index.title.sl	Prodajno orodje — Interzero EPR	Prodajni alat — Interzero EPR	Prodajni alat — Interzero EPR	
content	data/i18n.json	i18n:page.koledar.title.hr	page.koledar.title.hr	Kalendar EPR datuma	Kalendar EPR datuma	Kalendar EPR datuma	
content	data/i18n.json	i18n:page.koledar.title.sl	page.koledar.title.sl	Koledar EPR datumov	Kalendar EPR datuma	Kalendar EPR datuma	
content	data/i18n.json	i18n:page.konkurenca.title.hr	page.konkurenca.title.hr	Battlecard za konkurenciju	Battlecard za konkurenciju	Battlecard za konkurenciju	
content	data/i18n.json	i18n:page.konkurenca.title.sl	page.konkurenca.title.sl	Battlecard za konkurenco	Battlecard za konkurenciju	Battlecard za konkurenciju	
content	data/i18n.json	i18n:page.kpi.title.hr	page.kpi.title.hr	KPI i vođenje tima	KPI i vođenje tima	KPI i vođenje tima	
content	data/i18n.json	i18n:page.kpi.title.sl	page.kpi.title.sl	KPI in vodenje ekipe	KPI i vođenje tima	KPI i vođenje tima	
content	data/i18n.json	i18n:page.obrazec.title.hr	page.obrazec.title.hr	Discovery obrazac za sastanak	Discovery obrazac za sastanak	Discovery obrazac za sastanak	
content	data/i18n.json	i18n:page.obrazec.title.sl	page.obrazec.title.sl	Discovery obrazec za sestanek	Discovery obrazac za sastanak	Discovery obrazac za sastanak	
content	data/i18n.json	i18n:page.onboarding.title.sl	page.onboarding.title.sl	Onboarding 30/60/90	Onboarding 30/60/90	Onboarding 30/60/90	
content	data/i18n.json	i18n:page.ponudba.title.hr	page.ponudba.title.hr	Predložak ponude	Predložak ponude	Šablon ponude	
content	data/i18n.json	i18n:page.ponudba.title.sl	page.ponudba.title.sl	Predloga ponudbe	Predložak ponude	Šablon ponude	
content	data/i18n.json	i18n:page.ponudba.title.sr	page.ponudba.title.sr	Šablon ponude	Predložak ponude	Šablon ponude	
content	data/i18n.json	i18n:page.priprava.title.hr	page.priprava.title.hr	Priprema za sastanak	Priprema za sastanak	Priprema za sastanak	
content	data/i18n.json	i18n:page.priprava.title.sl	page.priprava.title.sl	Priprava na sestanek	Priprema za sastanak	Priprema za sastanak	
content	data/i18n.json	i18n:page.proces.title.hr	page.proces.title.hr	Prodajni proces — 10 faza	Prodajni proces — 10 faza	Prodajni proces — 10 faza	
content	data/i18n.json	i18n:page.proces.title.sl	page.proces.title.sl	Prodajni proces — 10 faz	Prodajni proces — 10 faza	Prodajni proces — 10 faza	
content	data/i18n.json	i18n:page.reference.title.sl	page.reference.title.sl	Reference / Case studies	Reference / Case studies	Reference / Case studies	
content	data/i18n.json	i18n:page.roleplay.title.hr	page.roleplay.title.hr	Roleplay vježba	Roleplay vježba	Roleplay vežba	
content	data/i18n.json	i18n:page.roleplay.title.sl	page.roleplay.title.sl	Roleplay vaja	Roleplay vježba	Roleplay vežba	
content	data/i18n.json	i18n:page.roleplay.title.sr	page.roleplay.title.sr	Roleplay vežba	Roleplay vježba	Roleplay vežba	
content	data/i18n.json	i18n:page.segmentacija.title.hr	page.segmentacija.title.hr	Segmentacija klijenata	Segmentacija klijenata	Segmentacija klijenata	
content	data/i18n.json	i18n:page.segmentacija.title.sl	page.segmentacija.title.sl	Segmentacija strank	Segmentacija klijenata	Segmentacija klijenata	
content	data/i18n.json	i18n:page.settings.subtitle.hr	page.settings.subtitle.hr	Lokalni admin za profile, vidljive kartice i ispravke tekstova po tr?i?tima.	Lokalni admin za profile, vidljive kartice i ispravke tekstova po tr?i?tima.	Lokalni admin za profile, vidljive kartice i ispravke tekstova po tr?i?tima.	
content	data/i18n.json	i18n:page.settings.subtitle.sl	page.settings.subtitle.sl	Lokalni admin za profile, vidne zavihke in popravke besedil po trgih.	Lokalni admin za profile, vidljive kartice i ispravke tekstova po tr?i?tima.	Lokalni admin za profile, vidljive kartice i ispravke tekstova po tr?i?tima.	
content	data/i18n.json	i18n:page.stranke.subtitle.hr	page.stranke.subtitle.hr	Aktivne prilike — tko, gdje je u procesu, sljedeći korak. Lokalno u ovom pregledniku.	Aktivne prilike — tko, gdje je u procesu, sljedeći korak. Lokalno u ovom pregledniku.	Aktivne prilike — ko, gde je u procesu, sledeći korak. Lokalno u ovom browser-u.	
content	data/i18n.json	i18n:page.stranke.subtitle.sl	page.stranke.subtitle.sl	Aktivne priložnosti — kdo, kje je v procesu, naslednji korak. Lokalno v tem brskalniku.	Aktivne prilike — tko, gdje je u procesu, sljedeći korak. Lokalno u ovom pregledniku.	Aktivne prilike — ko, gde je u procesu, sledeći korak. Lokalno u ovom browser-u.	
content	data/i18n.json	i18n:page.stranke.subtitle.sr	page.stranke.subtitle.sr	Aktivne prilike — ko, gde je u procesu, sledeći korak. Lokalno u ovom browser-u.	Aktivne prilike — tko, gdje je u procesu, sljedeći korak. Lokalno u ovom pregledniku.	Aktivne prilike — ko, gde je u procesu, sledeći korak. Lokalno u ovom browser-u.	
content	data/i18n.json	i18n:page.stranke.title.hr	page.stranke.title.hr	Klijenti u mojem pipelinu	Klijenti u mojem pipelinu	Klijenti u mom pipeline-u	
content	data/i18n.json	i18n:page.stranke.title.sl	page.stranke.title.sl	Stranke v mojem pipelinu	Klijenti u mojem pipelinu	Klijenti u mom pipeline-u	
content	data/i18n.json	i18n:page.stranke.title.sr	page.stranke.title.sr	Klijenti u mom pipeline-u	Klijenti u mojem pipelinu	Klijenti u mom pipeline-u	
content	data/i18n.json	i18n:page.ugovori.subtitle.hr	page.ugovori.subtitle.hr	Pretraži po ključnoj riječi ili filtriraj po kategoriji. Svaki prigovor ima kratak odgovor za sastanak i duži za pripremu.	Pretraži po ključnoj riječi ili filtriraj po kategoriji. Svaki prigovor ima kratak odgovor za sastanak i duži za pripremu.	Pretraži po ključnoj reči ili filtriraj po kategoriji. Svaki prigovor ima kratak odgovor za sastanak i duži za pripremu.	
content	data/i18n.json	i18n:page.ugovori.subtitle.sl	page.ugovori.subtitle.sl	Iskaj po ključni besedi ali filtriraj po kategoriji. Vsak ugovor ima kratek odgovor za na sestanku in daljši za pripravo.	Pretraži po ključnoj riječi ili filtriraj po kategoriji. Svaki prigovor ima kratak odgovor za sastanak i duži za pripremu.	Pretraži po ključnoj reči ili filtriraj po kategoriji. Svaki prigovor ima kratak odgovor za sastanak i duži za pripremu.	
content	data/i18n.json	i18n:page.ugovori.subtitle.sr	page.ugovori.subtitle.sr	Pretraži po ključnoj reči ili filtriraj po kategoriji. Svaki prigovor ima kratak odgovor za sastanak i duži za pripremu.	Pretraži po ključnoj riječi ili filtriraj po kategoriji. Svaki prigovor ima kratak odgovor za sastanak i duži za pripremu.	Pretraži po ključnoj reči ili filtriraj po kategoriji. Svaki prigovor ima kratak odgovor za sastanak i duži za pripremu.	
content	data/i18n.json	i18n:page.ugovori.title.hr	page.ugovori.title.hr	Prigovori i odgovori	Prigovori i odgovori	Prigovori i odgovori	
content	data/i18n.json	i18n:page.ugovori.title.sl	page.ugovori.title.sl	Ugovori in odgovori	Prigovori i odgovori	Prigovori i odgovori	
content	data/i18n.json	i18n:page.vodic.title.hr	page.vodic.title.hr	Vodič kroz prodajni razgovor	Vodič kroz prodajni razgovor	Vodič kroz prodajni razgovor	
content	data/i18n.json	i18n:page.vodic.title.sl	page.vodic.title.sl	Vodič po prodajnem razgovoru	Vodič kroz prodajni razgovor	Vodič kroz prodajni razgovor	
content	data/i18n.json	i18n:page.vsebine.title.hr	page.vsebine.title.hr	Kalendar sadržaja	Kalendar sadržaja	Kalendar sadržaja	
content	data/i18n.json	i18n:page.vsebine.title.sl	page.vsebine.title.sl	Koledar vsebin	Kalendar sadržaja	Kalendar sadržaja	
content	data/i18n.json	i18n:page.zgodovina.title.hr	page.zgodovina.title.hr	Moja povijest	Moja povijest	Moja istorija	
content	data/i18n.json	i18n:page.zgodovina.title.sl	page.zgodovina.title.sl	Moja zgodovina	Moja povijest	Moja istorija	
content	data/i18n.json	i18n:page.zgodovina.title.sr	page.zgodovina.title.sr	Moja istorija	Moja povijest	Moja istorija	
content	data/i18n.json	i18n:ph.iskaj_stranke.hr	ph.iskaj_stranke.hr	tvrtka, kontakt…	tvrtka, kontakt…	kompanija, kontakt…	
content	data/i18n.json	i18n:ph.iskaj_stranke.sl	ph.iskaj_stranke.sl	podjetje, kontakt…	tvrtka, kontakt…	kompanija, kontakt…	
content	data/i18n.json	i18n:ph.iskaj_stranke.sr	ph.iskaj_stranke.sr	kompanija, kontakt…	tvrtka, kontakt…	kompanija, kontakt…	
content	data/i18n.json	i18n:ph.iskaj.hr	ph.iskaj.hr	Pretraži…	Pretraži…	Pretraži…	
content	data/i18n.json	i18n:ph.iskaj.sl	ph.iskaj.sl	Iskaj…	Pretraži…	Pretraži…	
content	data/i18n.json	i18n:ph.ugovori.hr	ph.ugovori.hr	npr. cijena, ESG, lokalni…	npr. cijena, ESG, lokalni…	npr. cena, ESG, lokalni…	
content	data/i18n.json	i18n:ph.ugovori.sl	ph.ugovori.sl	npr. cena, ESG, lokalni…	npr. cijena, ESG, lokalni…	npr. cena, ESG, lokalni…	
content	data/i18n.json	i18n:settings.active_hint.hr	settings.active_hint.hr	Promjena profila mijenja zadani jezik i vidljive kartice.	Promjena profila mijenja zadani jezik i vidljive kartice.	Promena profila menja podrazumevani jezik i vidljive kartice.	
content	data/i18n.json	i18n:settings.active_hint.sl	settings.active_hint.sl	Preklop profila spremeni privzeti jezik in vidne zavihke.	Promjena profila mijenja zadani jezik i vidljive kartice.	Promena profila menja podrazumevani jezik i vidljive kartice.	
content	data/i18n.json	i18n:settings.active_hint.sr	settings.active_hint.sr	Promena profila menja podrazumevani jezik i vidljive kartice.	Promjena profila mijenja zadani jezik i vidljive kartice.	Promena profila menja podrazumevani jezik i vidljive kartice.	
content	data/i18n.json	i18n:settings.active_profile.sl	settings.active_profile.sl	Aktivni profil	Aktivni profil	Aktivni profil	
content	data/i18n.json	i18n:settings.add_profile.hr	settings.add_profile.hr	+ Novi profil	+ Novi profil	+ Novi profil	
content	data/i18n.json	i18n:settings.add_profile.sl	settings.add_profile.sl	+ Nov profil	+ Novi profil	+ Novi profil	
content	data/i18n.json	i18n:settings.can_edit.hr	settings.can_edit.hr	Ure?uje tekst	Ure?uje tekst	Ure?uje tekst	
content	data/i18n.json	i18n:settings.can_edit.sl	settings.can_edit.sl	Ureja tekst	Ure?uje tekst	Ure?uje tekst	
content	data/i18n.json	i18n:settings.cloud_notice.hr	settings.cloud_notice.hr	Profili su spremljeni u Supabase i vrijede za sve korisnike nakon prijave.	Profili su spremljeni u Supabase i vrijede za sve korisnike nakon prijave.	Profili su sa?uvani u Supabase i va?e za sve korisnike nakon prijave.	
content	data/i18n.json	i18n:settings.cloud_notice.sl	settings.cloud_notice.sl	Profili so shranjeni v Supabase in veljajo za vse uporabnike po prijavi.	Profili su spremljeni u Supabase i vrijede za sve korisnike nakon prijave.	Profili su sa?uvani u Supabase i va?e za sve korisnike nakon prijave.	
content	data/i18n.json	i18n:settings.cloud_notice.sr	settings.cloud_notice.sr	Profili su sa?uvani u Supabase i va?e za sve korisnike nakon prijave.	Profili su spremljeni u Supabase i vrijede za sve korisnike nakon prijave.	Profili su sa?uvani u Supabase i va?e za sve korisnike nakon prijave.	
content	data/i18n.json	i18n:settings.delete_profile.hr	settings.delete_profile.hr	Obri?i profil	Obri?i profil	Obri?i profil	
content	data/i18n.json	i18n:settings.delete_profile.sl	settings.delete_profile.sl	Izbri?i profil	Obri?i profil	Obri?i profil	
content	data/i18n.json	i18n:settings.download_tsv.hr	settings.download_tsv.hr	Preuzmi TSV za prijevode	Preuzmi TSV za prijevode	Preuzmi TSV za prevode	
content	data/i18n.json	i18n:settings.download_tsv.sl	settings.download_tsv.sl	Prenesi TSV za prevode	Preuzmi TSV za prijevode	Preuzmi TSV za prevode	
content	data/i18n.json	i18n:settings.download_tsv.sr	settings.download_tsv.sr	Preuzmi TSV za prevode	Preuzmi TSV za prijevode	Preuzmi TSV za prevode	
content	data/i18n.json	i18n:settings.export_overrides.hr	settings.export_overrides.hr	Izvezi lokalne ispravke	Izvezi lokalne ispravke	Izvezi lokalne ispravke	
content	data/i18n.json	i18n:settings.export_overrides.sl	settings.export_overrides.sl	Izvozi lokalne popravke	Izvezi lokalne ispravke	Izvezi lokalne ispravke	
content	data/i18n.json	i18n:settings.import_done.hr	settings.import_done.hr	Ispravci su uvezeni. Stranica ?e se osvje?iti.	Ispravci su uvezeni. Stranica ?e se osvje?iti.	Ispravke su uvezene. Stranica ?e se osve?iti.	
content	data/i18n.json	i18n:settings.import_done.sl	settings.import_done.sl	Popravki so uvo?eni. Stran se bo osve?ila.	Ispravci su uvezeni. Stranica ?e se osvje?iti.	Ispravke su uvezene. Stranica ?e se osve?iti.	
content	data/i18n.json	i18n:settings.import_done.sr	settings.import_done.sr	Ispravke su uvezene. Stranica ?e se osve?iti.	Ispravci su uvezeni. Stranica ?e se osvje?iti.	Ispravke su uvezene. Stranica ?e se osve?iti.	
content	data/i18n.json	i18n:settings.import_error.hr	settings.import_error.hr	Uvoz nije uspio. Provjeri JSON datoteku.	Uvoz nije uspio. Provjeri JSON datoteku.	Uvoz nije uspeo. Proveri JSON datoteku.	
content	data/i18n.json	i18n:settings.import_error.sl	settings.import_error.sl	Uvoz ni uspel. Preveri JSON datoteko.	Uvoz nije uspio. Provjeri JSON datoteku.	Uvoz nije uspeo. Proveri JSON datoteku.	
content	data/i18n.json	i18n:settings.import_error.sr	settings.import_error.sr	Uvoz nije uspeo. Proveri JSON datoteku.	Uvoz nije uspio. Provjeri JSON datoteku.	Uvoz nije uspeo. Proveri JSON datoteku.	
content	data/i18n.json	i18n:settings.import_overrides.hr	settings.import_overrides.hr	Uvezi lokalne ispravke	Uvezi lokalne ispravke	Uvezi lokalne ispravke	
content	data/i18n.json	i18n:settings.import_overrides.sl	settings.import_overrides.sl	Uvozi lokalne popravke	Uvezi lokalne ispravke	Uvezi lokalne ispravke	
content	data/i18n.json	i18n:settings.language.hr	settings.language.hr	Zadani jezik	Zadani jezik	Podrazumevani jezik	
content	data/i18n.json	i18n:settings.language.sl	settings.language.sl	Privzeti jezik	Zadani jezik	Podrazumevani jezik	
content	data/i18n.json	i18n:settings.language.sr	settings.language.sr	Podrazumevani jezik	Zadani jezik	Podrazumevani jezik	
content	data/i18n.json	i18n:settings.local_notice.hr	settings.local_notice.hr	Lokalna postavka za pojednostavljenje portala. Ovo nije sigurnosni sustav.	Lokalna postavka za pojednostavljenje portala. Ovo nije sigurnosni sustav.	Lokalno pode?avanje za pojednostavljenje portala. Ovo nije sigurnosni sistem.	
content	data/i18n.json	i18n:settings.local_notice.sl	settings.local_notice.sl	Lokalna nastavitev za poenostavitev portala. To ni varnostni sistem.	Lokalna postavka za pojednostavljenje portala. Ovo nije sigurnosni sustav.	Lokalno pode?avanje za pojednostavljenje portala. Ovo nije sigurnosni sistem.	
content	data/i18n.json	i18n:settings.local_notice.sr	settings.local_notice.sr	Lokalno pode?avanje za pojednostavljenje portala. Ovo nije sigurnosni sistem.	Lokalna postavka za pojednostavljenje portala. Ovo nije sigurnosni sustav.	Lokalno pode?avanje za pojednostavljenje portala. Ovo nije sigurnosni sistem.	
content	data/i18n.json	i18n:settings.markets.hr	settings.markets.hr	Tr?i?ta	Tr?i?ta	Tr?i?ta	
content	data/i18n.json	i18n:settings.markets.sl	settings.markets.sl	Trgi	Tr?i?ta	Tr?i?ta	
content	data/i18n.json	i18n:settings.name.sl	settings.name.sl	Ime	Ime	Ime	
content	data/i18n.json	i18n:settings.no_admin_hint.hr	settings.no_admin_hint.hr	Tvoj profil odre?uje koje module vidi?. Ure?ivanje korisnika dostupno je samo adminu.	Tvoj profil odre?uje koje module vidi?. Ure?ivanje korisnika dostupno je samo adminu.	Tvoj profil odre?uje koje module vidi?. Ure?ivanje korisnika dostupno je samo adminu.	
content	data/i18n.json	i18n:settings.no_admin_hint.sl	settings.no_admin_hint.sl	Tvoj profil dolo?a, katere module vidi?. Urejanje uporabnikov je na voljo samo adminu.	Tvoj profil odre?uje koje module vidi?. Ure?ivanje korisnika dostupno je samo adminu.	Tvoj profil odre?uje koje module vidi?. Ure?ivanje korisnika dostupno je samo adminu.	
content	data/i18n.json	i18n:settings.no_admin.hr	settings.no_admin.hr	Nema? admin pristup	Nema? admin pristup	Nema? admin pristup	
content	data/i18n.json	i18n:settings.no_admin.sl	settings.no_admin.sl	Nima? admin dostopa	Nema? admin pristup	Nema? admin pristup	
content	data/i18n.json	i18n:settings.override_hint.hr	settings.override_hint.hr	Ispravci se spremaju u ovom pregledniku. Izvoz JSON datoteke omogu?uje da ih kasnije spojimo u aplikaciju.	Ispravci se spremaju u ovom pregledniku. Izvoz JSON datoteke omogu?uje da ih kasnije spojimo u aplikaciju.	Ispravke se ?uvaju u ovom browser-u. Izvoz JSON datoteke omogu?ava da ih kasnije spojimo u aplikaciju.	
content	data/i18n.json	i18n:settings.override_hint.sl	settings.override_hint.sl	Popravki se shranijo v tem brskalniku. Izvoz JSON datoteke omogo?a, da jih kasneje zdru?imo v aplikacijo.	Ispravci se spremaju u ovom pregledniku. Izvoz JSON datoteke omogu?uje da ih kasnije spojimo u aplikaciju.	Ispravke se ?uvaju u ovom browser-u. Izvoz JSON datoteke omogu?ava da ih kasnije spojimo u aplikaciju.	
content	data/i18n.json	i18n:settings.override_hint.sr	settings.override_hint.sr	Ispravke se ?uvaju u ovom browser-u. Izvoz JSON datoteke omogu?ava da ih kasnije spojimo u aplikaciju.	Ispravci se spremaju u ovom pregledniku. Izvoz JSON datoteke omogu?uje da ih kasnije spojimo u aplikaciju.	Ispravke se ?uvaju u ovom browser-u. Izvoz JSON datoteke omogu?ava da ih kasnije spojimo u aplikaciju.	
content	data/i18n.json	i18n:settings.profiles.sl	settings.profiles.sl	Profili	Profili	Profili	
content	data/i18n.json	i18n:settings.role.hr	settings.role.hr	Uloga	Uloga	Uloga	
content	data/i18n.json	i18n:settings.role.sl	settings.role.sl	Vloga	Uloga	Uloga	
content	data/i18n.json	i18n:settings.save_user.hr	settings.save_user.hr	Spremi korisnika	Spremi korisnika	Sa?uvaj korisnika	
content	data/i18n.json	i18n:settings.save_user.sl	settings.save_user.sl	Shrani uporabnika	Spremi korisnika	Sa?uvaj korisnika	
content	data/i18n.json	i18n:settings.save_user.sr	settings.save_user.sr	Sa?uvaj korisnika	Spremi korisnika	Sa?uvaj korisnika	
content	data/i18n.json	i18n:settings.text_tools.hr	settings.text_tools.hr	Tekstovi i ispravci	Tekstovi i ispravci	Tekstovi i ispravke	
content	data/i18n.json	i18n:settings.text_tools.sl	settings.text_tools.sl	Besedila in popravki	Tekstovi i ispravci	Tekstovi i ispravke	
content	data/i18n.json	i18n:settings.text_tools.sr	settings.text_tools.sr	Tekstovi i ispravke	Tekstovi i ispravci	Tekstovi i ispravke	
content	data/i18n.json	i18n:settings.users_hint.hr	settings.users_hint.hr	Korisnika najprije kreira? u Supabase Authentication, a ovdje mu dodjeljuje? profil i prava u portalu.	Korisnika najprije kreira? u Supabase Authentication, a ovdje mu dodjeljuje? profil i prava u portalu.	Korisnika prvo kreira? u Supabase Authentication, a ovde mu dodeljuje? profil i prava u portalu.	
content	data/i18n.json	i18n:settings.users_hint.sl	settings.users_hint.sl	Uporabnika najprej ustvari? v Supabase Authentication, tukaj pa mu dodeli? profil in pravice v portalu.	Korisnika najprije kreira? u Supabase Authentication, a ovdje mu dodjeljuje? profil i prava u portalu.	Korisnika prvo kreira? u Supabase Authentication, a ovde mu dodeljuje? profil i prava u portalu.	
content	data/i18n.json	i18n:settings.users_hint.sr	settings.users_hint.sr	Korisnika prvo kreira? u Supabase Authentication, a ovde mu dodeljuje? profil i prava u portalu.	Korisnika najprije kreira? u Supabase Authentication, a ovdje mu dodjeljuje? profil i prava u portalu.	Korisnika prvo kreira? u Supabase Authentication, a ovde mu dodeljuje? profil i prava u portalu.	
content	data/i18n.json	i18n:settings.users.hr	settings.users.hr	Korisnici	Korisnici	Korisnici	
content	data/i18n.json	i18n:settings.users.sl	settings.users.sl	Uporabniki	Korisnici	Korisnici	
content	data/i18n.json	i18n:settings.visible_modules.hr	settings.visible_modules.hr	Vidljive kartice	Vidljive kartice	Vidljive kartice	
content	data/i18n.json	i18n:settings.visible_modules.sl	settings.visible_modules.sl	Vidni zavihki	Vidljive kartice	Vidljive kartice	
content	data/i18n.json	i18n:stranke.aktivne.hr	stranke.aktivne.hr	Aktivni	Aktivni	Aktivni	
content	data/i18n.json	i18n:stranke.aktivne.sl	stranke.aktivne.sl	Aktivne	Aktivni	Aktivni	
content	data/i18n.json	i18n:stranke.aktivno.sl	stranke.aktivno.sl	Aktivno	Aktivno	Aktivno	
content	data/i18n.json	i18n:stranke.alarm_hint.hr	stranke.alarm_hint.hr	Klijenti označeni crveno imaju zakašnjeli sljedeći korak ili im nedostaje datum.	Klijenti označeni crveno imaju zakašnjeli sljedeći korak ili im nedostaje datum.	Klijenti označeni crveno imaju zakasneli sledeći korak ili im nedostaje datum.	
content	data/i18n.json	i18n:stranke.alarm_hint.sl	stranke.alarm_hint.sl	Stranke v rdečem imajo zapadel naslednji korak ali manjkajoč datum.	Klijenti označeni crveno imaju zakašnjeli sljedeći korak ili im nedostaje datum.	Klijenti označeni crveno imaju zakasneli sledeći korak ili im nedostaje datum.	
content	data/i18n.json	i18n:stranke.alarm_hint.sr	stranke.alarm_hint.sr	Klijenti označeni crveno imaju zakasneli sledeći korak ili im nedostaje datum.	Klijenti označeni crveno imaju zakašnjeli sljedeći korak ili im nedostaje datum.	Klijenti označeni crveno imaju zakasneli sledeći korak ili im nedostaje datum.	
content	data/i18n.json	i18n:stranke.alarm.sl	stranke.alarm.sl	Alarm	Alarm	Alarm	
content	data/i18n.json	i18n:stranke.audit.sl	stranke.audit.sl	Audit log	Audit log	Audit log	
content	data/i18n.json	i18n:stranke.bolecine.hr	stranke.bolecine.hr	Bolne točke (jedan redak po točki)	Bolne točke (jedan redak po točki)	Bolne tačke (jedan red po tački)	
content	data/i18n.json	i18n:stranke.bolecine.sl	stranke.bolecine.sl	Bolečine (ena vrstica na bolečino)	Bolne točke (jedan redak po točki)	Bolne tačke (jedan red po tački)	
content	data/i18n.json	i18n:stranke.bolecine.sr	stranke.bolecine.sr	Bolne tačke (jedan red po tački)	Bolne točke (jedan redak po točki)	Bolne tačke (jedan red po tački)	
content	data/i18n.json	i18n:stranke.datum_koraka.hr	stranke.datum_koraka.hr	Datum sljedećeg koraka	Datum sljedećeg koraka	Datum sledećeg koraka	
content	data/i18n.json	i18n:stranke.datum_koraka.sl	stranke.datum_koraka.sl	Datum naslednjega koraka	Datum sljedećeg koraka	Datum sledećeg koraka	
content	data/i18n.json	i18n:stranke.datum_koraka.sr	stranke.datum_koraka.sr	Datum sledećeg koraka	Datum sljedećeg koraka	Datum sledećeg koraka	
content	data/i18n.json	i18n:stranke.datum.sl	stranke.datum.sl	Datum	Datum	Datum	
content	data/i18n.json	i18n:stranke.faza.sl	stranke.faza.sl	Faza	Faza	Faza	
content	data/i18n.json	i18n:stranke.funkcija.hr	stranke.funkcija.hr	Funkcija / uloga	Funkcija / uloga	Funkcija / uloga	
content	data/i18n.json	i18n:stranke.funkcija.sl	stranke.funkcija.sl	Funkcija / vloga	Funkcija / uloga	Funkcija / uloga	
content	data/i18n.json	i18n:stranke.izguba.hr	stranke.izguba.hr	Gubitak	Gubitak	Gubitak	
content	data/i18n.json	i18n:stranke.izguba.sl	stranke.izguba.sl	Izguba	Gubitak	Gubitak	
content	data/i18n.json	i18n:stranke.izgube.hr	stranke.izgube.hr	Gubitci	Gubitci	Gubici	
content	data/i18n.json	i18n:stranke.izgube.sl	stranke.izgube.sl	Izgube	Gubitci	Gubici	
content	data/i18n.json	i18n:stranke.izgube.sr	stranke.izgube.sr	Gubici	Gubitci	Gubici	
content	data/i18n.json	i18n:stranke.kontakt.hr	stranke.kontakt.hr	Kontakt osoba	Kontakt osoba	Kontakt osoba	
content	data/i18n.json	i18n:stranke.kontakt.sl	stranke.kontakt.sl	Kontaktna oseba	Kontakt osoba	Kontakt osoba	
content	data/i18n.json	i18n:stranke.korak.hr	stranke.korak.hr	Sljedeći korak	Sljedeći korak	Sledeći korak	
content	data/i18n.json	i18n:stranke.korak.sl	stranke.korak.sl	Naslednji korak	Sljedeći korak	Sledeći korak	
content	data/i18n.json	i18n:stranke.korak.sr	stranke.korak.sr	Sledeći korak	Sljedeći korak	Sledeći korak	
content	data/i18n.json	i18n:stranke.nova_modal.hr	stranke.nova_modal.hr	Novi klijent	Novi klijent	Novi klijent	
content	data/i18n.json	i18n:stranke.nova_modal.sl	stranke.nova_modal.sl	Nova stranka	Novi klijent	Novi klijent	
content	data/i18n.json	i18n:stranke.nova.hr	stranke.nova.hr	+ Novi klijent	+ Novi klijent	+ Novi klijent	
content	data/i18n.json	i18n:stranke.nova.sl	stranke.nova.sl	+ Nova stranka	+ Novi klijent	+ Novi klijent	
content	data/i18n.json	i18n:stranke.opombe.hr	stranke.opombe.hr	Napomene	Napomene	Napomene	
content	data/i18n.json	i18n:stranke.opombe.sl	stranke.opombe.sl	Opombe	Napomene	Napomene	
content	data/i18n.json	i18n:stranke.panoga.hr	stranke.panoga.hr	Djelatnost	Djelatnost	Delatnost	
content	data/i18n.json	i18n:stranke.panoga.sl	stranke.panoga.sl	Panoga	Djelatnost	Delatnost	
content	data/i18n.json	i18n:stranke.panoga.sr	stranke.panoga.sr	Delatnost	Djelatnost	Delatnost	
content	data/i18n.json	i18n:stranke.pipeline.sl	stranke.pipeline.sl	Pipeline	Pipeline	Pipeline	
content	data/i18n.json	i18n:stranke.podjetje.hr	stranke.podjetje.hr	Tvrtka	Tvrtka	Kompanija	
content	data/i18n.json	i18n:stranke.podjetje.sl	stranke.podjetje.sl	Podjetje	Tvrtka	Kompanija	
content	data/i18n.json	i18n:stranke.podjetje.sr	stranke.podjetje.sr	Kompanija	Tvrtka	Kompanija	
content	data/i18n.json	i18n:stranke.prazno.hr	stranke.prazno.hr	Još nema klijenata. Klikni "+ Novi klijent".	Još nema klijenata. Klikni "+ Novi klijent".	Još nema klijenata. Klikni "+ Novi klijent".	
content	data/i18n.json	i18n:stranke.prazno.sl	stranke.prazno.sl	Še ni strank. Klikni "+ Nova stranka".	Još nema klijenata. Klikni "+ Novi klijent".	Još nema klijenata. Klikni "+ Novi klijent".	
content	data/i18n.json	i18n:stranke.razlog_izgube.hr	stranke.razlog_izgube.hr	Razlog gubitka	Razlog gubitka	Razlog gubitka	
content	data/i18n.json	i18n:stranke.razlog_izgube.sl	stranke.razlog_izgube.sl	Razlog izgube	Razlog gubitka	Razlog gubitka	
content	data/i18n.json	i18n:stranke.samo_izgube.hr	stranke.samo_izgube.hr	Samo gubitci	Samo gubitci	Samo gubici	
content	data/i18n.json	i18n:stranke.samo_izgube.sl	stranke.samo_izgube.sl	Samo izgube	Samo gubitci	Samo gubici	
content	data/i18n.json	i18n:stranke.samo_izgube.sr	stranke.samo_izgube.sr	Samo gubici	Samo gubitci	Samo gubici	
content	data/i18n.json	i18n:stranke.samo_zmage.hr	stranke.samo_zmage.hr	Samo pobjede	Samo pobjede	Samo pobede	
content	data/i18n.json	i18n:stranke.samo_zmage.sl	stranke.samo_zmage.sl	Samo zmage	Samo pobjede	Samo pobede	
content	data/i18n.json	i18n:stranke.samo_zmage.sr	stranke.samo_zmage.sr	Samo pobede	Samo pobjede	Samo pobede	
content	data/i18n.json	i18n:stranke.segment.sl	stranke.segment.sl	Segment	Segment	Segment	
content	data/i18n.json	i18n:stranke.status.sl	stranke.status.sl	Status	Status	Status	
content	data/i18n.json	i18n:stranke.tehtano.hr	stranke.tehtano.hr	Ponderirano	Ponderirano	Ponderisano	
content	data/i18n.json	i18n:stranke.tehtano.sl	stranke.tehtano.sl	Tehtano	Ponderirano	Ponderisano	
content	data/i18n.json	i18n:stranke.tehtano.sr	stranke.tehtano.sr	Ponderisano	Ponderirano	Ponderisano	
content	data/i18n.json	i18n:stranke.verjetnost.hr	stranke.verjetnost.hr	Vjerojatnost (%)	Vjerojatnost (%)	Verovatnoća (%)	
content	data/i18n.json	i18n:stranke.verjetnost.sl	stranke.verjetnost.sl	Verjetnost (%)	Vjerojatnost (%)	Verovatnoća (%)	
content	data/i18n.json	i18n:stranke.verjetnost.sr	stranke.verjetnost.sr	Verovatnoća (%)	Vjerojatnost (%)	Verovatnoća (%)	
content	data/i18n.json	i18n:stranke.vrednost.hr	stranke.vrednost.hr	Vrijednost	Vrijednost	Vrednost	
content	data/i18n.json	i18n:stranke.vrednost.sl	stranke.vrednost.sl	Vrednost	Vrijednost	Vrednost	
content	data/i18n.json	i18n:stranke.zmaga.hr	stranke.zmaga.hr	Pobjeda	Pobjeda	Pobeda	
content	data/i18n.json	i18n:stranke.zmaga.sl	stranke.zmaga.sl	Zmaga	Pobjeda	Pobeda	
content	data/i18n.json	i18n:stranke.zmaga.sr	stranke.zmaga.sr	Pobeda	Pobjeda	Pobeda	
content	data/i18n.json	i18n:stranke.zmage.hr	stranke.zmage.hr	Pobjede	Pobjede	Pobede	
content	data/i18n.json	i18n:stranke.zmage.sl	stranke.zmage.sl	Zmage	Pobjede	Pobede	
content	data/i18n.json	i18n:stranke.zmage.sr	stranke.zmage.sr	Pobede	Pobjede	Pobede	
content	data/i18n.json	i18n:zakonodaja.kljucne_obveznosti.hr	zakonodaja.kljucne_obveznosti.hr	Ključne obveze	Ključne obveze	Ključne obaveze	
content	data/i18n.json	i18n:zakonodaja.kljucne_obveznosti.sl	zakonodaja.kljucne_obveznosti.sl	Ključne obveznosti	Ključne obveze	Ključne obaveze	
content	data/i18n.json	i18n:zakonodaja.kljucne_obveznosti.sr	zakonodaja.kljucne_obveznosti.sr	Ključne obaveze	Ključne obveze	Ključne obaveze	
content	data/i18n.json	i18n:zakonodaja.opozorilo.hr	zakonodaja.opozorilo.hr	Upozorenje:	Upozorenje:	Upozorenje:	
content	data/i18n.json	i18n:zakonodaja.opozorilo.sl	zakonodaja.opozorilo.sl	Opozorilo:	Upozorenje:	Upozorenje:	
content	data/i18n.json	i18n:zakonodaja.subtitle.hr	zakonodaja.subtitle.hr	Pregled EPR i okolišnog zakonodavstva po državama. Ovo je alat za prodaju, ne pravni izvor — prije korištenja u ponudi provjeri trenutno važeću verziju.	Pregled EPR i okolišnog zakonodavstva po državama. Ovo je alat za prodaju, ne pravni izvor — prije korištenja u ponudi provjeri trenutno važeću verziju.	Pregled EPR i ekološkog zakonodavstva po državama. Ovo je prodajni alat, ne pravni izvor — pre korišćenja u ponudi proveri trenutno važeću verziju.	
content	data/i18n.json	i18n:zakonodaja.subtitle.sl	zakonodaja.subtitle.sl	Pregled EPR in okoljske zakonodaje po državah. To je orodje za prodajalca, ne pravni vir — pred uporabo v ponudbi preveri trenutno veljavno verzijo.	Pregled EPR i okolišnog zakonodavstva po državama. Ovo je alat za prodaju, ne pravni izvor — prije korištenja u ponudi provjeri trenutno važeću verziju.	Pregled EPR i ekološkog zakonodavstva po državama. Ovo je prodajni alat, ne pravni izvor — pre korišćenja u ponudi proveri trenutno važeću verziju.	
content	data/i18n.json	i18n:zakonodaja.subtitle.sr	zakonodaja.subtitle.sr	Pregled EPR i ekološkog zakonodavstva po državama. Ovo je prodajni alat, ne pravni izvor — pre korišćenja u ponudi proveri trenutno važeću verziju.	Pregled EPR i okolišnog zakonodavstva po državama. Ovo je alat za prodaju, ne pravni izvor — prije korištenja u ponudi provjeri trenutno važeću verziju.	Pregled EPR i ekološkog zakonodavstva po državama. Ovo je prodajni alat, ne pravni izvor — pre korišćenja u ponudi proveri trenutno važeću verziju.	
content	data/i18n.json	i18n:zakonodaja.uradni_viri.hr	zakonodaja.uradni_viri.hr	Službeni izvori	Službeni izvori	Zvanični izvori	
content	data/i18n.json	i18n:zakonodaja.uradni_viri.sl	zakonodaja.uradni_viri.sl	Uradni viri	Službeni izvori	Zvanični izvori	
content	data/i18n.json	i18n:zakonodaja.uradni_viri.sr	zakonodaja.uradni_viri.sr	Zvanični izvori	Službeni izvori	Zvanični izvori	
content	data/i18n.json	i18n:zakonodaja.zadnja_revizija.sl	zakonodaja.zadnja_revizija.sl	Zadnja revizija:	Zadnja revizija:	Poslednja revizija:	
content	data/i18n.json	i18n:zakonodaja.zadnja_revizija.sr	zakonodaja.zadnja_revizija.sr	Poslednja revizija:	Zadnja revizija:	Poslednja revizija:	
content	data/koledar.json	koledar:_opis	_opis	Pomembni EPR in okoljski datumi v letu. Preveri vsako leto, ker se uradni roki občasno spremenijo.	Važni EPR i ekološki datumi u godini. Provjerite svake godine jer se službeni rokovi povremeno mijenjaju.	Važni EPR i ekološki datumi u godini. Proveravajte svake godine jer se zvanični rokovi s vremena na vreme menjaju.	
content	data/koledar.json	koledar:_opozorilo	_opozorilo	Datumi so okvirni. Pred uporabo pri stranki preveri aktualni rok na ARSO ali pristojnem organu.	Datumi su okvirni. Prije korištenja provjerite s kupcem aktualni rok kod ARSO-a ili nadležnog tijela.	Datumi su približni. Pre upotrebe proverite kod kupca aktuelni rok kod ARSO ili nadležnog organa.	
content	data/koledar.json	koledar:letni_cikel.0.dogodki.0.interzero_vloga	letni_cikel.0.dogodki.0.interzero_vloga	Stranke s skupno shemo prejmejo pripravljen osnutek, ki ga le še potrdijo. To je velika vrednost storitve.	Kupci sa zajedničkom shemom dobivaju pripremljeni nacrt koji trebaju samo potvrditi. Ovo je velika vrijednost usluge.	Kupci sa zajedničkom šemom dobijaju pripremljeni nacrt, koji samo treba da potvrde. Ovo je velika vrednost usluge.	
content	data/koledar.json	koledar:letni_cikel.0.dogodki.0.kaj	letni_cikel.0.dogodki.0.kaj	Zbiranje podatkov za letno poročilo za preteklo leto: količine embalaže/EE/baterij po materialih in kategorijah.	Prikupljanje podataka za godišnje izvješće za prethodnu godinu: količine ambalaže/EE/baterija po materijalima i kategorijama.	Prikupljanje podataka za godišnji izveštaj za prethodnu godinu: količine ambalaže/EE/baterija po materijalima i kategorijama.	
content	data/koledar.json	koledar:letni_cikel.0.dogodki.0.kdo	letni_cikel.0.dogodki.0.kdo	Vsi EPR zavezanci	Svi porezni obveznici EPR-a	Svi EPR poreski obveznici	
content	data/koledar.json	koledar:letni_cikel.0.dogodki.0.naslov	letni_cikel.0.dogodki.0.naslov	Priprava letnih poročil	Izrada godišnjih izvješća	Priprema godišnjih izveštaja	
content	data/koledar.json	koledar:letni_cikel.0.dogodki.0.rok	letni_cikel.0.dogodki.0.rok	Skozi cel mesec	Tijekom cijelog mjeseca	Tokom celog meseca	
content	data/koledar.json	koledar:letni_cikel.0.naziv	letni_cikel.0.naziv	Januar			
content	data/koledar.json	koledar:letni_cikel.1.dogodki.0.interzero_vloga	letni_cikel.1.dogodki.0.interzero_vloga	Pomembno: če je stranka 'nova', mora podatke poslati do konca februarja. Prepozno = stres marca.	Važno: Ako je kupac 'novi', podatke mora dostaviti do kraja veljače. Prekasno = stres u ožujku.	Važno: Ako je kupac 'nov', mora dostaviti informacije do kraja februara. Prekasno = stres u martu.	
content	data/koledar.json	koledar:letni_cikel.1.dogodki.0.kaj	letni_cikel.1.dogodki.0.kaj	Interzero ekipa do tega datuma pripravi vse osnutke poročil za stranke. Stranke imajo cel marec za pregled in potrditev.	Interzero tim do ovog datuma priprema sve nacrte izvješća za klijente. Kupci imaju cijeli ožujak za pregled i potvrdu.	Interzero tim priprema sve nacrte izveštaja za klijente do ovog datuma. Kupci imaju ceo mart da pregledaju i potvrde.	
content	data/koledar.json	koledar:letni_cikel.1.dogodki.0.kdo	letni_cikel.1.dogodki.0.kdo	Zavezanci			
content	data/koledar.json	koledar:letni_cikel.1.dogodki.0.naslov	letni_cikel.1.dogodki.0.naslov	Notranji rok za pripravo letnih poročil	Interni rok za izradu godišnjih izvješća	Interni rok za izradu godišnjih izveštaja	
content	data/koledar.json	koledar:letni_cikel.1.dogodki.0.rok	letni_cikel.1.dogodki.0.rok	Konec februarja	Kraj veljače	Kraj februara	
content	data/koledar.json	koledar:letni_cikel.1.naziv	letni_cikel.1.naziv	Februar			
content	data/koledar.json	koledar:letni_cikel.10.dogodki.0.interzero_vloga	letni_cikel.10.dogodki.0.interzero_vloga	Pospeš še aktivne priložnosti. Po decembru se odločanja zamaknejo.	Ubrzajte aktivnije mogućnosti. Nakon prosinca odluke se odgađaju.	Ubrzajte aktivnije mogućnosti. Posle decembra odluke se odlažu.	
content	data/koledar.json	koledar:letni_cikel.10.dogodki.0.kaj	letni_cikel.10.dogodki.0.kaj	Stranke želijo pogodbe sklenjene do 1. januarja, da se prične z novim letom. November je rok za podpis.	Za početak nove godine klijenti žele ugovore sklopljene do 1. siječnja. Studeni je rok za potpisivanje.	Klijenti žele da ugovori zaključeni do 1. januara započnu novu godinu. Novembar je rok za potpisivanje.	
content	data/koledar.json	koledar:letni_cikel.10.dogodki.0.naslov	letni_cikel.10.dogodki.0.naslov	Sklenitev novih pogodb	Sklapanje novih ugovora	Zaključivanje novih ugovora	
content	data/koledar.json	koledar:letni_cikel.10.dogodki.0.rok	letni_cikel.10.dogodki.0.rok	Pred koncem leta	Prije kraja godine	Pred kraj godine	
content	data/koledar.json	koledar:letni_cikel.10.naziv	letni_cikel.10.naziv	November			
content	data/koledar.json	koledar:letni_cikel.11.dogodki.0.interzero_vloga	letni_cikel.11.dogodki.0.interzero_vloga	Pošlji strankam obvestilo o pristopu k zbiranju podatkov za letno poročilo.	Poslati obavijest kupcima o pristupu prikupljanja podataka za godišnje izvješće.	Poslati obaveštenje kupcima o pristupu prikupljanju podataka za godišnji izveštaj.	
content	data/koledar.json	koledar:letni_cikel.11.dogodki.0.kaj	letni_cikel.11.dogodki.0.kaj	Pregled leta, priprava sistemov in komunikacije strankam za januarsko zbiranje podatkov.	Pregled godine, priprema sustava i komunikacija s klijentima za siječanjsko prikupljanje podataka.	Pregled godine, priprema sistema i komunikacija sa klijentima za januarsko prikupljanje podataka.	
content	data/koledar.json	koledar:letni_cikel.11.dogodki.0.naslov	letni_cikel.11.dogodki.0.naslov	Letni pregled in priprava na januar	Godišnji pregled i priprema za siječanj	Godišnji pregled i priprema za januar	
content	data/koledar.json	koledar:letni_cikel.11.naziv	letni_cikel.11.naziv	December			
content	data/koledar.json	koledar:letni_cikel.2.dogodki.0.interzero_vloga	letni_cikel.2.dogodki.0.interzero_vloga	Glavna obveznost leta. Zamudniki kaznovani. To je največja prodajna sezona — stranke, ki so v zamudi, iščejo partnerja.	Glavna obveza godine. Zakašnjeli se kažnjavaju. Ovo je vrhunac prodajne sezone — kupci koji kasne traže partnera.	Glavna obaveza godine. Zakasnili su kažnjeni. Ovo je vrhunac sezone prodaje — kupci koji kasne traže partnera.	
content	data/koledar.json	koledar:letni_cikel.2.dogodki.0.kaj	letni_cikel.2.dogodki.0.kaj	Oddaja letnih poročil v sistem ARSO za preteklo koledarsko leto. Velja za vse, ki so dali izdelke ali embalažo na trg.	Dostava godišnjih izvješća u sustav ARSO za prethodnu kalendarsku godinu. Odnosi se na svakoga tko je stavio proizvode ili ambalažu na tržište.	Dostavljanje godišnjih izveštaja sistemu ARSO za prethodnu kalendarsku godinu. Odnosi se na sve koji su plasirali proizvode ili ambalažu na tržište.	
content	data/koledar.json	koledar:letni_cikel.2.dogodki.0.kdo	letni_cikel.2.dogodki.0.kdo	Vsi EPR zavezanci (embalaža, EE-oprema, baterije, drugi tokovi)	Svi porezni obveznici EPR (ambalaža, EE oprema, baterije, ostali tokovi)	Svi EPR poreski obveznici (pakovanje, EE oprema, baterije, drugi tokovi)	
content	data/koledar.json	koledar:letni_cikel.2.dogodki.0.kritisticnost	letni_cikel.2.dogodki.0.kritisticnost	visoka			
content	data/koledar.json	koledar:letni_cikel.2.dogodki.0.naslov	letni_cikel.2.dogodki.0.naslov	ROK: Letna poročila ARSO	ROK: Godišnja izvješća ARSO-a	ROK: Godišnji izveštaji ARSO	
content	data/koledar.json	koledar:letni_cikel.2.dogodki.0.rok	letni_cikel.2.dogodki.0.rok	31. marec	31. ožujka	31. marta	
content	data/koledar.json	koledar:letni_cikel.2.naziv	letni_cikel.2.naziv	Marec			
content	data/koledar.json	koledar:letni_cikel.3.dogodki.0.interzero_vloga	letni_cikel.3.dogodki.0.interzero_vloga	Priložnost za pogovor o letnih trendih in optimizaciji.	Prilika za razgovor o godišnjim trendovima i optimizaciji.	Prilika za razgovor o godišnjim trendovima i optimizaciji.	
content	data/koledar.json	koledar:letni_cikel.3.dogodki.0.kaj	letni_cikel.3.dogodki.0.kaj	Skupne sheme običajno obračunajo prispevke za Q1 (januar-marec).	Zajednički programi obično obračunavaju doprinose za 1. tromjesečje (siječanj-ožujak).	Zajedničke šeme obično obuhvataju doprinose za K1 (januar-mart).	
content	data/koledar.json	koledar:letni_cikel.3.dogodki.0.kdo	letni_cikel.3.dogodki.0.kdo	Zavezanci v skupni shemi	Obveznici u zajedničkoj shemi	Obaveznici u zajedničkoj šemi	
content	data/koledar.json	koledar:letni_cikel.3.dogodki.0.naslov	letni_cikel.3.dogodki.0.naslov	Prvi kvartalni obračun	Prvo tromjesečno izvješće	Prvo tromesečno saopštenje	
content	data/koledar.json	koledar:letni_cikel.3.dogodki.0.rok	letni_cikel.3.dogodki.0.rok	Konec aprila	Kraj travnja	Kraj aprila	
content	data/koledar.json	koledar:letni_cikel.3.naziv	letni_cikel.3.naziv	April			
content	data/koledar.json	koledar:letni_cikel.4.dogodki.0.interzero_vloga	letni_cikel.4.dogodki.0.interzero_vloga	Iskanje priložnosti za nadgradnjo paketa, dodatne storitve.	Traže se mogućnosti nadogradnje paketa, dodatnih usluga.	Tražite mogućnosti za nadogradnju paketa, dodatne usluge.	
content	data/koledar.json	koledar:letni_cikel.4.dogodki.0.kaj	letni_cikel.4.dogodki.0.kaj	Pregled poslovanja po pomladi: kako se gibljejo količine, ali so spremembe v izdelkih, kaj načrtujejo do konca leta.	Pregled poslovanja nakon proljeća: kako se kreću količine, ima li promjena u proizvodima, što planiraju do kraja godine.	Pregled poslovanja posle proleća: kako se kreću obim, ima li promena u proizvodima, šta planiraju za kraj godine.	
content	data/koledar.json	koledar:letni_cikel.4.dogodki.0.kdo	letni_cikel.4.dogodki.0.kdo	Account managerji	Voditelji računa	Menadžeri naloga	
content	data/koledar.json	koledar:letni_cikel.4.dogodki.0.naslov	letni_cikel.4.dogodki.0.naslov	Letni pregledi pri strankah	Godišnji pregledi kupaca	Godišnje recenzije kupaca	
content	data/koledar.json	koledar:letni_cikel.4.dogodki.0.rok	letni_cikel.4.dogodki.0.rok	Sproti			
content	data/koledar.json	koledar:letni_cikel.4.naziv	letni_cikel.4.naziv	Maj			
content	data/koledar.json	koledar:letni_cikel.5.dogodki.0.interzero_vloga	letni_cikel.5.dogodki.0.interzero_vloga	Komuniciraj strankam kvartalna obvestila o spremembah, ki jih čakajo.	Komunicirajte tromjesečne obavijesti korisnicima o promjenama na čekanju.	Saopštavajte klijentima kvartalna obaveštenja o promenama na čekanju.	
content	data/koledar.json	koledar:letni_cikel.5.dogodki.0.kaj	letni_cikel.5.dogodki.0.kaj	Veliko zakonodajnih sprememb v EU velja od 1. januarja naslednjega leta. Junij je čas, da se preveri, kaj se bo spremenilo.	Mnoge zakonodavne promjene u EU primjenjuju se od 1. siječnja sljedeće godine. Lipanj je vrijeme da provjerite što će se promijeniti.	Mnoge zakonodavne promene u EU primenjuju se od 1. januara sledeće godine. Jun je vreme da proverite šta će se promeniti.	
content	data/koledar.json	koledar:letni_cikel.5.dogodki.0.kdo	letni_cikel.5.dogodki.0.kdo	Vsi zavezanci	Svi porezni obveznici	Svi poreski obveznici	
content	data/koledar.json	koledar:letni_cikel.5.dogodki.0.naslov	letni_cikel.5.dogodki.0.naslov	Priprava na zakonodajne spremembe	Pripreme za zakonske promjene	Priprema za zakonske promene	
content	data/koledar.json	koledar:letni_cikel.5.dogodki.0.rok	letni_cikel.5.dogodki.0.rok	Pred poletjem	Prije ljeta	Pre leta	
content	data/koledar.json	koledar:letni_cikel.5.naziv	letni_cikel.5.naziv	Junij			
content	data/koledar.json	koledar:letni_cikel.6.dogodki.0.interzero_vloga	letni_cikel.6.dogodki.0.interzero_vloga	Pogovor o gibanju količin — če so višje od napovedi, je čas za prilagoditev.	Razgovarajte o kretanjima volumena - ako su veća od prognoze, vrijeme je za prilagodbu.	Razgovarajte o pokretima jačine zvuka — ako su veći od predviđenog, vreme je da se prilagodite.	
content	data/koledar.json	koledar:letni_cikel.6.dogodki.0.kaj	letni_cikel.6.dogodki.0.kaj	Polletni obračun prispevkov in pregled količin.	Polugodišnji obračun doprinosa i pregled količina.	Polugodišnji obračun doprinosa i pregled količina.	
content	data/koledar.json	koledar:letni_cikel.6.dogodki.0.naslov	letni_cikel.6.dogodki.0.naslov	Polletni obračun za skupne sheme	Polugodišnja izjava za zajedničke programe	Polugodišnji izveštaj za zajedničke šeme	
content	data/koledar.json	koledar:letni_cikel.6.dogodki.0.rok	letni_cikel.6.dogodki.0.rok	Polletni pregled	Polugodišnji pregled	Polugodišnji pregled	
content	data/koledar.json	koledar:letni_cikel.6.naziv	letni_cikel.6.naziv	Julij			
content	data/koledar.json	koledar:letni_cikel.7.dogodki.0.interzero_vloga	letni_cikel.7.dogodki.0.interzero_vloga	Investiraj v pripravo. Septembra se vse zažene.	Investirajte u pripremu. Sve počinje u rujnu.	Investirajte u pripremu. Sve počinje u septembru.	
content	data/koledar.json	koledar:letni_cikel.7.dogodki.0.kaj	letni_cikel.7.dogodki.0.kaj	Manj sestankov, čas za pripravo materialov, izboljšave procesov, kalkulacij za jesen.	Manje sastanaka, vremena za pripremu materijala, poboljšanja procesa, kalkulacije za jesen.	Manje sastanaka, vreme za pripremu materijala, poboljšanja procesa, proračuni za jesen.	
content	data/koledar.json	koledar:letni_cikel.7.dogodki.0.kdo	letni_cikel.7.dogodki.0.kdo	Komercialisti			
content	data/koledar.json	koledar:letni_cikel.7.dogodki.0.naslov	letni_cikel.7.dogodki.0.naslov	Tihi mesec — priložnost za pripravo	Tihi mjesec — prilika za pripremu	Tihi mesec — prilika za pripremu	
content	data/koledar.json	koledar:letni_cikel.7.naziv	letni_cikel.7.naziv	Avgust			
content	data/koledar.json	koledar:letni_cikel.8.dogodki.0.interzero_vloga	letni_cikel.8.dogodki.0.interzero_vloga	Intenzivna prospektacija. Stranke odprejo proračun za naslednje leto.	Intenzivna prospekcija. Kupci otvaraju proračun za iduću godinu.	Intenzivna prospekcija. Kupci otvaraju budžet za narednu godinu.	
content	data/koledar.json	koledar:letni_cikel.8.dogodki.0.kaj	letni_cikel.8.dogodki.0.kaj	Najboljši čas za nove pogovore — podjetja se po poletju vrnejo, načrtujejo proračune za prihodnje leto.	Najbolje vrijeme za nove razgovore — tvrtke se vraćaju nakon ljeta i planiraju proračune za sljedeću godinu.	Najbolje vreme za nove razgovore — kompanije se vraćaju posle leta i planiraju budžete za sledeću godinu.	
content	data/koledar.json	koledar:letni_cikel.8.dogodki.0.naslov	letni_cikel.8.dogodki.0.naslov	Začetek jesenske prodajne sezone	Početak jesenske sezone sniženja	Početak jesenje prodajne sezone	
content	data/koledar.json	koledar:letni_cikel.8.dogodki.0.rok	letni_cikel.8.dogodki.0.rok	Skozi mesec	Kroz mjesec dana	Kroz mesec	
content	data/koledar.json	koledar:letni_cikel.8.naziv	letni_cikel.8.naziv	September			
content	data/koledar.json	koledar:letni_cikel.9.dogodki.0.interzero_vloga	letni_cikel.9.dogodki.0.interzero_vloga	Priložnost za svetovalni paket. Stranke pod pritiskom kupcev so motivirane.	Mogućnost konzultantskog paketa. Kupci pod pritiskom kupaca su motivirani.	Mogućnost konsultativnog paketa. Kupci pod pritiskom kupaca su motivisani.	
content	data/koledar.json	koledar:letni_cikel.9.dogodki.0.kaj	letni_cikel.9.dogodki.0.kaj	Veliki B2B kupci običajno pošljejo SAQ in EcoVadis vprašalnike v Q4. Stranke pridejo z 'kako odgovorim?'.	Veliki B2B kupci obično šalju SAQ i EcoVadis upitnike u četvrtom tromjesečju. Mušterije dolaze s pitanjem "kako da odgovorim?".	Veliki B2B kupci obično šalju SAK i EcoVadis upitnike u K4. Kupci dolaze sa 'kako da odgovorim?'.	
content	data/koledar.json	koledar:letni_cikel.9.dogodki.0.naslov	letni_cikel.9.dogodki.0.naslov	Priprava na ESG vprašanja	Priprema za ESG pitanja	Priprema za ESG pitanja	
content	data/koledar.json	koledar:letni_cikel.9.dogodki.0.rok	letni_cikel.9.dogodki.0.rok	Pred ESG sezono	Prije ESG sezone	Pre ESG sezone	
content	data/koledar.json	koledar:letni_cikel.9.dogodki.1.interzero_vloga	letni_cikel.9.dogodki.1.interzero_vloga	Priložnost za prodajo dodatnih storitev pred koncem leta.	Mogućnost prodaje dodatnih usluga prije kraja godine.	Mogućnost prodaje dodatnih usluga do kraja godine.	
content	data/koledar.json	koledar:letni_cikel.9.dogodki.1.kaj	letni_cikel.9.dogodki.1.kaj	Kvartalni obračun in projekcija celotnega leta.	Kvartalni obračun i projekcija cijele godine.	Kvartalno računovodstvo i projekcija cele godine.	
content	data/koledar.json	koledar:letni_cikel.9.dogodki.1.naslov	letni_cikel.9.dogodki.1.naslov	Q3 obračun in pregled	Naplata i pregled u 3. kvartalu	K3 obračun i pregled	
content	data/koledar.json	koledar:letni_cikel.9.dogodki.1.rok	letni_cikel.9.dogodki.1.rok	Tretji kvartalni obračun	Treće tromjesečno izvješće	Treći kvartalni izveštaj	
content	data/koledar.json	koledar:letni_cikel.9.naziv	letni_cikel.9.naziv	Oktober			
content	data/koledar.json	koledar:vecletni_horizont.0.datum	vecletni_horizont.0.datum	Postopno 2026-2030			
content	data/koledar.json	koledar:vecletni_horizont.0.kaj	vecletni_horizont.0.kaj	Postopno uveljavljanje EU uredbe 2025/40 o embalaži in odpadni embalaži. Zahteve: zmanjšanje embalaže, recyclability, vsebnost recyclata, ponovna uporaba.	Postupna primjena EU Uredbe 2025/40 o ambalaži i ambalažnom otpadu. Zahtjevi: smanjenje pakiranja, mogućnost recikliranja, sadržaj recikliranih materijala, ponovna uporaba.	Postepeno sprovođenje uredbe EU 2025/40 o ambalaži i ambalažnom otpadu. Zahtevi: smanjenje pakovanja, mogućnost reciklaže, sadržaj reciklaže, ponovna upotreba.	
content	data/koledar.json	koledar:vecletni_horizont.0.naslov	vecletni_horizont.0.naslov	PPWR — Uredba o embalaži	PPWR — Uredba o pakiranju	PPVR — Uredba o pakovanju	
content	data/koledar.json	koledar:vecletni_horizont.0.vpliv_na_stranke	vecletni_horizont.0.vpliv_na_stranke	Vse, ki dajejo embalirane izdelke na trg, bodo morale prilagoditi embalažo, dobavne verige in dokumentacijo.	Svatko tko plasira zapakirane proizvode na tržište morat će prilagoditi pakiranje, opskrbne lance i dokumentaciju.	Svako ko donosi upakovane proizvode na tržište moraće da prilagodi pakovanje, lance snabdevanja i dokumentaciju.	
content	data/koledar.json	koledar:vecletni_horizont.1.datum	vecletni_horizont.1.datum	Postopno 2025-2028			
content	data/koledar.json	koledar:vecletni_horizont.1.kaj	vecletni_horizont.1.kaj	Postopno se uvajajo zahteve za poročanje o trajnosti. Najprej velika javna podjetja, potem srednja.	Zahtjevi za izvješćivanje o održivosti uvode se postupno. Najprije velika javna poduzeća, zatim srednja poduzeća.	Zahtevi za izveštavanje o održivosti se postepeno uvode. Prvo, velika javna preduzeća, a zatim srednja.	
content	data/koledar.json	koledar:vecletni_horizont.1.naslov	vecletni_horizont.1.naslov	CSRD — Trajnostno poročanje	CSRD — Izvješćivanje o održivosti	CSRD — Izveštavanje o održivosti	
content	data/koledar.json	koledar:vecletni_horizont.1.vpliv_na_stranke	vecletni_horizont.1.vpliv_na_stranke	Tudi manjši dobavitelji bodo posredno prizadeti, ker bodo kupci zahtevali podatke.	Manji dobavljači također će biti neizravno pogođeni jer će kupci zahtijevati podatke.	Manji dobavljači će takođe biti indirektno pogođeni jer će kupci zahtevati podatke.	
content	data/koledar.json	koledar:vecletni_horizont.2.kaj	vecletni_horizont.2.kaj	Nove zahteve za proizvajalce baterij: digital passport, due diligence, vsebnost recikliranih materialov.	Novi zahtjevi za proizvođače baterija: digitalna putovnica, due diligence, sadržaj recikliranih materijala.	Novi zahtevi za proizvođače baterija: digitalni pasoš, due diligence, sadržaj recikliranih materijala.	
content	data/koledar.json	koledar:vecletni_horizont.2.naslov	vecletni_horizont.2.naslov	EU Uredba o baterijah (2023/1542)	EU Uredba o baterijama (2023/1542)	Uredba EU o baterijama (2023/1542)	
content	data/koledar.json	koledar:vecletni_horizont.2.vpliv_na_stranke	vecletni_horizont.2.vpliv_na_stranke	Proizvajalci/uvozniki baterij ali izdelkov z baterijami morajo prilagoditi procese.	Proizvođači/uvoznici baterija ili proizvoda s baterijama moraju prilagoditi procese.	Proizvođači/uvoznici baterija ili proizvoda sa baterijama moraju prilagoditi procese.	
content	data/koledar.json	koledar:vecletni_horizont.3.datum	vecletni_horizont.3.datum	Pričakovano 2026-2030			
content	data/koledar.json	koledar:vecletni_horizont.3.kaj	vecletni_horizont.3.kaj	Po baterijah se DPP razširja na tekstilo, gradbene materiale, elektroniko.	Nakon baterija, DPP se širi na tekstil, građevinske materijale, elektroniku.	Nakon baterija, DPP se širi na tekstil, građevinske materijale, elektroniku.	
content	data/koledar.json	koledar:vecletni_horizont.3.naslov	vecletni_horizont.3.naslov	Digital Product Passport razširitev	Proširenje putovnice digitalnog proizvoda	Proširenje digitalnog pasoša proizvoda	
content	data/koledar.json	koledar:vecletni_horizont.3.vpliv_na_stranke	vecletni_horizont.3.vpliv_na_stranke	Nove zahteve za sledljivost in podatke v dobavnih verigah.	Novi zahtjevi za sljedivost i podatke u opskrbnim lancima.	Novi zahtevi za sledljivost i podatke u lancima snabdevanja.	
content	data/konkurenca.json	konkurenca:_dopolnjevanje	_dopolnjevanje	Tabelo dopolni z dejanskimi konkurenti, ki jih srečaš. Zapiši: njihovo glavno prednost, kako stranka utemelji izbor zanje, kako se ti odzoveš. Po dveh do treh ponovitvah se naučiš vzorca.	Dopunite tablicu stvarnim konkurentima koje susrećete. Zapišite: njihovu glavnu prednost, kako kupac opravdava odabir za njih, kako vi reagirate. Nakon dva do tri ponavljanja naučite obrazac.	Dopunite tabelu stvarnim konkurentima koje sretnete. Zapišite: njihovu glavnu prednost, kako kupac opravdava izbor za njih, kako reagujete. Nakon dva do tri ponavljanja, naučite obrazac.	
content	data/konkurenca.json	konkurenca:_kako_pridobiti_intel.0	_kako_pridobiti_intel.0	Vprašaj nove stranke, ki so prišle h Interzero: zakaj so zamenjale?	Pitajte nove kupce koji su došli u Interzero: zašto su se prebacili?	Pitajte nove kupce koji su došli u Interzero: zašto su se prebacili?	
content	data/konkurenca.json	konkurenca:_kako_pridobiti_intel.1	_kako_pridobiti_intel.1	Spremljaj javne objave: spletne strani, LinkedIn, sejmi.	Pratite javne objave: web stranice, LinkedIn, sajmovi.	Pratite javne objave: veb stranice, LinkedIn, sajmovi.	
content	data/konkurenca.json	konkurenca:_kako_pridobiti_intel.2	_kako_pridobiti_intel.2	Z lastno ekipo redno deli, kaj sliši na sestankih (mesečni sales meeting).	S vlastitim timom redovito dijeli ono što čuje na sastancima (mjesečni prodajni sastanak).	On redovno sa svojim timom deli ono što čuje na sastancima (mesečni sastanak prodaje).	
content	data/konkurenca.json	konkurenca:_kako_pridobiti_intel.3	_kako_pridobiti_intel.3	Pravno: ne uporabljaj informacij, ki si jih dobil pod NDA ali zaupno.	Pravno: Nemojte koristiti podatke dobivene prema NDA ili povjerljivo.	Pravno: Ne koristite informacije dobijene na osnovu NDA ili poverljive.	
content	data/konkurenca.json	konkurenca:_opis	_opis	Battlecards po konkurentu. POMEMBNO: te kartice so PRAGMATIČNI OKVIR. Pred uporabo pri stranki preveri konkretne podatke — cene, obseg, certifikati se spreminjajo. Ne uporabljaj kot 'napad' na konkurenta, ampak kot okvir za predstavitev naše razlike.	Bojne karte po natjecatelju. VAŽNO: Ove kartice su PRAGMATIČNI OKVIR. Prije uporabe provjerite određene informacije s kupcem — cijene, opseg, certifikati podložni su promjenama. Ne koristiti kao 'napad' na konkurenta, već kao okvir za predstavljanje naše različitosti.	Bojne karte takmičara. VAŽNO: Ove karte su PRAGMATIČKI OKVIR. Pre upotrebe, proverite specifične informacije kod kupca — cene, obim, sertifikati su podložni promenama. Ne koristite kao 'napad' na konkurenta, već kao okvir za predstavljanje naše razlike.	
content	data/konkurenca.json	konkurenca:_pravila.0	_pravila.0	NIKOLI ne kritiziraj konkurenta direktno. Reci 'razlika je v...', ne 'oni nimajo...'.	NIKADA izravno ne kritizirajte konkurenta. Recite 'razlika je...', a ne 'nemaju...'.	NIKADA ne kritikujte konkurenta direktno. Recite 'razlika je...', a ne 'oni nemaju...'.	
content	data/konkurenca.json	konkurenca:_pravila.1	_pravila.1	Drži se preverljivih dejstev. Če nisi prepričan, vprašaj stranko.	Držite se provjerljivih činjenica. Ako niste sigurni, pitajte kupca.	Držite se proverljivih činjenica. Ako niste sigurni, pitajte kupca.	
content	data/konkurenca.json	konkurenca:_pravila.2	_pravila.2	Stranka pogosto ne ve, kdo so njihovi trenutni partnerji. Najprej vprašaj.	Klijent često ne zna tko su mu trenutni partneri. Prvo pitaj.	Klijent često ne zna ko su mu trenutni partneri. Prvo pitaj.	
content	data/konkurenca.json	konkurenca:_pravila.3	_pravila.3	Konkurent ni napadalec — je referenca. Če stranka že sodeluje z njim, ima razlog. Spoštuj ga.	Konkurent nije napadač - on je referenca. Ako kupac već surađuje s njim, ima razloga. Poštujte ga.	Konkurent nije napadač – to je referenca. Ako mušterija već sarađuje sa njim, ima razloga. Poštuj ga.	
content	data/konkurenca.json	konkurenca:konkurenti.0.id	konkurenti.0.id	slopak			
content	data/konkurenca.json	konkurenca:konkurenti.0.kako_odgovoriti	konkurenti.0.kako_odgovoriti	Spoštujemo dolgoletno sodelovanje. Naš pristop ni 'zamenjajte vse'. Predlagamo, da pogledava, kje so morda vrzeli — npr. EE-oprema, mednarodni trgi, ESG poročanje, svetovanje. Tam, kjer Slopak ni dejaven, smo komplementarni.	Poštujemo dugogodišnju suradnju. Naš pristup nije 'zamijeniti sve'. Predlažemo da pogledate gdje bi mogle biti praznine — npr. EE oprema, međunarodna tržišta, ESG izvješćivanje, savjetovanje. Gdje Slopak nije aktivan, mi smo komplementarni.	Poštujemo dugogodišnju saradnju. Naš pristup nije 'zameniti sve'. Predlažemo da pogledate gde bi mogle biti praznine — npr. EE oprema, međunarodna tržišta, ESG izveštavanje, konsalting. Tamo gde Slopak nije aktivan, mi smo komplementarni.	
content	data/konkurenca.json	konkurenca:konkurenti.0.kdaj_zgubimo.0	konkurenti.0.kdaj_zgubimo.0	Stranka samo z embalažo, lokalno, dolgoletna pogodba.	Pakiranje samo za kupca, lokalno, dugoročni ugovor.	Pakovanje samo za kupca, lokalni, dugoročni ugovor.	
content	data/konkurenca.json	konkurenca:konkurenti.0.kdaj_zgubimo.1	konkurenti.0.kdaj_zgubimo.1	Cena je edini kriterij in stranka ne ceni dodatne vrednosti.	Cijena je jedini kriterij i kupac ne cijeni dodatnu vrijednost.	Cena je jedini kriterijum i kupac ne ceni dodatnu vrednost.	
content	data/konkurenca.json	konkurenca:konkurenti.0.kdaj_zmagamo.0	konkurenti.0.kdaj_zmagamo.0	Stranka prodaja v več EU državah.	Kupac prodaje u nekoliko zemalja EU.	Kupac prodaje u nekoliko zemalja EU.	
content	data/konkurenca.json	konkurenca:konkurenti.0.kdaj_zmagamo.1	konkurenti.0.kdaj_zmagamo.1	Stranka ima EE-opremo ali baterije.	Kupac ima EE-opremu ili baterije.	Kupac ima EE-opremu ili baterije.	
content	data/konkurenca.json	konkurenca:konkurenti.0.kdaj_zmagamo.2	konkurenti.0.kdaj_zmagamo.2	Stranka potrebuje svetovanje, ne samo shemo.	Klijent treba savjet, a ne samo shemu.	Klijentu je potreban savet, a ne samo šema.	
content	data/konkurenca.json	konkurenca:konkurenti.0.kdaj_zmagamo.3	konkurenti.0.kdaj_zmagamo.3	Stranka ima zahteve velikih B2B kupcev (ESG, recyclability).	Klijent ima zahtjeve velikih B2B kupaca (ESG, mogućnost recikliranja).	Klijent ima zahteve velikih B2B kupaca (ESG, mogućnost reciklaže).	
content	data/konkurenca.json	konkurenca:konkurenti.0.nase_razlike.0	konkurenti.0.nase_razlike.0	Mednarodna mreža — Interzero deluje v desetih evropskih državah, kar je ključno za podjetja s prodajo v več državah.	Međunarodna mreža — Interzero posluje u deset europskih zemalja, što je ključno za tvrtke s prodajom u nekoliko zemalja.	Međunarodna mreža — Interzero posluje u deset evropskih zemalja, što je ključno za kompanije sa prodajom u nekoliko zemalja.	
content	data/konkurenca.json	konkurenca:konkurenti.0.nase_razlike.1	konkurenti.0.nase_razlike.1	Pokrivamo več tokov: poleg embalaže tudi EE-oprema, baterije, svetovanje, ESG, ravnanje z odpadki.	Pokrivamo nekoliko tokova: uz ambalažu, EE opremu, baterije, savjetovanje, ESG, gospodarenje otpadom.	Pokrivamo nekoliko tokova: pored ambalaže, EE opreme, baterija, konsalting, ESG, upravljanje otpadom.	
content	data/konkurenca.json	konkurenca:konkurenti.0.nase_razlike.2	konkurenti.0.nase_razlike.2	Strokovni dialog ne samo kot operater sheme, ampak kot svetovalec za EPR strategijo.	Stručni dijalog ne samo kao operater sheme, već i kao konzultant za EPR strategiju.	Stručni dijalog ne samo kao operater šeme, već i kao konsultant za EPR strategiju.	
content	data/konkurenca.json	konkurenca:konkurenti.0.nase_razlike.3	konkurenti.0.nase_razlike.3	Modulardna ponudba — stranka lahko vzame samo to, kar potrebuje.	Modularna ponuda — kupac može uzeti samo ono što mu treba.	Modularna ponuda — kupac može uzeti samo ono što mu je potrebno.	
content	data/konkurenca.json	konkurenca:konkurenti.0.naziv	konkurenti.0.naziv	Slopak			
content	data/konkurenca.json	konkurenca:konkurenti.0.njihove_prednosti.0	konkurenti.0.njihove_prednosti.0	Eden najstarejših in največjih operaterjev na trgu (od 2003).	Jedan od najstarijih i najvećih operatera na tržištu (od 2003. godine).	Jedan od najstarijih i najvećih operatera na tržištu (od 2003).	
content	data/konkurenca.json	konkurenca:konkurenti.0.njihove_prednosti.1	konkurenti.0.njihove_prednosti.1	Dolgoletne pogodbene relacije s številnimi velikimi proizvajalci.	Dugoročni ugovorni odnosi s mnogim velikim proizvođačima.	Dugoročni ugovorni odnosi sa mnogim velikim proizvođačima.	
content	data/konkurenca.json	konkurenca:konkurenti.0.njihove_prednosti.2	konkurenti.0.njihove_prednosti.2	Stabilna mreža za prevzem in obdelavo embalaže.	Stabilna mreža za prijem i obradu ambalaže.	Stabilna mreža za prijem i obradu ambalaže.	
content	data/konkurenca.json	konkurenca:konkurenti.0.njihove_prednosti.3	konkurenti.0.njihove_prednosti.3	Široko prepoznavna blagovna znamka.	Općepriznat brand.	Široko priznat brend.	
content	data/konkurenca.json	konkurenca:konkurenti.0.tip	konkurenti.0.tip	Skupna EPR shema (embalaža)	Uobičajena EPR shema (pakiranje)	Uobičajena EPR šema (pakovanje)	
content	data/konkurenca.json	konkurenca:konkurenti.0.tipicni_argumenti_stranke_za_njih.0	konkurenti.0.tipicni_argumenti_stranke_za_njih.0	Smo z njimi že 15 let, vse deluje.	S njima smo 15 godina, sve radi.	Sa njima smo 15 godina, sve funkcioniše.	
content	data/konkurenca.json	konkurenca:konkurenti.0.tipicni_argumenti_stranke_za_njih.1	konkurenti.0.tipicni_argumenti_stranke_za_njih.1	Njihov sistem poznamo, ne želimo menjati.	Znamo njihov sustav, ne želimo ga mijenjati.	Znamo njihov sistem, ne želimo da ga menjamo.	
content	data/konkurenca.json	konkurenca:konkurenti.0.trg	konkurenti.0.trg	Slovenija			
content	data/konkurenca.json	konkurenca:konkurenti.1.id	konkurenti.1.id	interseroh-zeos			
content	data/konkurenca.json	konkurenca:konkurenti.1.kako_odgovoriti	konkurenti.1.kako_odgovoriti	Specializacija ima vrednost. Vendar imajo večja podjetja običajno več tokov: ko se odpre vprašanje embalaže ali ESG, ima en partner več smisla. Pogosto delamo skupaj z lokalnimi specializiranimi operaterji, kjer je to v interesu stranke.	Specijalizacija ima vrijednost. Međutim, veće tvrtke obično imaju više tokova: kada se pojavi pitanje pakiranja ili ESG-a, jedan partner ima više smisla. Često surađujemo s lokalnim specijaliziranim operaterima tamo gdje je to u interesu klijenta.	Specijalizacija ima vrednost. Međutim, veće kompanije imaju tendenciju da imaju više tokova: kada se pojavi pitanje pakovanja ili ESG-a, jedan partner ima više smisla. Često radimo zajedno sa lokalnim specijalizovanim operaterima gde je to u interesu klijenta.	
content	data/konkurenca.json	konkurenca:konkurenti.1.nase_razlike.0	konkurenti.1.nase_razlike.0	Pokrivamo VSE EPR tokove na enem mestu — embalaža + EE + baterije + svetovanje.	Pokrivamo SVE EPR tokove na jednom mjestu — pakiranje + EE + baterije + savjetovanje.	Pokrivamo SVE EPR tokove na jednom mestu — pakovanje + EE + baterije + konsalting.	
content	data/konkurenca.json	konkurenca:konkurenti.1.nase_razlike.1	konkurenti.1.nase_razlike.1	Stranke ne potrebujejo več operaterjev za različne tokove.	Korisnici više ne trebaju operatere za različite streamove.	Kupcima više nisu potrebni operateri za različite tokove.	
content	data/konkurenca.json	konkurenca:konkurenti.1.nase_razlike.2	konkurenti.1.nase_razlike.2	Mednarodna mreža za podjetja, ki prodajajo izven SI.	Međunarodna mreža za tvrtke koje prodaju izvan SI.	Međunarodna mreža za kompanije koje prodaju van SI.	
content	data/konkurenca.json	konkurenca:konkurenti.1.naziv	konkurenti.1.naziv	ZEOS (in podobni operaterji EE-opreme)	ZEOS (i slični EE operateri)	ZEOS (i slični EE operateri)	
content	data/konkurenca.json	konkurenca:konkurenti.1.njihove_prednosti.0	konkurenti.1.njihove_prednosti.0	Specializirani za EE-opremo in baterije.	Specijaliziran za EE-opremu i baterije.	Specijalizovana za EE-opremu i baterije.	
content	data/konkurenca.json	konkurenca:konkurenti.1.njihove_prednosti.1	konkurenti.1.njihove_prednosti.1	Močna prepoznavnost v segmentu EE-opreme.	Snažna vidljivost u segmentu EE opreme.	Jaka vidljivost u segmentu EE opreme.	
content	data/konkurenca.json	konkurenca:konkurenti.1.njihove_prednosti.2	konkurenti.1.njihove_prednosti.2	Razvita zbiralna mreža za EE-opremo.	Razvijena mreža prikupljanja EE-opreme.	Razvijena mreža sakupljanja EE-opreme.	
content	data/konkurenca.json	konkurenca:konkurenti.1.tip	konkurenti.1.tip	Skupna EPR shema (EE-oprema, baterije)	Uobičajena EPR shema (EE oprema, baterije)	Uobičajena EPR šema (EE oprema, baterije)	
content	data/konkurenca.json	konkurenca:konkurenti.1.tipicni_argumenti_stranke_za_njih.0	konkurenti.1.tipicni_argumenti_stranke_za_njih.0	Imamo samo EE-opremo, oni so specializirani.	Imamo samo EE-opremu, ona je specijalizirana.	Imamo samo EE-opremu, oni su specijalizovani.	
content	data/konkurenca.json	konkurenca:konkurenti.1.tipicni_argumenti_stranke_za_njih.1	konkurenti.1.tipicni_argumenti_stranke_za_njih.1	Že leta sodelujemo, sistem poznajo.	Godinama surađujemo, poznaju sustav.	Godinama radimo zajedno, znaju sistem.	
content	data/konkurenca.json	konkurenca:konkurenti.2.id	konkurenti.2.id	lokalni-zbiralci			
content	data/konkurenca.json	konkurenca:konkurenti.2.kako_odgovoriti	konkurenti.2.kako_odgovoriti	Razumem, lokalni odnos je vreden. Vendar lokalni zbiralec običajno pokriva ODVOZ, ne pa EPR obveznosti, letnih poročil ali ESG zahtev. To sta dve različni področji. Pri večini strank dela najbolje kombinacija: lokalni zbiralec za izvedbo + Interzero za EPR, poročanje in strateški del. Lahko mirno sodelujeta.	Shvaćam, lokalni stav je vrijedan. Međutim, lokalni skupljač obično pokriva UKLANJANJE, ali ne i EPR obveze, godišnja izvješća ili ESG zahtjeve. To su dva različita polja. Za većinu korisnika kombinacija najbolje funkcionira: lokalni kolektor za implementaciju + Interzero za EPR, izvješćivanje i strateški dio. Možete mirno raditi zajedno.	Shvatam, lokalni stav je vredan. Međutim, lokalni sakupljač obično pokriva UKLANjANjE, ali ne i obaveze EPR-a, godišnje izveštaje ili ESG zahteve. To su dva različita polja. Za većinu kupaca, kombinacija najbolje funkcioniše: lokalni kolektor za implementaciju + Interzero za EPR, izveštajni i strateški deo. Možete mirno da radite zajedno.	
content	data/konkurenca.json	konkurenca:konkurenti.2.nase_razlike.0	konkurenti.2.nase_razlike.0	Lokalni zbiralec ureja ODVOZ, ne pa EPR obveznosti, poročanja, strategije.	Lokalni skupljač regulira PICKUP, a ne EPR obveze, izvješćivanje, strategije.	Lokalni sakupljač reguliše PICKUP, a ne EPR obaveze, izveštavanje, strategije.	
content	data/konkurenca.json	konkurenca:konkurenti.2.nase_razlike.1	konkurenti.2.nase_razlike.1	Interzero in lokalni zbiralec sta KOMPLEMENTARNA, ne konkurenca.	Interzero i lokalni kolektor su KOMPLEMENTARNI, nisu konkurencija.	Interzero i lokalni kolekcionar su KOMPLEMENTARNI, a ne konkurencija.	
content	data/konkurenca.json	konkurenca:konkurenti.2.nase_razlike.2	konkurenti.2.nase_razlike.2	Stranke pogosto zmotijo dve plasti: zbiranje + EPR shema. Z nami imajo eno celostno sliko.	Kupci često brkaju dva sloja: prikupljanje + EPR shema. Kod nas imaju jednu integriranu sliku.	Kupci često brkaju dva sloja: sakupljanje + EPR šema. Imaju jednu integrisanu sliku sa nama.	
content	data/konkurenca.json	konkurenca:konkurenti.2.naziv	konkurenti.2.naziv	Lokalni zbiralci odpadkov (Saubermacher, Surovina, Dinos, lokalna komunalna podjetja)	Lokalni sakupljači otpada (Saubermacher, Raw Material, Dinos, lokalna komunalna poduzeća)	Lokalni sakupljači otpada (Saubermacher, Rav Material, Dinos, lokalne opštinske kompanije)	
content	data/konkurenca.json	konkurenca:konkurenti.2.njihove_prednosti.0	konkurenti.2.njihove_prednosti.0	Lokalna prisotnost, hiter odziv.	Lokalna prisutnost, brz odgovor.	Lokalno prisustvo, brz odgovor.	
content	data/konkurenca.json	konkurenca:konkurenti.2.njihove_prednosti.1	konkurenti.2.njihove_prednosti.1	Nizki transportni stroški.	Niski troškovi prijevoza.	Niski troškovi transporta.	
content	data/konkurenca.json	konkurenca:konkurenti.2.njihove_prednosti.2	konkurenti.2.njihove_prednosti.2	Osebne relacije, ki gradijo zaupanje.	Osobni odnosi koji grade povjerenje.	Lični odnosi koji grade poverenje.	
content	data/konkurenca.json	konkurenca:konkurenti.2.njihove_prednosti.3	konkurenti.2.njihove_prednosti.3	Pogosto fleksibilni pri urnikih in posebnih zahtevah.	Često fleksibilan s rasporedima i posebnim zahtjevima.	Često fleksibilan sa rasporedima i posebnim zahtevima.	
content	data/konkurenca.json	konkurenca:konkurenti.2.tip	konkurenti.2.tip	Operativni zbiralci, ravnanje z odpadki	Operativni sakupljači, gospodarenje otpadom	Operativni sakupljači, upravljanje otpadom	
content	data/konkurenca.json	konkurenca:konkurenti.2.tipicni_argumenti_stranke_za_njih.0	konkurenti.2.tipicni_argumenti_stranke_za_njih.0	Imamo lokalnega, ki nam vse odvaža.	Imamo lokalca koji nam sve odnosi.	Imamo meštana koji nam sve odnese.	
content	data/konkurenca.json	konkurenca:konkurenti.2.tipicni_argumenti_stranke_za_njih.1	konkurenti.2.tipicni_argumenti_stranke_za_njih.1	Z njimi delamo deset let.	S njima surađujemo već deset godina.	Sa njima radimo deset godina.	
content	data/konkurenca.json	konkurenca:konkurenti.2.trg	konkurenti.2.trg	Slovenija, regija	Slovenija, regija	Slovenija, region	
content	data/konkurenca.json	konkurenca:konkurenti.3.id	konkurenti.3.id	interno			
content	data/konkurenca.json	konkurenca:konkurenti.3.kako_odgovoriti	konkurenti.3.kako_odgovoriti	To je redko in vredno spoštovanja. Naša naloga ni nadomestiti vašo HSE ekipo, ampak prevzeti dolgotrajne rutinske naloge (poročila, spremljanje zakonodaje, dokumentacija), da se vaša ekipa lahko ukvarja z zahtevnejšimi odločitvami. Eden ali dva primera, kako lahko pomagamo, lahko ocenimo skupaj v 30 minutah.	Ovo je rijetkost i vrijedno poštovanja. Naš posao nije zamijeniti vaš HSE tim, već preuzeti dugotrajne rutinske zadatke (izvješćivanje, praćenje zakonodavstva, dokumentacija) kako bi se vaš tim mogao nositi s izazovnijim odlukama. Jedan ili dva primjera kako možemo pomoći možemo zajedno ocijeniti u 30 minuta.	Ovo je retkost i vredno poštovanja. Naš posao nije da zamenimo vaš HSE tim, već da preuzmemo rutinske zadatke koji oduzimaju vreme (izveštavanje, praćenje zakona, dokumentacija) kako bi vaš tim mogao da se nosi sa izazovnijim odlukama. Jedan ili dva primera kako možemo da pomognemo mogu se zajedno proceniti za 30 minuta.	
content	data/konkurenca.json	konkurenca:konkurenti.3.nase_razlike.0	konkurenti.3.nase_razlike.0	EPR ni del 'core business' večine podjetij — odjeda fokus.	EPR nije dio 'osnovne djelatnosti' većine tvrtki — on gubi fokus.	EPR nije deo „osnovnog posla“ većine kompanija – on jede fokus.	
content	data/konkurenca.json	konkurenca:konkurenti.3.nase_razlike.1	konkurenti.3.nase_razlike.1	Tveganje koncentracije znanja v eni osebi (kaj se zgodi, če odide?).	Rizik koncentracije znanja u jednoj osobi (što ako ode?).	Rizik koncentracije znanja u jednoj osobi (šta se dešava ako ode?).	
content	data/konkurenca.json	konkurenca:konkurenti.3.nase_razlike.2	konkurenti.3.nase_razlike.2	Spremembe zakonodaje so kompleksne in časovno zahtevne — težko sledimo, če to ni glavna naloga.	Promjene u zakonodavstvu su složene i dugotrajne — teško ih je pratiti ako to nije glavni zadatak.	Promene u zakonodavstvu su složene i dugotrajne — teško je pratiti ako to nije glavni zadatak.	
content	data/konkurenca.json	konkurenca:konkurenti.3.nase_razlike.3	konkurenti.3.nase_razlike.3	Stroški interne ekipe so 'skriti' (plača + obveznosti + izobraževanja + IT).	Troškovi internog tima su 'skriveni' (plaća + obveze + obuka + IT).	Troškovi internog tima su 'skriveni' (plata + obaveze + obuka + IT).	
content	data/konkurenca.json	konkurenca:konkurenti.3.naziv	konkurenti.3.naziv	Notranja ekipa stranke (HSE, sustainability)	Interni tim kupca (HSE, održivost)	Interni tim korisnika (HSE, održivost)	
content	data/konkurenca.json	konkurenca:konkurenti.3.njihove_prednosti.0	konkurenti.3.njihove_prednosti.0	Brez stroška zunanjega partnerja (na papirju).	Nema troškova vanjskog partnera (na papiru).	Nema troškova eksternog partnera (na papiru).	
content	data/konkurenca.json	konkurenca:konkurenti.3.njihove_prednosti.1	konkurenti.3.njihove_prednosti.1	Polna kontrola, neposreden dostop do podatkov.	Potpuna kontrola, izravan pristup podacima.	Potpuna kontrola, direktan pristup podacima.	
content	data/konkurenca.json	konkurenca:konkurenti.3.njihove_prednosti.2	konkurenti.3.njihove_prednosti.2	Notranje znanje, prilagojeno specifiki podjetja.	Interno znanje prilagođeno specifičnostima tvrtke.	Interno znanje prilagođeno specifičnostima kompanije.	
content	data/konkurenca.json	konkurenca:konkurenti.3.tip	konkurenti.3.tip	Stranka ureja sama, brez zunanjega partnerja	Klijent dogovara sam, bez vanjskog partnera	Klijent dogovara sam, bez spoljnog partnera	
content	data/konkurenca.json	konkurenca:konkurenti.3.tipicni_argumenti_stranke_za_njih.0	konkurenti.3.tipicni_argumenti_stranke_za_njih.0	Naša HSE oseba je odlična, vse pokriva.	Naša HSE osoba je izvrsna, pokriva sve.	Naš HSE čovek je odličan, pokriva sve.	
content	data/konkurenca.json	konkurenca:konkurenti.3.tipicni_argumenti_stranke_za_njih.1	konkurenti.3.tipicni_argumenti_stranke_za_njih.1	Imamo notranje znanje, ne potrebujemo zunanjega svetovalca.	Imamo znanje iznutra, ne treba nam vanjski konzultant.	Imamo unutrašnje znanje, nije nam potreban spoljni konsultant.	
content	data/konkurenca.json	konkurenca:konkurenti.4.id	konkurenti.4.id	individualna-shema			
content	data/konkurenca.json	konkurenca:konkurenti.4.kako_odgovoriti	konkurenti.4.kako_odgovoriti	Razumem. Včasih je individualni načrt pravi izbor, vendar pogosto šele po analizi. Naša izkušnja: 80 % podjetij, ki so razmišljala o individualnem načrtu, je na koncu izbrala skupno shemo, ker je administrativni teret prenizko cenjen. Lahko skupaj naredimo primerjavo: kaj bi vas dejansko stalo eno in drugo?	razumijem. Ponekad je individualni plan pravi izbor, ali često tek nakon analize. Naše iskustvo: 80% tvrtki koje razmatraju pojedinačni plan na kraju odaberu zajednički plan jer je administrativni teret podcijenjen. Možemo zajedno napraviti usporedbu: koliko bi vas zapravo koštalo jedno i drugo?	razumem. Ponekad je individualni plan pravi izbor, ali često tek nakon analize. Naše iskustvo: 80% kompanija koje razmatraju individualni plan na kraju izaberu zajedničku šemu jer je administrativno opterećenje potcenjeno. Možemo zajedno da napravimo poređenje: koliko bi vas jedno i drugo zapravo koštalo?	
content	data/konkurenca.json	konkurenca:konkurenti.4.nase_razlike.0	konkurenti.4.nase_razlike.0	Individualni načrt je administrativno izjemno zahteven — potrebna lastna evidenca prevzemov, mreža partnerjev, dokazila o reciklaži.	Individualni plan je administrativno iznimno zahtjevan — potrebna vam je vlastita evidencija nabave, mreža partnera, dokaz o recikliranju.	Individualni plan je administrativno izuzetno zahtevan — potrebna vam je sopstvena evidencija o nabavkama, mreža partnera, dokaz o reciklaži.	
content	data/konkurenca.json	konkurenca:konkurenti.4.nase_razlike.1	konkurenti.4.nase_razlike.1	Praviloma se splača le pri zelo velikih količinah in specifični embalaži.	U pravilu se isplati samo za vrlo velike količine i specifična pakiranja.	Po pravilu se isplati samo za veoma velike količine i specifična pakovanja.	
content	data/konkurenca.json	konkurenca:konkurenti.4.nase_razlike.2	konkurenti.4.nase_razlike.2	Tveganje napak in inšpekcij je večje.	Rizik od pogrešaka i pregleda je veći.	Rizik od grešaka i inspekcija je veći.	
content	data/konkurenca.json	konkurenca:konkurenti.4.nase_razlike.3	konkurenti.4.nase_razlike.3	Pri skupni shemi je strošek predvidljiv in obveznosti so prenesene na operaterja.	Zajedničkom shemom trošak je predvidljiv, a obveze se prenose na operatera.	Sa zajedničkom šemom, trošak je predvidljiv i obaveze se prenose na operatera.	
content	data/konkurenca.json	konkurenca:konkurenti.4.naziv	konkurenti.4.naziv	Individualni načrt (stranka kot svoj 'operater')	Individualni plan (klijent kao vlastiti 'operator')	Individualni plan (kupac kao sopstveni 'operater')	
content	data/konkurenca.json	konkurenca:konkurenti.4.njihove_prednosti.0	konkurenti.4.njihove_prednosti.0	Polna kontrola nad procesom.	Potpuna kontrola nad procesom.	Potpuna kontrola nad procesom.	
content	data/konkurenca.json	konkurenca:konkurenti.4.njihove_prednosti.1	konkurenti.4.njihove_prednosti.1	Možnost optimizacije za specifiko podjetja.	Mogućnost optimizacije za specifičnosti tvrtke.	Mogućnost optimizacije za specifičnosti kompanije.	
content	data/konkurenca.json	konkurenca:konkurenti.4.njihove_prednosti.2	konkurenti.4.njihove_prednosti.2	Brez 'pavšalov' skupne sheme.	Nema zajedničke sheme 'paušalnih stopa'.	Nema zajedničke šeme 'paušalnih stopa'.	
content	data/konkurenca.json	konkurenca:konkurenti.4.tip	konkurenti.4.tip	Stranka izpolnjuje EPR obveznosti sama, brez skupne sheme	Korisnik ispunjava EPR obveze sam, bez zajedničke sheme	Kupac ispunjava EPR obaveze sam, bez zajedničke šeme	
content	data/konkurenca.json	konkurenca:konkurenti.4.tipicni_argumenti_stranke_za_njih.0	konkurenti.4.tipicni_argumenti_stranke_za_njih.0	Imamo zelo specifično embalažo, splošna shema ne ustreza.	Imamo vrlo specifično pakiranje, opća shema ne odgovara.	Imamo vrlo specifično pakovanje, opšta šema se ne uklapa.	
content	data/konkurenca.json	konkurenca:konkurenti.4.tipicni_argumenti_stranke_za_njih.1	konkurenti.4.tipicni_argumenti_stranke_za_njih.1	Količine so velike, ekonomika individualnega načrta deluje.	Količine su velike, ekonomičnost individualnog plana rada.	Količine su velike, ekonomika individualnog plana radi.	
content	data/kpi.json	kpi:_opis	_opis	KPI-ji za vodjo prodaje. Vsak ima definicijo, normo (okvirno), coaching vprašanja in tipično napako pri uporabi.	KPI za voditelja prodaje. Svaki ima definiciju, normu (okvir), pitanja za podučavanje i tipičnu pogrešku u korištenju.	KPI za menadžera prodaje. Svaki od njih ima definiciju, normu (okvir), trenerska pitanja i tipičnu grešku u upotrebi.	
content	data/kpi.json	kpi:kpi.0.coaching_vprasanja.0	kpi.0.coaching_vprasanja.0	Kje danes dobiš največ lead-ov in kateri vir najbolje konvertira?	Gdje danas dobivate najviše potencijalnih kupaca i koji izvor najbolje pretvara?	Gde danas dobijate najviše potencijalnih klijenata i koji izvor konvertuje najbolje?	
content	data/kpi.json	kpi:kpi.0.coaching_vprasanja.1	kpi.0.coaching_vprasanja.1	Če imamo malo lead-ov, je problem v aktivnosti ali v marketingu?	Ako imamo malo potencijalnih kupaca, je li problem u aktivnosti ili u marketingu?	Ako imamo malo potencijalnih klijenata, da li je problem u aktivnosti ili u marketingu?	
content	data/kpi.json	kpi:kpi.0.coaching_vprasanja.2	kpi.0.coaching_vprasanja.2	Katere panoge / segmenti so trenutno najbolj odprti?	Koje su industrije/segmenti trenutno najotvoreniji?	Koje industrije/segmenti su trenutno najotvoreniji?	
content	data/kpi.json	kpi:kpi.0.id	kpi.0.id	novi-leadi			
content	data/kpi.json	kpi:kpi.0.meri	kpi.0.meri	Aktivnost in dotok priložnosti.	Tijek aktivnosti i mogućnosti.	Tok aktivnosti i prilika.	
content	data/kpi.json	kpi:kpi.0.naziv	kpi.0.naziv	Novi lead-i (mesečno)	Novi potencijalni klijenti (mjesečno)	Novi potencijalni klijenti (mesečno)	
content	data/kpi.json	kpi:kpi.0.norma	kpi.0.norma	Odvisno od trga in profila prodajalca. Junior 20-30/mesec, senior 10-15/mesec (večji posli).	Ovisi o tržištu i profilu prodavača. Junior 20-30/mjesečno, stariji 10-15/mjesečno (veći poslovi).	Zavisi od tržišta i profila prodavca. Juniori 20-30/mesečno, seniori 10-15/mesečno (veće ponude).	
content	data/kpi.json	kpi:kpi.0.tipicna_napaka	kpi.0.tipicna_napaka	Šteti vse, kar pride v inbox, kot lead. Brez kvalifikacije številka nima pomena.	Sve što stigne u inbox računa kao potencijalni kupac. Bez kvalifikacije broj nema nikakvo značenje.	Računa sve što stigne u prijemno sanduče kao potencijalnog klijenta. Bez kvalifikacije, broj nema značenje.	
content	data/kpi.json	kpi:kpi.1.coaching_vprasanja.0	kpi.1.coaching_vprasanja.0	Katere lead-e najpogosteje 'pohabiš' brez kvalifikacije?	Koje tragove najčešće 'sakatite' bez kvalifikacije?	Koje kontakte najčešće 'sakatite' bez kvalifikacije?	
content	data/kpi.json	kpi:kpi.1.coaching_vprasanja.1	kpi.1.coaching_vprasanja.1	Ali poznaš ICP do te mere, da v 5 minutah veš, ali iti naprej?	Poznajete li ICP do te mjere da u roku od 5 minuta znate trebate li krenuti dalje?	Da li znate ICP do tačke kada znate u roku od 5 minuta da li da krenete dalje?	
content	data/kpi.json	kpi:kpi.1.coaching_vprasanja.2	kpi.1.coaching_vprasanja.2	Katera vprašanja v kvalifikaciji ti zmanjkajo?	Koja vam pitanja u kvalifikacijama nedostaju?	Koja pitanja u kvalifikaciji vam nedostaju?	
content	data/kpi.json	kpi:kpi.1.id	kpi.1.id	kvalificirani			
content	data/kpi.json	kpi:kpi.1.meri	kpi.1.meri	Kakovost lead-ov in disciplina kvalifikacije.	Vodite kvalitetu i disciplinu kvalifikacije.	Voditi kvalitet i kvalifikacionu disciplinu.	
content	data/kpi.json	kpi:kpi.1.naziv	kpi.1.naziv	Kvalificirane priložnosti	Kvalificirane prilike	Kvalifikovane prilike	
content	data/kpi.json	kpi:kpi.1.norma	kpi.1.norma	30-50 % lead-ov se kvalificira naprej. Pod 20 % pomeni, da lovimo napačne stranke.	30-50% potencijalnih kupaca kvalificira se dalje. Ispod 20% znači da ganjamo pogrešne kupce.	30-50% potencijalnih klijenata se kvalifikuje dalje. Ispod 20% znači da jurimo pogrešne kupce.	
content	data/kpi.json	kpi:kpi.1.tipicna_napaka	kpi.1.tipicna_napaka	Predolgo držati priložnosti, ki ne izpolnjujejo osnovnih kriterijev.	Zadržite prilike koje ne zadovoljavaju osnovne kriterije predugo.	Držite se mogućnosti koje ne ispunjavaju osnovne kriterijume predugo.	
content	data/kpi.json	kpi:kpi.2.coaching_vprasanja.0	kpi.2.coaching_vprasanja.0	V kateri fazi ti posli najpogosteje odpadejo?	U kojoj fazi ti poslovi najčešće propadaju?	U kojoj fazi ti poslovi najčešće propadaju?	
content	data/kpi.json	kpi:kpi.2.coaching_vprasanja.1	kpi.2.coaching_vprasanja.1	Če odpadajo po prvem sestanku, je problem v discoveryju ali v vrednostni zgodbi?	Ako odustanu nakon prvog sastanka, je li problem u otkriću ili u priči o vrijednosti?	Ako odustanu nakon prvog sastanka, da li je problem u otkrivanju ili u priči o vrednosti?	
content	data/kpi.json	kpi:kpi.2.coaching_vprasanja.2	kpi.2.coaching_vprasanja.2	Če odpadajo po ponudbi, je problem v ceni, v predstavitvi ali v odločevalcih?	Ako odustanu nakon ponude, je li problem u cijeni, u prezentaciji ili u donositeljima odluka?	Ako odustanu nakon ponude, da li je problem u ceni, u prezentaciji ili u donosiocima odluka?	
content	data/kpi.json	kpi:kpi.2.id	kpi.2.id	konverzija-faza			
content	data/kpi.json	kpi:kpi.2.meri	kpi.2.meri	Kje posli odpadajo v prodajnem lijaku.	Gdje poslovi nestaju u prodajnom lijevku.	Gde poslovi nestaju u prodajnom levuku.	
content	data/kpi.json	kpi:kpi.2.naziv	kpi.2.naziv	Konverzija po fazah	Pretvorba u fazama	Fazna konverzija	
content	data/kpi.json	kpi:kpi.2.norma	kpi.2.norma	Lead → Kvalifikacija: 40 %; Kvalifikacija → Prvi sestanek: 60 %; Prvi sestanek → Ponudba: 50 %; Ponudba → Zmaga: 25-40 %.	Voditelj → Kvalifikacija: 40%; Kvalifikacije → Prvi susret: 60%; Prvi susret → Ponuda: 50%; Ponuda → Dobitak: 25-40%.	Vodstvo → Kvalifikacija: 40%; Kvalifikacija → Prvi sastanak: 60%; Prvi sastanak → Ponuda: 50%; Ponuda → Pobeda: 25-40%.	
content	data/kpi.json	kpi:kpi.2.tipicna_napaka	kpi.2.tipicna_napaka	Gledati samo končno konverzijo, ne pa razdelitev po fazah.	Pogledajte samo konačnu pretvorbu, a ne raščlambu po fazama.	Gledajte samo konačnu konverziju, a ne razlaganje po fazama.	
content	data/kpi.json	kpi:kpi.3.coaching_vprasanja.0	kpi.3.coaching_vprasanja.0	Ali tipično prodajaš eno storitev ali paket?	Prodajete li obično jednu uslugu ili paket?	Da li obično prodajete jednu uslugu ili paket?	
content	data/kpi.json	kpi:kpi.3.coaching_vprasanja.1	kpi.3.coaching_vprasanja.1	Kdaj v procesu vprašaš za dodatne potrebe stranke?	Kada u procesu tražite dodatne potrebe kupaca?	Kada u procesu tražite dodatne potrebe kupaca?	
content	data/kpi.json	kpi:kpi.3.coaching_vprasanja.2	kpi.3.coaching_vprasanja.2	Katere stranke so dober kandidat za nadgradnjo paketa?	Koji su kupci dobri kandidati za nadogradnju paketa?	Koji kupci su dobri kandidati za nadogradnju paketa?	
content	data/kpi.json	kpi:kpi.3.id	kpi.3.id	povp-vrednost			
content	data/kpi.json	kpi:kpi.3.meri	kpi.3.meri	Velikost poslov, ki jih ekipa lovi.	Veličina poslova za kojima tim teži.	Veličina poslova koje tim juri.	
content	data/kpi.json	kpi:kpi.3.naziv	kpi.3.naziv	Povprečna vrednost priložnosti	Prosječna vrijednost mogućnosti	Prosečna vrednost mogućnosti	
content	data/kpi.json	kpi:kpi.3.norma	kpi.3.norma	Določiti glede na trg. Cilj je rasti — od posameznih storitev k paketom.	Određuje tržište. Cilj je rasti — od pojedinačnih usluga do paketa.	Određuje tržište. Cilj je rast — od pojedinačnih usluga do paketa.	
content	data/kpi.json	kpi:kpi.3.tipicna_napaka	kpi.3.tipicna_napaka	Prodaja samo tistega, kar je stranka prvotno omenila, brez kvalitetnega cross-sella.	Prodaja samo onoga što je kupac izvorno naveo, bez kvalitetne cross-sellinga.	Prodaja samo onoga što je kupac prvobitno naveo, bez kvalitetne unakrsne prodaje.	
content	data/kpi.json	kpi:kpi.4.coaching_vprasanja.0	kpi.4.coaching_vprasanja.0	Pri katerih priložnostih cikel se vleče? Zakaj?	U kojim prilikama se ciklus povlači? Zašto?	U kojim prilikama se ciklus vuče? Zašto?	
content	data/kpi.json	kpi:kpi.4.coaching_vprasanja.1	kpi.4.coaching_vprasanja.1	Ali imaš pri vsaki priložnosti dogovorjen naslednji konkretni korak z datumom?	Imate li dogovoren sljedeći konkretan korak s datumom za svaku priliku?	Imate li dogovoren sledeći konkretan korak sa datumom za svaku priliku?	
content	data/kpi.json	kpi:kpi.4.coaching_vprasanja.2	kpi.4.coaching_vprasanja.2	Ali si govoril s pravim odločevalcem, ali samo s posrednikom?	Jeste li razgovarali sa pravim donositeljem odluka ili samo s posrednikom?	Da li ste razgovarali sa pravim donosiocem odluka ili samo posrednikom?	
content	data/kpi.json	kpi:kpi.4.id	kpi.4.id	cikel			
content	data/kpi.json	kpi:kpi.4.meri	kpi.4.meri	Hitrost odločanja in vodenje pipeline-a.	Brzina donošenja odluka i upravljanje cjevovodom.	Brzina donošenja odluka i upravljanje cevovodom.	
content	data/kpi.json	kpi:kpi.4.naziv	kpi.4.naziv	Dolžina prodajnega cikla	Duljina prodajnog ciklusa	Dužina prodajnog ciklusa	
content	data/kpi.json	kpi:kpi.4.norma	kpi.4.norma	EPR storitve: 2-6 mesecev za nove stranke, 1-3 mesece za obstoječe.	EPR usluge: 2-6 mjeseci za nove korisnike, 1-3 mjeseca za postojeće korisnike.	EPR usluge: 2-6 meseci za nove kupce, 1-3 meseca za postojeće.	
content	data/kpi.json	kpi:kpi.4.tipicna_napaka	kpi.4.tipicna_napaka	Sprejeti 'še se nismo odločili' brez naslednjega koraka.	Prihvaćanje 'još nismo odlučili' bez sljedećeg koraka.	Prihvatanje „još nismo odlučili“ bez sledećeg koraka.	
content	data/kpi.json	kpi:kpi.5.coaching_vprasanja.0	kpi.5.coaching_vprasanja.0	Kateri razlog izgube se ponavlja in kaj se da iz tega naučiti?	Koji se razlog gubitka ponavlja i što se iz toga može naučiti?	Koji razlog za gubitak se ponavlja i šta se iz toga može naučiti?	
content	data/kpi.json	kpi:kpi.5.coaching_vprasanja.1	kpi.5.coaching_vprasanja.1	Ali izgubljamo zaradi cene ali zaradi nezmožnosti dokazati vrednost?	Gubimo li zbog cijene ili zbog nemogućnosti dokazivanja vrijednosti?	Da li gubimo zbog cene ili zbog nemogućnosti dokazivanja vrednosti?	
content	data/kpi.json	kpi:kpi.5.coaching_vprasanja.2	kpi.5.coaching_vprasanja.2	Kateri konkurent nas premaguje in s čim?	Koji nas konkurent pobjeđuje i čime?	Koji konkurent nas pobeđuje i čime?	
content	data/kpi.json	kpi:kpi.5.id	kpi.5.id	razlogi-izgube			
content	data/kpi.json	kpi:kpi.5.meri	kpi.5.meri	Realne vzroke izgub — za izboljšave, ne za kaznovanje.	Pravi uzroci gubitaka — za poboljšanje, a ne za kažnjavanje.	Pravi uzroci gubitaka — za poboljšanje, a ne za kaznu.	
content	data/kpi.json	kpi:kpi.5.naziv	kpi.5.naziv	Razlogi za izgubljene posle	Razlozi gubitka posla	Razlozi za izgubljeni posao	
content	data/kpi.json	kpi:kpi.5.norma	kpi.5.norma	Vsak izgubljen posel mora imeti kategorijo razloga.	Svaki izgubljeni posao trebao bi imati kategoriju razloga.	Svaki izgubljeni posao treba da ima kategoriju razloga.	
content	data/kpi.json	kpi:kpi.5.tipicna_napaka	kpi.5.tipicna_napaka	Splošno 'cena' brez konteksta. Cena ni razlog — cena pri zaznani vrednosti X.	Generička 'cijena' bez konteksta. Cijena nije razlog — cijena prema percipiranoj vrijednosti X.	Generička „cena“ bez konteksta. Cena nije razlog — cena po percipiranoj vrednosti Ks.	
content	data/kpi.json	kpi:kpi.6.coaching_vprasanja.0	kpi.6.coaching_vprasanja.0	Ali je aktivnost konsistentna ali skoki?	Je li aktivnost dosljedna ili ima skokove?	Da li je aktivnost konzistentna ili raste?	
content	data/kpi.json	kpi:kpi.6.coaching_vprasanja.1	kpi.6.coaching_vprasanja.1	Kje aktivnost ne prinaša rezultatov?	Gdje aktivnost ne donosi rezultate?	Gde aktivnost ne donosi rezultate?	
content	data/kpi.json	kpi:kpi.6.coaching_vprasanja.2	kpi.6.coaching_vprasanja.2	Kakšno razmerje aktivnosti je pri tvojih najboljših prodajalcih?	Koji je omjer aktivnosti vaših najprodavanijih proizvoda?	Koji je odnos aktivnosti vaših najboljih prodavaca?	
content	data/kpi.json	kpi:kpi.6.id	kpi.6.id	aktivnost			
content	data/kpi.json	kpi:kpi.6.meri	kpi.6.meri	Klici, sestanki, follow-upi.	Pozivi, sastanci, praćenja.	Pozivi, sastanci, praćenje.	
content	data/kpi.json	kpi:kpi.6.naziv	kpi.6.naziv	Aktivnost po prodajalcu	Aktivnost po prodavatelju	Aktivnost prodavca	
content	data/kpi.json	kpi:kpi.6.norma	kpi.6.norma	Odvisno od profila. Junior več aktivnosti, senior manj a večji posli.	Ovisi o profilu. Juniori više aktivnosti, stariji manje, ali veći poslovi.	Zavisi od profila. Junior više aktivnosti, stariji manje, ali veći poslovi.	
content	data/kpi.json	kpi:kpi.6.tipicna_napaka	kpi.6.tipicna_napaka	Šteti aktivnost kot cilj, ne kot sredstvo. Več klicev brez rezultata ni boljše.	Djelatnost smatra ciljem, a ne sredstvom. Više bezuspješnih poziva nije bolje.	Ona aktivnost smatra ciljem, a ne sredstvom. Više bezuspješnih poziva nije bolje.	
content	data/kpi.json	kpi:kpi.7.coaching_vprasanja.0	kpi.7.coaching_vprasanja.0	Kdaj v sestanku se z stranko dogovoriš za naslednji korak?	Kada na sastanku s klijentom dogovarate sljedeći korak?	Kada se na sastanku dogovarate o sledećem koraku sa klijentom?	
content	data/kpi.json	kpi:kpi.7.coaching_vprasanja.1	kpi.7.coaching_vprasanja.1	Kaj narediš, če stranka ne želi določiti datuma?	Što učiniti ako klijent ne želi dogovoriti datum?	Šta da radite ako klijent ne želi da odredi datum?	
content	data/kpi.json	kpi:kpi.7.coaching_vprasanja.2	kpi.7.coaching_vprasanja.2	Katere priložnosti so 'mrtve' v CRM, čeprav so označene kot odprte?	Koje su mogućnosti 'mrtve' u CRM-u iako su označene kao otvorene?	Koje mogućnosti su „mrtve“ u CRM-u iako su označene kao otvorene?	
content	data/kpi.json	kpi:kpi.7.id	kpi.7.id	next-step			
content	data/kpi.json	kpi:kpi.7.meri	kpi.7.meri	Kakovost vodenja pipeline-a.	Kvaliteta upravljanja cjevovodom.	Kvalitet upravljanja cevovodom.	
content	data/kpi.json	kpi:kpi.7.naziv	kpi.7.naziv	Delež priložnosti z naslednjo aktivnostjo	Dijelite priliku sa sljedećom aktivnošću	Podelite priliku sa sledećom aktivnošću	
content	data/kpi.json	kpi:kpi.7.norma	kpi.7.norma	100 % odprtih priložnosti mora imeti datum in konkretno aktivnost.	100% otvorenih prilika mora imati datum i konkretnu aktivnost.	100% otvorenih mogućnosti mora imati datum i određenu aktivnost.	
content	data/kpi.json	kpi:kpi.7.tipicna_napaka	kpi.7.tipicna_napaka	Priložnost je 'odprta', a datum naslednjega koraka je v preteklosti.	Prilika je "otvorena", ali datum sljedećeg koraka je u prošlosti.	Mogućnost je „otvorena“, ali datum sledećeg koraka je u prošlosti.	
content	data/kpi.json	kpi:kpi.8.coaching_vprasanja.0	kpi.8.coaching_vprasanja.0	Bi nekdo drug iz tvojih CRM zapisov razumel, kje je posel in kaj naprej?	Bi li netko drugi iz vaše CRM evidencije razumio gdje se nalazi tvrtka i što dalje učiniti?	Da li bi neko drugi iz vaše CRM evidencije razumeo gde je posao i šta dalje?	
content	data/kpi.json	kpi:kpi.8.coaching_vprasanja.1	kpi.8.coaching_vprasanja.1	Ali bi po dveh tednih sam razumel svoje zapise?	Hoće li nakon dva tjedna sam razumjeti svoje bilješke?	Da li bi posle dve nedelje razumeo svoje beleške?	
content	data/kpi.json	kpi:kpi.8.coaching_vprasanja.2	kpi.8.coaching_vprasanja.2	Ali zapisuješ povzetke takoj ali šele ob koncu tedna?	Pišete li sažetke odmah ili tek na kraju tjedna?	Da li pišete rezimee odmah ili tek na kraju nedelje?	
content	data/kpi.json	kpi:kpi.8.id	kpi.8.id	crm-kakovost			
content	data/kpi.json	kpi:kpi.8.meri	kpi.8.meri	Ali so podatki uporabni za vodenje in napoved.	Jesu li podaci korisni za upravljanje i predviđanje?	Da li su podaci korisni za upravljanje i predviđanje?	
content	data/kpi.json	kpi:kpi.8.naziv	kpi.8.naziv	Kakovost CRM zapisov	Kvaliteta CRM zapisa	Kvalitet CRM zapisa	
content	data/kpi.json	kpi:kpi.8.norma	kpi.8.norma	Vsi obvezni zapisi v fazi prisotni. Povzetki sestankov dolžine vsaj 5 vrstic.	Svi obvezni zapisi u pozornici prisutni. Sažeci sastanaka dugi najmanje 5 redaka.	Svi obavezni zapisi u fazi prisutni. Rezime sastanaka ima najmanje 5 redova.	
content	data/kpi.json	kpi:kpi.8.tipicna_napaka	kpi.8.tipicna_napaka	Zapisi se delajo retroaktivno, polna polovica polj prazna, povzetki niso uporabni.	Evidencija se radi retroaktivno, pola polja je prazno, sažeci nisu korisni.	Zapisi se prave retroaktivno, polovina polja je prazna, rezimei nisu korisni.	
content	data/odlocevalci.json	odlocevalci:_opis	_opis	Tipi odločevalcev / sogovornikov pri stranki. Vsak želi slišati drugačno zgodbo.	Vrste donositelja odluka/sugovornika kod klijenta. Svatko želi čuti drugu priču.	Vrste donosilaca odluka/sagovornika kod klijenta. Svako želi da čuje drugačiju priču.	
content	data/odlocevalci.json	odlocevalci:odlocevalci.0.id	odlocevalci.0.id	operativa			
content	data/odlocevalci.json	odlocevalci:odlocevalci.0.kaj_jih_skrbi	odlocevalci.0.kaj_jih_skrbi	Manj težav v vsakdanjem delu, manj prekinitev, manj prostora za odpadke, jasne odgovornosti, zanesljivi izvajalci.	Manje problema u svakodnevnom radu, manje prekida, manje prostora za otpad, jasne odgovornosti, pouzdani izvođači.	Manje problema u svakodnevnom radu, manje prekida, manje prostora za otpad, jasne odgovornosti, pouzdani izvođači.	
content	data/odlocevalci.json	odlocevalci:odlocevalci.0.kljucna_vprasanja.0	odlocevalci.0.kljucna_vprasanja.0	Kdo pri vas dnevno skrbi za odpadke?	Tko svakodnevno brine o vašem otpadu?	Ko se svakodnevno brine o vašem otpadu?	
content	data/odlocevalci.json	odlocevalci:odlocevalci.0.kljucna_vprasanja.1	odlocevalci.0.kljucna_vprasanja.1	Kje vas največkrat zatakne — prostor, odvoz, dokumentacija?	Gdje najviše zapnete — prostor, prijevoz, dokumentacija?	Gde najviše zaglavite — prostor, prevoz, dokumentacija?	
content	data/odlocevalci.json	odlocevalci:odlocevalci.0.kljucna_vprasanja.2	odlocevalci.0.kljucna_vprasanja.2	Kdo vas pokliče, ko gre kaj narobe?	Tko te zove kad nešto pođe po zlu?	Ko te zove kada nešto krene po zlu?	
content	data/odlocevalci.json	odlocevalci:odlocevalci.0.naziv	odlocevalci.0.naziv	Operativa / vodja proizvodnje / vodja logistike	Operativni / voditelj proizvodnje / voditelj logistike	Operacije / menadžer proizvodnje / menadžer logistike	
content	data/odlocevalci.json	odlocevalci:odlocevalci.0.ne_govori_jim_o.0	odlocevalci.0.ne_govori_jim_o.0	abstraktnih ESG trendih	apstraktni ESG trendovi	apstraktni ESG trendovi	
content	data/odlocevalci.json	odlocevalci:odlocevalci.0.ne_govori_jim_o.1	odlocevalci.0.ne_govori_jim_o.1	kompleksnih pravnih razlagah	složena pravna tumačenja	složena pravna tumačenja	
content	data/odlocevalci.json	odlocevalci:odlocevalci.0.pravi_argumenti.0	odlocevalci.0.pravi_argumenti.0	Manj klicev z izvajalci in zbiralci.	Manje poziva s izvođačima i sakupljačima.	Manje poziva sa izvođačima i sakupljačima.	
content	data/odlocevalci.json	odlocevalci:odlocevalci.0.pravi_argumenti.1	odlocevalci.0.pravi_argumenti.1	Jasno določene odgovornosti in roki odvozov.	Jasno definirane odgovornosti i rokovi isporuke.	Jasno definisane odgovornosti i rokovi isporuke.	
content	data/odlocevalci.json	odlocevalci:odlocevalci.0.pravi_argumenti.2	odlocevalci.0.pravi_argumenti.2	En kontakt namesto več dobaviteljev.	Jedan kontakt umjesto nekoliko dobavljača.	Jedan kontakt umesto nekoliko dobavljača.	
content	data/odlocevalci.json	odlocevalci:odlocevalci.0.pravi_argumenti.3	odlocevalci.0.pravi_argumenti.3	Praktične rešitve za prostor in pretok odpadkov.	Praktična rješenja za prostor i protok otpada.	Praktična rešenja za prostor i protok otpada.	
content	data/odlocevalci.json	odlocevalci:odlocevalci.1.id	odlocevalci.1.id	finance			
content	data/odlocevalci.json	odlocevalci:odlocevalci.1.kaj_jih_skrbi	odlocevalci.1.kaj_jih_skrbi	Nadzor stroškov, predvidljivost, pogodbene jasnosti, primerljive ponudbe, neto učinek na bilanco.	Kontrola troškova, predvidljivost, ugovorna jasnoća, usporedive ponude, neto utjecaj na bilancu.	Kontrola troškova, predvidljivost, jasnoća ugovora, uporedive ponude, neto uticaj na bilans stanja.	
content	data/odlocevalci.json	odlocevalci:odlocevalci.1.kljucna_vprasanja.0	odlocevalci.1.kljucna_vprasanja.0	Kako trenutno predvidite letne stroške ravnanja z odpadki in EPR taksami?	Kako trenutno procjenjujete godišnje troškove gospodarenja otpadom i naknade za EPR?	Kako trenutno procenjujete godišnje troškove upravljanja otpadom i naknade za EPR?	
content	data/odlocevalci.json	odlocevalci:odlocevalci.1.kljucna_vprasanja.1	odlocevalci.1.kljucna_vprasanja.1	Ali imate jasen pregled, koliko plačujete kateremu izvajalcu?	Imate li jasan pregled koliko plaćate kojem izvođaču?	Da li imate jasan pregled o tome koliko plaćate kom izvođaču?	
content	data/odlocevalci.json	odlocevalci:odlocevalci.1.kljucna_vprasanja.2	odlocevalci.1.kljucna_vprasanja.2	Kateri del trenutno najbolj niha?	Koji se dio trenutno najviše vrti?	Koji deo se trenutno najviše ljulja?	
content	data/odlocevalci.json	odlocevalci:odlocevalci.1.naziv	odlocevalci.1.naziv	Finance / kontroling / nabava	Financije / kontroling / nabava	Finansije / kontroling / nabavka	
content	data/odlocevalci.json	odlocevalci:odlocevalci.1.ne_govori_jim_o.0	odlocevalci.1.ne_govori_jim_o.0	operativnih detajlih, ki jih ne zanimajo	operativni detalji koji ih ne zanimaju	operativni detalji koji ih ne zanimaju	
content	data/odlocevalci.json	odlocevalci:odlocevalci.1.ne_govori_jim_o.1	odlocevalci.1.ne_govori_jim_o.1	neformalnih dogovorih	neformalni dogovori	neformalni sporazumi	
content	data/odlocevalci.json	odlocevalci:odlocevalci.1.pravi_argumenti.0	odlocevalci.1.pravi_argumenti.0	Predvidljivi mesečni stroški namesto skokov.	Predvidljivi mjesečni troškovi umjesto skokova.	Predvidljivi mesečni troškovi umesto skokova.	
content	data/odlocevalci.json	odlocevalci:odlocevalci.1.pravi_argumenti.1	odlocevalci.1.pravi_argumenti.1	En račun, ena pogodba, en nasprotni stranek.	Jedna faktura, jedan ugovor, jedna druga ugovorna strana.	Jedna faktura, jedan ugovor, jedna druga strana.	
content	data/odlocevalci.json	odlocevalci:odlocevalci.1.pravi_argumenti.2	odlocevalci.1.pravi_argumenti.2	Možnost paketov in popustov pri večletnih dogovorih.	Mogućnost paketa i popusta za višegodišnje ugovore.	Mogućnost paketa i popusta za višegodišnje ugovore.	
content	data/odlocevalci.json	odlocevalci:odlocevalci.1.pravi_argumenti.3	odlocevalci.1.pravi_argumenti.3	Manj skritih stroškov zaradi napačnega ravnanja ali kazni.	Manje skrivenih troškova zbog nepravilnosti ili kazni.	Manje skrivenih troškova zbog prekršaja ili kazni.	
content	data/odlocevalci.json	odlocevalci:odlocevalci.2.id	odlocevalci.2.id	vodstvo			
content	data/odlocevalci.json	odlocevalci:odlocevalci.2.kaj_jih_skrbi	odlocevalci.2.kaj_jih_skrbi	Manj tveganja, zunanji ugled, skladnost, da ne pride do težav, dobro ime, regionalni nastop.	Manji rizik, vanjski ugled, usklađenost radi izbjegavanja problema, dobro ime, regionalna prisutnost.	Manje rizika, spoljna reputacija, usklađenost da bi se izbegli problemi, dobro ime, regionalno prisustvo.	
content	data/odlocevalci.json	odlocevalci:odlocevalci.2.kljucna_vprasanja.0	odlocevalci.2.kljucna_vprasanja.0	Kje vidite največja tveganja v naslednjem letu?	Gdje vidite najveće rizike u idućoj godini?	Gde vidite najveće rizike u narednoj godini?	
content	data/odlocevalci.json	odlocevalci:odlocevalci.2.kljucna_vprasanja.1	odlocevalci.2.kljucna_vprasanja.1	Ali kupci že zahtevajo trajnostna poročila?	Traže li kupci već izvješća o održivosti?	Da li kupci već traže izveštaje o održivosti?	
content	data/odlocevalci.json	odlocevalci:odlocevalci.2.kljucna_vprasanja.2	odlocevalci.2.kljucna_vprasanja.2	Kdo pri vas spremlja spremembe zakonodaje?	Tko prati promjene zakonodavstva u vašoj zemlji?	Ko prati zakonodavne promene u vašoj zemlji?	
content	data/odlocevalci.json	odlocevalci:odlocevalci.2.naziv	odlocevalci.2.naziv	Vodstvo / direktor / lastnik	Uprava / Direktor / Vlasnik	Menadžment / Direktor / Vlasnik	
content	data/odlocevalci.json	odlocevalci:odlocevalci.2.ne_govori_jim_o.0	odlocevalci.2.ne_govori_jim_o.0	detajlih operative	operativni detalji	operativni detalji	
content	data/odlocevalci.json	odlocevalci:odlocevalci.2.ne_govori_jim_o.1	odlocevalci.2.ne_govori_jim_o.1	tehničnih specifikacijah	tehničke specifikacije	tehničke specifikacije	
content	data/odlocevalci.json	odlocevalci:odlocevalci.2.pravi_argumenti.0	odlocevalci.2.pravi_argumenti.0	Manj tveganja pri inšpekcijah in spremembah zakonodaje.	Manji rizik u inspekcijama i promjenama zakonodavstva.	Manji rizik u inspekcijama i promenama zakona.	
content	data/odlocevalci.json	odlocevalci:odlocevalci.2.pravi_argumenti.1	odlocevalci.2.pravi_argumenti.1	Profesionalen partner z znanimi referencami.	Profesionalni partner s poznatim referencama.	Profesionalni partner sa poznatim referencama.	
content	data/odlocevalci.json	odlocevalci:odlocevalci.2.pravi_argumenti.2	odlocevalci.2.pravi_argumenti.2	Pomoč pri ESG poročanju za kupce in banke.	Pomoć oko ESG izvješća za kupce i banke.	Pomoć u ESG izveštavanju za kupce i banke.	
content	data/odlocevalci.json	odlocevalci:odlocevalci.2.pravi_argumenti.3	odlocevalci.2.pravi_argumenti.3	Ena rešitev za vse trge, kjer ste prisotni.	Jedno rješenje za sva tržišta na kojima ste prisutni.	Jedno rešenje za sva tržišta na kojima ste prisutni.	
content	data/odlocevalci.json	odlocevalci:odlocevalci.3.id	odlocevalci.3.id	hse			
content	data/odlocevalci.json	odlocevalci:odlocevalci.3.kaj_jih_skrbi	odlocevalci.3.kaj_jih_skrbi	Skladnost, pravilna dokumentacija, sledljivost, podpora pri spremembah zakonodaje, strokoven partner.	Sukladnost, ispravna dokumentacija, sljedivost, podrška zakonskim promjenama, stručni partner.	Usklađenost, ispravna dokumentacija, sledljivost, podrška zakonskim izmenama, stručni partner.	
content	data/odlocevalci.json	odlocevalci:odlocevalci.3.kljucna_vprasanja.0	odlocevalci.3.kljucna_vprasanja.0	Kateri zakonski okvir vas trenutno najbolj obremenjuje?	Koji zakonski okvir vas trenutno najviše opterećuje?	Koji vas pravni okvir trenutno najviše opterećuje?	
content	data/odlocevalci.json	odlocevalci:odlocevalci.3.kljucna_vprasanja.1	odlocevalci.3.kljucna_vprasanja.1	Kako spremljate spremembe zakonodaje?	Kako pratite zakonske promjene?	Kako pratite zakonske promene?	
content	data/odlocevalci.json	odlocevalci:odlocevalci.3.kljucna_vprasanja.2	odlocevalci.3.kljucna_vprasanja.2	Kakšna dokumentacija vam manjka, ko pride inšpektor?	Koja vam dokumentacija nedostaje kad dođe inspektor?	Koja vam dokumentacija nedostaje kada dođe inspektor?	
content	data/odlocevalci.json	odlocevalci:odlocevalci.3.naziv	odlocevalci.3.naziv	HSE / sustainability / pravna služba	HSE / održivost / pravni odjel	HSE / održivost / pravna služba	
content	data/odlocevalci.json	odlocevalci:odlocevalci.3.ne_govori_jim_o.0	odlocevalci.3.ne_govori_jim_o.0	zgolj o ceni	samo o cijeni	samo o ceni	
content	data/odlocevalci.json	odlocevalci:odlocevalci.3.ne_govori_jim_o.1	odlocevalci.3.ne_govori_jim_o.1	improvizaciji			
content	data/odlocevalci.json	odlocevalci:odlocevalci.3.pravi_argumenti.0	odlocevalci.3.pravi_argumenti.0	Točna in pravočasna poročila.	Točna i pravovremena izvješća.	Tačni i blagovremeni izveštaji.	
content	data/odlocevalci.json	odlocevalci:odlocevalci.3.pravi_argumenti.1	odlocevalci.3.pravi_argumenti.1	Spremljanje zakonodaje in opozarjanje na spremembe.	Praćenje zakonodavstva i upozoravanje na promjene.	Praćenje zakonodavstva i upozoravanje na promene.	
content	data/odlocevalci.json	odlocevalci:odlocevalci.3.pravi_argumenti.2	odlocevalci.3.pravi_argumenti.2	Dokumentacija primerna za inšpekcijo in revizijo.	Dokumentacija prikladna za inspekciju i reviziju.	Dokumentacija pogodna za inspekciju i reviziju.	
content	data/odlocevalci.json	odlocevalci:odlocevalci.3.pravi_argumenti.3	odlocevalci.3.pravi_argumenti.3	Pomoč pri Made for Recycling, recyclability, ESG vprašalnikih.	Pomoć oko Made for Recycling, mogućnosti recikliranja, ESG upitnika.	Pomoć u upitnicima Napravljeno za reciklažu, mogućnost recikliranja, ESG upitnici.	
content	data/onboarding.json	onboarding:_filozofija	_filozofija	Cilj prvih 90 dni ni 'pokriti vse'. Cilj je, da je v 90. dnevu novinec sposoben SAMOSTOJNO voditi sestanek pri stranki srednje kompleksnosti in pripraviti ponudbo. Vse drugo se doda kasneje.	Cilj prvih 90 dana nije 'pokriti sve'. Cilj je da u 90. danu pridošlica bude sposobna SAMOSTALNO voditi sastanak sa klijentom srednje složenosti i pripremiti ponudu. Sve ostalo se dodaje kasnije.	Cilj prvih 90 dana nije da se 'pokrije sve'. Cilj je da u 90. danu novajlija bude u stanju da SAMOSTALNO vodi sastanak sa klijentom srednje složenosti i pripremi ponudu. Sve ostalo se dodaje kasnije.	
content	data/onboarding.json	onboarding:_opis	_opis	Načrt za prvih 90 dni novega komercialista v EPR ekipi. Pokrije znanje, opazovanje, samostojno delo, samostojno prodajo. Vodja označi opravljene točke skupaj z novincem.	Planirajte prvih 90 dana nove poslovne osobe u EPR timu. Obuhvaća znanje, zapažanje, samostalan rad, samostalnu prodaju. Voditelj označava ispunjene bodove zajedno s pridošlicom.	Planirajte prvih 90 dana novog komercijalnog lica u EPR timu. Obuhvata znanje, zapažanje, samostalan rad, samostalnu prodaju. Vođa obeležava završene poene zajedno sa novajlijom.	
content	data/onboarding.json	onboarding:obdobja.0.cilj	obdobja.0.cilj	Razumeti, kaj Interzero prodaja, komu in zakaj. Razumeti razliko EPR/ERP.	Saznajte što Interzero prodaje, kome i zašto. Shvatite razliku EPR/ERP.	Shvatite šta Interzero prodaje, kome i zašto. Shvatite razliku EPR/ERP.	
content	data/onboarding.json	onboarding:obdobja.0.id	obdobja.0.id	teden-1			
content	data/onboarding.json	onboarding:obdobja.0.naloge.0.id	obdobja.0.naloge.0.id	t1-1			
content	data/onboarding.json	onboarding:obdobja.0.naloge.0.kategorija	obdobja.0.naloge.0.kategorija	znanje			
content	data/onboarding.json	onboarding:obdobja.0.naloge.0.naziv	obdobja.0.naloge.0.naziv	Preberi spletno stran interzero.si, interzero.hr, interzero.rs	Pročitajte web stranicu interzero.si, interzero.hr, interzero.rs	Pročitajte sajt interzero.si, interzero.hr, interzero.rs	
content	data/onboarding.json	onboarding:obdobja.0.naloge.1.id	obdobja.0.naloge.1.id	t1-2			
content	data/onboarding.json	onboarding:obdobja.0.naloge.1.naziv	obdobja.0.naloge.1.naziv	Preberi Glosar EPR pojmov v aplikaciji — vse kategorije	Pročitajte Rječnik pojmova EPR u aplikaciji — sve kategorije	Pročitajte Rečnik EPR koncepata u aplikaciji — sve kategorije	
content	data/onboarding.json	onboarding:obdobja.0.naloge.2.id	obdobja.0.naloge.2.id	t1-3			
content	data/onboarding.json	onboarding:obdobja.0.naloge.2.naziv	obdobja.0.naloge.2.naziv	Razumi razliko EPR vs ERP — preveri z vodjo	Shvatite razliku između EPR-a i ERP-a — provjerite sa svojim upraviteljem	Shvatite razliku između EPR-a i ERP-a — proverite sa svojim menadžerom	
content	data/onboarding.json	onboarding:obdobja.0.naloge.3.id	obdobja.0.naloge.3.id	t1-4			
content	data/onboarding.json	onboarding:obdobja.0.naloge.3.kategorija	obdobja.0.naloge.3.kategorija	ljudje			
content	data/onboarding.json	onboarding:obdobja.0.naloge.3.naziv	obdobja.0.naloge.3.naziv	Spoznaj ekipo — vsak član v 15 minutah pove, kaj dela	Upoznajte tim — svaki član objašnjava što radi u 15 minuta	Upoznajte tim — svaki član objašnjava šta radi za 15 minuta	
content	data/onboarding.json	onboarding:obdobja.0.naloge.4.id	obdobja.0.naloge.4.id	t1-5			
content	data/onboarding.json	onboarding:obdobja.0.naloge.4.naziv	obdobja.0.naloge.4.naziv	Preberi modul Zakonodaja (Slovenija) v aplikaciji	U aplikaciji pročitajte modul Zakonodavstvo (Slovenija).	Pročitajte modul Zakonodavstvo (Slovenija) u aplikaciji	
content	data/onboarding.json	onboarding:obdobja.0.naloge.5.id	obdobja.0.naloge.5.id	t1-6			
content	data/onboarding.json	onboarding:obdobja.0.naloge.5.naziv	obdobja.0.naloge.5.naziv	Preberi modul Vodič — vse faze po vrsti	Pročitajte modul Vodič — sve faze redom	Pročitajte modul Vodiča — sve faze po redu	
content	data/onboarding.json	onboarding:obdobja.0.naloge.6.id	obdobja.0.naloge.6.id	t1-7			
content	data/onboarding.json	onboarding:obdobja.0.naloge.6.naziv	obdobja.0.naloge.6.naziv	Preberi modul Proces — 10 faz prodaje	Pročitajte modul Proces — 10 faza prodaje	Pročitajte modul Proces — 10 faza prodaje	
content	data/onboarding.json	onboarding:obdobja.0.naloge.7.id	obdobja.0.naloge.7.id	t1-8			
content	data/onboarding.json	onboarding:obdobja.0.naloge.7.kategorija	obdobja.0.naloge.7.kategorija	produkt			
content	data/onboarding.json	onboarding:obdobja.0.naloge.7.naziv	obdobja.0.naloge.7.naziv	Vodja predstavi 4 ključne pakete storitev z besedo (osnovni, razširjeni, regionalni, svetovalni)	Voditelj predstavlja 4 ključna paketa usluga s riječju (osnovni, prošireni, regionalni, savjetovanje)	Menadžer predstavlja 4 ključna paketa usluga sa rečju (osnovni, prošireni, regionalni, konsultantski)	
content	data/onboarding.json	onboarding:obdobja.0.naziv	obdobja.0.naziv	Teden 1 — Osnove podjetja in pojmov	1. tjedan — Osnove i koncepti poslovanja	1. nedelja — Osnove poslovanja i koncepti	
content	data/onboarding.json	onboarding:obdobja.0.preverljiv_rezultat	obdobja.0.preverljiv_rezultat	V 15 minutah samostojno razložim, kaj je EPR, komu prodajamo in zakaj. Naštejem 4 pakete storitev.	U 15 minuta samostalno objašnjavam što je EPR, kome prodajemo i zašto. Navodim 4 paketa usluga.	Za 15 minuta samostalno objašnjavam šta je EPR, kome prodajemo i zašto. Navodim 4 paketa usluga.	
content	data/onboarding.json	onboarding:obdobja.0.trajanje	obdobja.0.trajanje	1.–7. dan	1.-7. dan	1.-7. dan	
content	data/onboarding.json	onboarding:obdobja.1.cilj	obdobja.1.cilj	Razumeti, kdo so naše stranke in kdo pri njih odloča.	Shvatite tko su naši kupci i tko donosi odluke umjesto njih.	Shvatite ko su naši kupci i ko donosi odluke umesto njih.	
content	data/onboarding.json	onboarding:obdobja.1.id	obdobja.1.id	teden-2			
content	data/onboarding.json	onboarding:obdobja.1.naloge.0.id	obdobja.1.naloge.0.id	t2-1			
content	data/onboarding.json	onboarding:obdobja.1.naloge.0.naziv	obdobja.1.naloge.0.naziv	Preberi modul Panoge — vseh 8 segmentov	Pročitajte modul Industrija — svih 8 segmenata	Pročitajte Industrijski modul — svih 8 segmenata	
content	data/onboarding.json	onboarding:obdobja.1.naloge.1.id	obdobja.1.naloge.1.id	t2-2			
content	data/onboarding.json	onboarding:obdobja.1.naloge.1.naziv	obdobja.1.naloge.1.naziv	Preberi modul Odločevalci — 4 tipi sogovornikov	Pročitajte modul Donositelji odluka — 4 tipa sugovornika	Pročitajte modul Donosioci odluka — 4 vrste sagovornika	
content	data/onboarding.json	onboarding:obdobja.1.naloge.2.id	obdobja.1.naloge.2.id	t2-3			
content	data/onboarding.json	onboarding:obdobja.1.naloge.2.kategorija	obdobja.1.naloge.2.kategorija	primer			
content	data/onboarding.json	onboarding:obdobja.1.naloge.2.naziv	obdobja.1.naloge.2.naziv	Z vodjo preglej 5 obstoječih strank — za vsako: panoga, odločevalec, kako smo zaprli	Pregledajte 5 postojećih kupaca s upraviteljem — za svakog: djelatnost, donositelja odluka, kako smo zaključili	Pregledajte 5 postojećih klijenata sa menadžerom — za svakog: industriju, donosioca odluka, način na koji smo zatvorili	
content	data/onboarding.json	onboarding:obdobja.1.naloge.3.id	obdobja.1.naloge.3.id	t2-4			
content	data/onboarding.json	onboarding:obdobja.1.naloge.3.naziv	obdobja.1.naloge.3.naziv	Preberi modul Reference / case studies — vsaj 5 primerov	Pročitajte modul Reference / studije slučaja — najmanje 5 primjera	Pročitajte modul Referenca / studije slučaja — najmanje 5 primera	
content	data/onboarding.json	onboarding:obdobja.1.naloge.4.id	obdobja.1.naloge.4.id	t2-5			
content	data/onboarding.json	onboarding:obdobja.1.naloge.4.naziv	obdobja.1.naloge.4.naziv	Preberi modul Ugovori — vse kategorije	Pročitajte modul Prigovori — sve kategorije	Pročitajte modul Primedbe — sve kategorije	
content	data/onboarding.json	onboarding:obdobja.1.naloge.5.id	obdobja.1.naloge.5.id	t2-6			
content	data/onboarding.json	onboarding:obdobja.1.naloge.5.naziv	obdobja.1.naloge.5.naziv	Preberi modul Konkurenca — battlecards	Pročitajte modul Natjecanje — borbene karte	Pročitajte modul Takmičenje — borbene karte	
content	data/onboarding.json	onboarding:obdobja.1.naziv	obdobja.1.naziv	Teden 2 — Panoge in odločevalci	2. tjedan — Industrije i donositelji odluka	2. nedelja — Industrije i donosioci odluka	
content	data/onboarding.json	onboarding:obdobja.1.preverljiv_rezultat	obdobja.1.preverljiv_rezultat	Za 3 različne panoge naštejem tipične bolečine in glavnega odločevalca.	Za 3 različite industrije navodim tipične bolne točke i glavnog donositelja odluka.	Za 3 različite industrije, navodim tipične bolne tačke i glavnog donosioca odluka.	
content	data/onboarding.json	onboarding:obdobja.1.trajanje	obdobja.1.trajanje	8.–14. dan	8.–14. dan	8.–14. dan	
content	data/onboarding.json	onboarding:obdobja.2.cilj	obdobja.2.cilj	Iti na realne sestanke z izkušenim komercialistom. Opazovati, ne govoriti.	Idite na prave sastanke s iskusnim komercijalistom. Promatrati, a ne govoriti.	Idite na prave sastanke sa iskusnim komercijalistom. Posmatrati, a ne govoriti.	
content	data/onboarding.json	onboarding:obdobja.2.id	obdobja.2.id	teden-3-4			
content	data/onboarding.json	onboarding:obdobja.2.naloge.0.id	obdobja.2.naloge.0.id	t34-1			
content	data/onboarding.json	onboarding:obdobja.2.naloge.0.kategorija	obdobja.2.naloge.0.kategorija	praksa			
content	data/onboarding.json	onboarding:obdobja.2.naloge.0.naziv	obdobja.2.naloge.0.naziv	Udeleži se vsaj 5 sestankov z izkušenim komercialistom	Prisustvujte najmanje 5 sastanaka s iskusnim komercijalistom	Posetite najmanje 5 sastanaka sa iskusnim komercijalistom	
content	data/onboarding.json	onboarding:obdobja.2.naloge.1.id	obdobja.2.naloge.1.id	t34-2			
content	data/onboarding.json	onboarding:obdobja.2.naloge.1.naziv	obdobja.2.naloge.1.naziv	Po vsakem sestanku 30 minut debrief: kaj je delovalo, kaj ne, zakaj	Nakon svakog sastanka, 30-minutni debrief: što je uspjelo, što nije, zašto	Posle svakog sastanka, 30-minutni izveštaj: šta je uspelo, šta nije, zašto	
content	data/onboarding.json	onboarding:obdobja.2.naloge.2.id	obdobja.2.naloge.2.id	t34-3			
content	data/onboarding.json	onboarding:obdobja.2.naloge.2.naziv	obdobja.2.naloge.2.naziv	Bodite tihi opazovalec — predstavi se na začetku, potem samo poslušaj	Budite tihi promatrač — prvo se predstavite, a zatim samo slušajte	Budite tihi posmatrač - prvo se predstavite, a zatim samo slušajte	
content	data/onboarding.json	onboarding:obdobja.2.naloge.3.id	obdobja.2.naloge.3.id	t34-4			
content	data/onboarding.json	onboarding:obdobja.2.naloge.3.naziv	obdobja.2.naloge.3.naziv	Vodi zapiske: 3 dobesedne stavke komercialista, ki so dobro delovali	Vodite bilješke: 3 doslovne rečenice reklama koje su dobro funkcionirale	Vodite beleške: 3 doslovne rečenice reklama koje su dobro funkcionisale	
content	data/onboarding.json	onboarding:obdobja.2.naloge.4.id	obdobja.2.naloge.4.id	t34-5			
content	data/onboarding.json	onboarding:obdobja.2.naloge.4.naziv	obdobja.2.naloge.4.naziv	Vodi zapiske: 3 ugovorov stranke in kako jih je komercialist obravnaval	Vodite bilješke: 3 prigovora kupaca i kako ih je komercijalist riješio	Zabeležite: 3 primedbe kupaca i kako ih je komercijalista rešio	
content	data/onboarding.json	onboarding:obdobja.2.naloge.5.id	obdobja.2.naloge.5.id	t34-6			
content	data/onboarding.json	onboarding:obdobja.2.naloge.5.naziv	obdobja.2.naloge.5.naziv	Sestavi svoj seznam 10 najprimernejših discovery vprašanj za EPR sestanke	Sastavite svoj popis od 10 najprikladnijih pitanja za otkrivanje za EPR sastanke	Sastavite svoju listu od 10 najprikladnijih pitanja za otkrivanje za EPR sastanke	
content	data/onboarding.json	onboarding:obdobja.2.naloge.6.id	obdobja.2.naloge.6.id	t34-7			
content	data/onboarding.json	onboarding:obdobja.2.naloge.6.kategorija	obdobja.2.naloge.6.kategorija	vaja			
content	data/onboarding.json	onboarding:obdobja.2.naloge.6.naziv	obdobja.2.naloge.6.naziv	Roleplay z vodjo: ti igraš prodajalca, vodja igra stranko (3 različni scenariji)	Igranje uloga s upraviteljem: vi glumite prodavača, upravitelj igra kupca (3 različita scenarija)	Igra uloga sa menadžerom: vi igrate prodavca, menadžer igra kupca (3 različita scenarija)	
content	data/onboarding.json	onboarding:obdobja.2.naziv	obdobja.2.naziv	Tedna 3-4 — Opazovanje (shadowing)	Tjedan 3-4 — Sjenčanje	Nedelja 3-4 — Senčenje	
content	data/onboarding.json	onboarding:obdobja.2.preverljiv_rezultat	obdobja.2.preverljiv_rezultat	Vodja oceni, da bi te v naslednjem mesecu poslal sam na sestanek pri majhni stranki.	Voditelj procjenjuje da bi vas u sljedećih mjesec dana poslao samog na sastanak s malim klijentom.	Menadžer procenjuje da bi vas u narednih mesec dana poslao samog na sastanak sa malim klijentom.	
content	data/onboarding.json	onboarding:obdobja.2.trajanje	obdobja.2.trajanje	15.–28. dan	15-28 dana	15-28 dana	
content	data/onboarding.json	onboarding:obdobja.3.cilj	obdobja.3.cilj	Vodi prve sestanke sam, ob podpori vodje.	Prve sastanke vodi sam, uz podršku voditelja.	Prve sastanke vodi sam, uz podršku upravnika.	
content	data/onboarding.json	onboarding:obdobja.3.id	obdobja.3.id	teden-5-6			
content	data/onboarding.json	onboarding:obdobja.3.naloge.0.id	obdobja.3.naloge.0.id	t56-1			
content	data/onboarding.json	onboarding:obdobja.3.naloge.0.naziv	obdobja.3.naloge.0.naziv	Pripravi 5 sestankov v aplikaciji (modul Priprava) z realnimi strankami	Pripremite 5 sastanaka u aplikaciji (pripremni modul) sa stvarnim klijentima	Pripremite 5 sastanaka u aplikaciji (Pripremni modul) sa stvarnim klijentima	
content	data/onboarding.json	onboarding:obdobja.3.naloge.1.id	obdobja.3.naloge.1.id	t56-2			
content	data/onboarding.json	onboarding:obdobja.3.naloge.1.naziv	obdobja.3.naloge.1.naziv	Izpolni Discovery obrazec za vsak sestanek pred odhodom	Ispunite obrazac Discovery za svaki termin prije polaska	Popunite obrazac Discoveri za svaki termin pre polaska	
content	data/onboarding.json	onboarding:obdobja.3.naloge.2.id	obdobja.3.naloge.2.id	t56-3			
content	data/onboarding.json	onboarding:obdobja.3.naloge.2.naziv	obdobja.3.naloge.2.naziv	Vodi vsaj 3 sestanke samostojno (vodja se priključi šele na koncu)	Vodi najmanje 3 sastanka samostalno (voditelj se uključuje tek na kraju)	Samostalno vodi najmanje 3 sastanka (vođa se pridružuje tek na kraju)	
content	data/onboarding.json	onboarding:obdobja.3.naloge.3.id	obdobja.3.naloge.3.id	t56-4			
content	data/onboarding.json	onboarding:obdobja.3.naloge.3.naziv	obdobja.3.naloge.3.naziv	Po vsakem sestanku z vodjo: kaj je delovalo, kaj bi naredil drugače	Nakon svakog sastanka s upraviteljem: što je funkcioniralo, što biste učinili drugačije	Posle svakog sastanka sa menadžerom: šta je uspelo, šta biste uradili drugačije	
content	data/onboarding.json	onboarding:obdobja.3.naloge.4.id	obdobja.3.naloge.4.id	t56-5			
content	data/onboarding.json	onboarding:obdobja.3.naloge.4.kategorija	obdobja.3.naloge.4.kategorija	disciplina			
content	data/onboarding.json	onboarding:obdobja.3.naloge.4.naziv	obdobja.3.naloge.4.naziv	Pošlji follow-up email v 24 urah po vsakem sestanku	Pošaljite naknadnu e-poruku unutar 24 sata od svakog sastanka	Pošaljite naknadnu e-poštu u roku od 24 sata od svakog sastanka	
content	data/onboarding.json	onboarding:obdobja.3.naloge.5.id	obdobja.3.naloge.5.id	t56-6			
content	data/onboarding.json	onboarding:obdobja.3.naloge.5.naziv	obdobja.3.naloge.5.naziv	Vpisi vsako stranko v modul Stranke z naslednjim korakom in datumom	Unesite svakog kupca u modul Kupci sa sljedećim korakom i datumom	Unesite svakog kupca u modul Kupci sa sledećim korakom i datumom	
content	data/onboarding.json	onboarding:obdobja.3.naziv	obdobja.3.naziv	Tedna 5-6 — Prvi samostojni sestanki	Tjedan 5-6 — Prvi individualni sastanci	5-6 nedelja — Prvi pojedinačni sastanci	
content	data/onboarding.json	onboarding:obdobja.3.preverljiv_rezultat	obdobja.3.preverljiv_rezultat	Lahko pripeljem stranko od prvega stika do potrjenega obsega ponudbe brez vmesne pomoči.	Mogu voditi klijenta od prvog kontakta do potvrđenog opsega ponude bez posredničke pomoći.	Mogu da vodim klijenta od prvog kontakta do potvrđenog obima ponude bez posredničke pomoći.	
content	data/onboarding.json	onboarding:obdobja.3.trajanje	obdobja.3.trajanje	29.–42. dan	29-42 dana	29-42 dana	
content	data/onboarding.json	onboarding:obdobja.4.cilj	obdobja.4.cilj	Pripraviš prvo lastno ponudbo, od konca do konca.	Vi pripremate svoju prvu ponudu, od kraja do kraja.	Pripremate svoju prvu ponudu, od kraja do kraja.	
content	data/onboarding.json	onboarding:obdobja.4.id	obdobja.4.id	teden-7-8			
content	data/onboarding.json	onboarding:obdobja.4.naloge.0.id	obdobja.4.naloge.0.id	t78-1			
content	data/onboarding.json	onboarding:obdobja.4.naloge.0.naziv	obdobja.4.naloge.0.naziv	Pripravi 3 izračune EPR takse v modulu Kalkulacije	Pripremite 3 EPR obračuna poreza u modulu Izračuni	Pripremite 3 EPR obračuna poreza u modulu Kalkulacije	
content	data/onboarding.json	onboarding:obdobja.4.naloge.1.id	obdobja.4.naloge.1.id	t78-2			
content	data/onboarding.json	onboarding:obdobja.4.naloge.1.naziv	obdobja.4.naloge.1.naziv	Pripravi prvi business case (pred/po) za realno stranko	Priprema prvi poslovni slučaj (prije/poslije) za pravog klijenta	Priprema prvi poslovni slučaj (pre/posle) za pravog klijenta	
content	data/onboarding.json	onboarding:obdobja.4.naloge.2.id	obdobja.4.naloge.2.id	t78-3			
content	data/onboarding.json	onboarding:obdobja.4.naloge.2.naziv	obdobja.4.naloge.2.naziv	Pripravi prvo ponudbo v modulu Ponudba z živim predogledom	Pripremite prvu ponudu u modulu Ponuda s pregledom uživo	Pripremite prvu ponudu u modulu Ponuda sa pregledom uživo	
content	data/onboarding.json	onboarding:obdobja.4.naloge.3.id	obdobja.4.naloge.3.id	t78-4			
content	data/onboarding.json	onboarding:obdobja.4.naloge.3.naziv	obdobja.4.naloge.3.naziv	Pregled ponudbe z vodjo PRED pošiljanjem stranki	Pregledajte ponudu s upraviteljem PRIJE slanja kupcu	Pregledajte ponudu sa menadžerom PRE nego što pošaljete kupcu	
content	data/onboarding.json	onboarding:obdobja.4.naloge.4.id	obdobja.4.naloge.4.id	t78-5			
content	data/onboarding.json	onboarding:obdobja.4.naloge.4.naziv	obdobja.4.naloge.4.naziv	Pošlji ponudbo z dogovorjenim datumom za pregled (ne v 'črno luknjo')	Pošaljite ponudu s dogovorenim datumom na uvid (ne u 'crnu rupu')	Pošaljite ponudu sa dogovorenim datumom na pregled (ne u 'crnu rupu')	
content	data/onboarding.json	onboarding:obdobja.4.naziv	obdobja.4.naziv	Tedna 7-8 — Prvi izračuni in ponudbe	Tjedan 7-8 — Prvi izračuni i ponude	Nedelja 7-8 — Prvi proračuni i ponude	
content	data/onboarding.json	onboarding:obdobja.4.preverljiv_rezultat	obdobja.4.preverljiv_rezultat	Samostojno pripravim ponudbo za stranko srednje kompleksnosti v 4 urah.	Samostalno pripremam ponudu za klijenta srednje složenosti u roku od 4 sata.	Samostalno pripremam ponudu za klijenta srednje složenosti u roku od 4 sata.	
content	data/onboarding.json	onboarding:obdobja.4.trajanje	obdobja.4.trajanje	43.–56. dan	43–56 (prikaz, ostalo). dan	43–56. dan	
content	data/onboarding.json	onboarding:obdobja.5.cilj	obdobja.5.cilj	Naučiš se obravnavati ugovore in zaključevati posel.	Naučiš rješavati prigovore i zaključiti posao.	Naučite da se nosite sa prigovorima i zaključite posao.	
content	data/onboarding.json	onboarding:obdobja.5.id	obdobja.5.id	teden-9-10			
content	data/onboarding.json	onboarding:obdobja.5.naloge.0.id	obdobja.5.naloge.0.id	t910-1			
content	data/onboarding.json	onboarding:obdobja.5.naloge.0.naziv	obdobja.5.naloge.0.naziv	Roleplay z vodjo: 10 različnih ugovorov, AVO formula	Igra uloga s voditeljem: 10 različitih prigovora, AVO formula	Igra uloga sa vođom: 10 različitih zamerki, AVO formula	
content	data/onboarding.json	onboarding:obdobja.5.naloge.1.id	obdobja.5.naloge.1.id	t910-2			
content	data/onboarding.json	onboarding:obdobja.5.naloge.1.naziv	obdobja.5.naloge.1.naziv	Pregled svojih sestankov s vidika ugovorov: katere si dobro obravnaval, katere ne	Pregled vaših sastanaka u smislu prigovora: koje ste dobro riješili, a koje niste	Pregled vaših sastanaka u smislu primedbi: koje ste dobro rešili, a koje niste	
content	data/onboarding.json	onboarding:obdobja.5.naloge.2.id	obdobja.5.naloge.2.id	t910-3			
content	data/onboarding.json	onboarding:obdobja.5.naloge.2.naziv	obdobja.5.naloge.2.naziv	Vodi pogovor o ceni s stranko, ne padaj v popust avtomatsko	Razgovarajte o cijeni s kupcem, nemojte automatski nasjedati na popust	Razgovarajte o ceni sa kupcem, nemojte automatski nasedati na popust	
content	data/onboarding.json	onboarding:obdobja.5.naloge.3.id	obdobja.5.naloge.3.id	t910-4			
content	data/onboarding.json	onboarding:obdobja.5.naloge.3.naziv	obdobja.5.naloge.3.naziv	Pridobi prvi 'soft commit' od stranke (verbalno strinjanje pred podpisom)	Dobijte prvo 'soft commit' od kupca (usmeni dogovor prije potpisivanja)	Dobijte prvu 'meku obavezu' od klijenta (usmeni dogovor pre potpisivanja)	
content	data/onboarding.json	onboarding:obdobja.5.naloge.4.id	obdobja.5.naloge.4.id	t910-5			
content	data/onboarding.json	onboarding:obdobja.5.naloge.4.naziv	obdobja.5.naloge.4.naziv	Dogovori prvi zaključek (podpis ali jasen razlog izgube)	Dogovorite prvi zaključak (potpis ili jasan razlog gubitka)	Organizujte prvi zaključak (potpis ili jasan razlog gubitka)	
content	data/onboarding.json	onboarding:obdobja.5.naziv	obdobja.5.naziv	Tedna 9-10 — Soočenje z ugovori in zaključevanje	Tjedni 9-10 — Suočavanje s prigovorima i zatvaranje	Nedelje 9-10 — Suočavanje sa primedbama i zatvaranje	
content	data/onboarding.json	onboarding:obdobja.5.preverljiv_rezultat	obdobja.5.preverljiv_rezultat	Imel sem vsaj en zaključen posel — zmago ali pošteno izgubo s konkretnim razlogom.	Imao sam barem jednu zatvorenu trgovinu — dobitak ili pošten gubitak s konkretnim razlogom.	Imao sam najmanje jednu zatvorenu trgovinu — pobedu ili pošten poraz sa konkretnim razlogom.	
content	data/onboarding.json	onboarding:obdobja.5.trajanje	obdobja.5.trajanje	57.–70. dan	57-70 dana	57-70 dana	
content	data/onboarding.json	onboarding:obdobja.6.cilj	obdobja.6.cilj	Gradiš lasten pipeline. Disciplina CRM zapisov.	Gradite vlastiti cjevovod. Disciplina CRM zapisa.	Vi gradite sopstveni cevovod. Disciplina CRM evidencije.	
content	data/onboarding.json	onboarding:obdobja.6.id	obdobja.6.id	teden-11-12			
content	data/onboarding.json	onboarding:obdobja.6.naloge.0.id	obdobja.6.naloge.0.id	t1112-1			
content	data/onboarding.json	onboarding:obdobja.6.naloge.0.naziv	obdobja.6.naloge.0.naziv	Vodi 10+ aktivnih strank v modulu Stranke	Upravljajte s 10+ aktivnih klijenata u modulu Klijenti	Upravljajte sa 10+ aktivnih klijenata u modulu Klijenti	
content	data/onboarding.json	onboarding:obdobja.6.naloge.1.id	obdobja.6.naloge.1.id	t1112-2			
content	data/onboarding.json	onboarding:obdobja.6.naloge.1.naziv	obdobja.6.naloge.1.naziv	Vsaka aktivna stranka ima naslednji korak z DATUMOM	Svaki aktivni korisnik ima sljedeći korak s DATUMOM	Svaki aktivni klijent ima sledeći korak sa DATUMOM	
content	data/onboarding.json	onboarding:obdobja.6.naloge.2.id	obdobja.6.naloge.2.id	t1112-3			
content	data/onboarding.json	onboarding:obdobja.6.naloge.2.naziv	obdobja.6.naloge.2.naziv	Tedenski pregled pipeline-a z vodjo	Tjedni pregled cjevovoda s upraviteljem	Nedeljni pregled cevovoda sa menadžerom	
content	data/onboarding.json	onboarding:obdobja.6.naloge.3.id	obdobja.6.naloge.3.id	t1112-4			
content	data/onboarding.json	onboarding:obdobja.6.naloge.3.naziv	obdobja.6.naloge.3.naziv	Aktivna prospektacija — vsaj 5 novih lead-ov na teden	Aktivno traženje potencijalnih kupaca — najmanje 5 novih potencijalnih klijenata tjedno	Aktivno traženje potencijalnih klijenata — najmanje 5 novih potencijalnih klijenata nedeljno	
content	data/onboarding.json	onboarding:obdobja.6.naloge.4.id	obdobja.6.naloge.4.id	t1112-5			
content	data/onboarding.json	onboarding:obdobja.6.naloge.4.kategorija	obdobja.6.naloge.4.kategorija	razmislek			
content	data/onboarding.json	onboarding:obdobja.6.naloge.4.naziv	obdobja.6.naloge.4.naziv	Razmisli o lastni specializaciji (panoga, velikost, tip storitve)	Razmotrite vlastitu specijalizaciju (industrija, veličina, vrsta usluge)	Razmotrite sopstvenu specijalizaciju (industrija, veličina, vrsta usluge)	
content	data/onboarding.json	onboarding:obdobja.6.naziv	obdobja.6.naziv	Tedna 11-12 — Lasten pipeline in CRM disciplina	Tjedan 11-12 — Vlastiti cjevovod i CRM disciplina	Nedelja 11-12 — Sopstveni cevovod i CRM disciplina	
content	data/onboarding.json	onboarding:obdobja.6.preverljiv_rezultat	obdobja.6.preverljiv_rezultat	Vodim aktiven pipeline z disciplino CRM zapisov, brez 'mrtvih' priložnosti.	Vodim aktivan cjevovod s discipliniranim CRM zapisima, bez 'mrtvih' prilika.	Vodim aktivan cevovod sa disciplinovanim CRM zapisima, bez „mrtvih“ mogućnosti.	
content	data/onboarding.json	onboarding:obdobja.6.trajanje	obdobja.6.trajanje	71.–84. dan	71-84 dana	71–84 dan	
content	data/onboarding.json	onboarding:obdobja.7.cilj	obdobja.7.cilj	Skupaj z vodjo oceniti, kje si močan, kje treba dopolniti.	Zajedno s menadžerom procijenite gdje ste jaki, a gdje se trebate poboljšati.	Zajedno sa menadžerom procenite gde ste jaki i gde treba da se poboljšate.	
content	data/onboarding.json	onboarding:obdobja.7.id	obdobja.7.id	90-dnevni-pregled			
content	data/onboarding.json	onboarding:obdobja.7.naloge.0.id	obdobja.7.naloge.0.id	p90-1			
content	data/onboarding.json	onboarding:obdobja.7.naloge.0.kategorija	obdobja.7.naloge.0.kategorija	ocena			
content	data/onboarding.json	onboarding:obdobja.7.naloge.0.naziv	obdobja.7.naloge.0.naziv	Pregled rezultatov: koliko sestankov, koliko ponudb, koliko zmag/izgub	Pregled rezultata: koliko susreta, koliko ponuda, koliko pobjeda/poraza	Pregled rezultata: koliko sastanaka, koliko ponuda, koliko pobeda/gubitaka	
content	data/onboarding.json	onboarding:obdobja.7.naloge.1.id	obdobja.7.naloge.1.id	p90-2			
content	data/onboarding.json	onboarding:obdobja.7.naloge.1.naziv	obdobja.7.naloge.1.naziv	Pregled močnih in šibkih točk z vodjo	Pregled snaga i slabosti s menadžerom	Pregled prednosti i slabosti sa menadžerom	
content	data/onboarding.json	onboarding:obdobja.7.naloge.2.id	obdobja.7.naloge.2.id	p90-3			
content	data/onboarding.json	onboarding:obdobja.7.naloge.2.kategorija	obdobja.7.naloge.2.kategorija	nacrt			
content	data/onboarding.json	onboarding:obdobja.7.naloge.2.naziv	obdobja.7.naloge.2.naziv	Načrt za naslednje 3 mesece: kateri segmenti, koliko strank, kateri cilji	Planirajte za sljedeća 3 mjeseca: koji segmenti, koliko kupaca, koji ciljevi	Planirajte za naredna 3 meseca: koji segmenti, koliko kupaca, koji ciljevi	
content	data/onboarding.json	onboarding:obdobja.7.naloge.3.id	obdobja.7.naloge.3.id	p90-4			
content	data/onboarding.json	onboarding:obdobja.7.naloge.3.naziv	obdobja.7.naloge.3.naziv	Plan dodatnih usposabljanj (npr. zakonodaja, ESG, konkretna industrija)	Dodatni plan obuke (npr. zakonodavstvo, ESG, posebna industrija)	Dodatni plan obuke (npr. zakonodavstvo, ESG, specifična industrija)	
content	data/onboarding.json	onboarding:obdobja.7.naziv	obdobja.7.naziv	90-dnevni pregled	Pregled od 90 dana	90-dnevni pregled	
content	data/onboarding.json	onboarding:obdobja.7.preverljiv_rezultat	obdobja.7.preverljiv_rezultat	Nov komercialist samostojno deluje. Vodja preide iz mentorja v običajnega vodjo.	Novi komercijalist radi samostalno. Voditelj prelazi iz mentora u običnog voditelja.	Novi komercijalista radi samostalno. Vođa prelazi iz mentora u redovnog lidera.	
content	data/onboarding.json	onboarding:obdobja.7.trajanje	obdobja.7.trajanje	85.–90. dan	85-90 dana	85-90 dana	
content	data/onboarding.json	onboarding:podporne_aktivnosti.0.kaj	podporne_aktivnosti.0.kaj	Pregled napredka, blokade, vprašanja, plan za naslednji teden.	Pregled napretka, blokada, pitanja, plan za sljedeći tjedan.	Pregled napretka, blokade, pitanja, plan za sledeću nedelju.	
content	data/onboarding.json	onboarding:podporne_aktivnosti.0.naziv	podporne_aktivnosti.0.naziv	Tedenski 1:1 z vodjo	Tjedno 1:1 s upraviteljem	Nedeljnik 1:1 sa menadžerom	
content	data/onboarding.json	onboarding:podporne_aktivnosti.0.ritem	podporne_aktivnosti.0.ritem	Vsak teden 30 minut	30 minuta svaki tjedan	30 minuta svake nedelje	
content	data/onboarding.json	onboarding:podporne_aktivnosti.1.kaj	podporne_aktivnosti.1.kaj	Novinec predstavi en sestanek — kaj je delovalo, kaj se je naučil. Ekipa komentira.	Pridošlica predstavlja jedan sastanak — što je funkcioniralo, što je naučio. Tim komentira.	Novajlija predstavlja jedan sastanak — šta je uspelo, šta je naučio. Tim komentariše.	
content	data/onboarding.json	onboarding:podporne_aktivnosti.1.naziv	podporne_aktivnosti.1.naziv	Mesečno deljenje primerov v ekipi	Mjesečno dijeljenje slučajeva u timu	Mesečno deljenje slučajeva u timu	
content	data/onboarding.json	onboarding:podporne_aktivnosti.1.ritem	podporne_aktivnosti.1.ritem	1x mesečno	1x mjesečno	1k mesečno	
content	data/onboarding.json	onboarding:podporne_aktivnosti.2.kaj	podporne_aktivnosti.2.kaj	Novinec ima dostop do zadnjih 10 zmag in 10 izgub, da razume vzorce.	Početnik ima pristup zadnjih 10 pobjeda i 10 poraza kako bi razumio obrasce.	Novak ima pristup poslednjih 10 pobeda i 10 poraza da bi razumeo obrasce.	
content	data/onboarding.json	onboarding:podporne_aktivnosti.2.naziv	podporne_aktivnosti.2.naziv	Dostop do zaprtih poslov	Pristup zatvorenim poslovima	Pristup zatvorenim poslovima	
content	data/panoge.json	panoge:_opis	_opis	Panoge / segmenti strank. Vsaka panoga ima tipične bolečine, sogovornika in storitve, ki jih najbolj zanimajo.	Industrije / segmenti kupaca. Svaka industrija ima tipične bolne točke, ljude s kojima razgovaraju i usluge koje ih najviše zanimaju.	Industrije / segmenti kupaca. Svaka industrija ima tipične bolne tačke, ljude sa kojima razgovaraju i usluge za koje su najviše zainteresovani.	
content	data/panoge.json	panoge:panoge.0.bolecine.0	panoge.0.bolecine.0	Veliki letni stroški EPR takse zaradi obsega embalaže.	Veliki godišnji troškovi EPR poreza zbog količine pakiranja.	Veliki godišnji troškovi EPR poreza zbog obima pakovanja.	
content	data/panoge.json	panoge:panoge.0.bolecine.1	panoge.0.bolecine.1	Pogoste spremembe v izdelkih → ponovno klasificiranje embalaže.	Česte promjene proizvoda → reklasifikacija pakiranja.	Česte promene proizvoda → reklasifikacija ambalaže.	
content	data/panoge.json	panoge:panoge.0.bolecine.2	panoge.0.bolecine.2	ESG zahteve trgovskih verig (Made for Recycling, recyclability).	ESG zahtjevi trgovačkih lanaca (Made for Recycling, mogućnost recikliranja).	ESG zahtevi maloprodajnih lanaca (Made for Recicling, reciklabilnost).	
content	data/panoge.json	panoge:panoge.0.id	panoge.0.id	fmcg			
content	data/panoge.json	panoge:panoge.0.kljucne_storitve.0	panoge.0.kljucne_storitve.0	EPR shema	EPR shema	EPR šema	
content	data/panoge.json	panoge:panoge.0.kljucne_storitve.1	panoge.0.kljucne_storitve.1	analiza embalaže	analiza ambalaže	analiza pakovanja	
content	data/panoge.json	panoge:panoge.0.kljucne_storitve.2	panoge.0.kljucne_storitve.2	Made for Recycling certifikat	Certifikat Made for Recycling	Napravljen za sertifikat za reciklažu	
content	data/panoge.json	panoge:panoge.0.kljucne_storitve.3	panoge.0.kljucne_storitve.3	poročanje	izvještavanje	izveštavanje	
content	data/panoge.json	panoge:panoge.0.kljucne_storitve.4	panoge.0.kljucne_storitve.4	ESG podpora	ESG podrška	ESG podrška	
content	data/panoge.json	panoge:panoge.0.naziv	panoge.0.naziv	FMCG / proizvodnja hitro premikajočega blaga	FMCG / proizvodnja robe koja se brzo kreće	FMCG / proizvodnja brze robe	
content	data/panoge.json	panoge:panoge.0.tipicna_velikost	panoge.0.tipicna_velikost	Srednje do veliko podjetje, več SKU-jev, večina embalaže potrošniška.	Srednje do velike tvrtke, više SKU-ova, većina potrošačkih pakiranja.	Srednja do velika preduzeća, više SKU-ova, većina potrošačkog pakovanja.	
content	data/panoge.json	panoge:panoge.0.tipicni_odlocevalci.0	panoge.0.tipicni_odlocevalci.0	nabava			
content	data/panoge.json	panoge:panoge.0.tipicni_odlocevalci.2	panoge.0.tipicni_odlocevalci.2	sustainability			
content	data/panoge.json	panoge:panoge.1.bolecine.0	panoge.1.bolecine.0	Velike količine kartona in folije iz dobavnih verig.	Velike količine kartona i folija iz opskrbnih lanaca.	Velike količine kartona i folije iz lanaca snabdevanja.	
content	data/panoge.json	panoge:panoge.1.bolecine.1	panoge.1.bolecine.1	Logistika odpadkov med skladišči in trgovinami.	Logistika otpada između skladišta i trgovina.	Logistika otpada između skladišta i prodavnica.	
content	data/panoge.json	panoge:panoge.1.bolecine.2	panoge.1.bolecine.2	Različni dobavitelji odpadkov na različnih lokacijah.	Različiti dobavljači otpada na različitim lokacijama.	Različiti dobavljači otpada na različitim lokacijama.	
content	data/panoge.json	panoge:panoge.1.id	panoge.1.id	trgovina			
content	data/panoge.json	panoge:panoge.1.kljucne_storitve.0	panoge.1.kljucne_storitve.0	ravnanje z odpadki	gospodarenje otpadom	upravljanje otpadom	
content	data/panoge.json	panoge:panoge.1.kljucne_storitve.1	panoge.1.kljucne_storitve.1	odkup sekundarnih surovin	otkup sekundarnih sirovina	otkup sekundarnih sirovina	
content	data/panoge.json	panoge:panoge.1.kljucne_storitve.3	panoge.1.kljucne_storitve.3	regionalna izvedba	regionalna provedba	regionalna implementacija	
content	data/panoge.json	panoge:panoge.1.naziv	panoge.1.naziv	Trgovina / distribucija	Trgovina / distribucija	Trgovina / distribucija	
content	data/panoge.json	panoge:panoge.1.tipicna_velikost	panoge.1.tipicna_velikost	Velik volumen transportne embalaže, več lokacij.	Veliki volumen transportne ambalaže, više lokacija.	Veliki obim transportne ambalaže, više lokacija.	
content	data/panoge.json	panoge:panoge.10.bolecine.0	panoge.10.bolecine.0	Gradbene odpadke ureja posebna zakonodaja, pogosto nejasna.	Građevinski otpad reguliran je posebnim zakonodavstvom, često nejasnim.	Građevinski otpad je regulisan posebnim zakonima, često nejasnim.	
content	data/panoge.json	panoge:panoge.10.bolecine.1	panoge.10.bolecine.1	Embalaža gradbenih materialov (palete, folije, vreče) — pogosto pozabljena EPR obveznost.	Pakiranje građevinskog materijala (palete, folije, vreće) — često zaboravljena obveza EPR-a.	Pakovanje građevinskog materijala (palete, folije, kese) — često zaboravljena EPR obaveza.	
content	data/panoge.json	panoge:panoge.10.bolecine.2	panoge.10.bolecine.2	Sezonska nihanja v količinah.	Sezonske fluktuacije u količinama.	Sezonske fluktuacije u količinama.	
content	data/panoge.json	panoge:panoge.10.bolecine.3	panoge.10.bolecine.3	Tehnične zahteve za reciklabilnost (npr. izolacija, panel).	Tehnički zahtjevi za mogućnost recikliranja (npr. izolacija, ploča).	Tehnički zahtevi za reciklažu (npr. izolacija, panel).	
content	data/panoge.json	panoge:panoge.10.id	panoge.10.id	gradbenistvo			
content	data/panoge.json	panoge:panoge.10.naziv	panoge.10.naziv	Gradbeništvo / proizvodnja gradbenih materialov	Izgradnja / proizvodnja građevinskog materijala	Građevinarstvo / proizvodnja građevinskog materijala	
content	data/panoge.json	panoge:panoge.10.tipicna_velikost	panoge.10.tipicna_velikost	Velike količine odpadkov, mešani materiali, gradbišča kot začasne lokacije.	Velike količine otpada, miješanih materijala, gradilišta kao privremene lokacije.	Velike količine otpada, mešani materijali, gradilišta kao privremene lokacije.	
content	data/panoge.json	panoge:panoge.11.bolecine.0	panoge.11.bolecine.0	Veliko embalaže za živila — strogi predpisi varnosti hrane.	Puno pakiranja hrane — strogi propisi o sigurnosti hrane.	Mnogo ambalaže za hranu — strogi propisi o bezbednosti hrane.	
content	data/panoge.json	panoge:panoge.11.bolecine.1	panoge.11.bolecine.1	Bio odpadki iz proizvodnje.	Bio otpad iz proizvodnje.	Bio otpad iz proizvodnje.	
content	data/panoge.json	panoge:panoge.11.bolecine.2	panoge.11.bolecine.2	Trgovske verige zahtevajo Made for Recycling, manj plastike.	Maloprodajni lanci zahtijevaju Made for Recycling, manje plastike.	Maloprodajni lanci zahtevaju Made for Recicling, manje plastike.	
content	data/panoge.json	panoge:panoge.11.bolecine.3	panoge.11.bolecine.3	Sezonska nihanja in pokvarljivost izdelkov vplivajo na embalažo.	Sezonske fluktuacije i kvarljivost proizvoda utječu na pakiranje.	Sezonske fluktuacije i kvarljivost proizvoda utiču na pakovanje.	
content	data/panoge.json	panoge:panoge.11.id	panoge.11.id	agrarno			
content	data/panoge.json	panoge:panoge.11.kljucne_storitve.2	panoge.11.kljucne_storitve.2	ravnanje z bio odpadki	gospodarenje biološkim otpadom	upravljanje bio otpadom	
content	data/panoge.json	panoge:panoge.11.naziv	panoge.11.naziv	Živilska industrija / agrarno predelovalstvo	Prehrambena industrija/prerada poljoprivrede	Prehrambena industrija / prerada poljoprivrede	
content	data/panoge.json	panoge:panoge.11.tipicna_velikost	panoge.11.tipicna_velikost	Različno — od družinskih obratov do industrijskih predelovalcev.	Različiti — od OPG-a do industrijskih prerađivača.	Različiti — od porodičnih farmi do industrijskih prerađivača.	
content	data/panoge.json	panoge:panoge.11.tipicni_odlocevalci.2	panoge.11.tipicni_odlocevalci.2	kakovost			
content	data/panoge.json	panoge:panoge.12.bolecine.0	panoge.12.bolecine.0	Veliko kartonske embalaže in plastičnih folij.	Puno kartonske ambalaže i plastične folije.	Puno kartonske ambalaže i plastične folije.	
content	data/panoge.json	panoge:panoge.12.bolecine.1	panoge.12.bolecine.1	Reusable packaging — zahteva velikih kupcev.	Ambalaža za višekratnu upotrebu — zahtjev velikih kupaca.	Pakovanje za višekratnu upotrebu — zahtev velikih kupaca.	
content	data/panoge.json	panoge:panoge.12.bolecine.2	panoge.12.bolecine.2	Sledljivost dobavne verige (CSRD pritisk).	Sljedivost lanca opskrbe (CSRD pritisak).	Sledljivost lanca snabdevanja (CSRD pritisak).	
content	data/panoge.json	panoge:panoge.12.bolecine.3	panoge.12.bolecine.3	Pakiranje za varen transport vs. minimiziranje materiala.	Pakiranje za siguran transport nasuprot smanjenju materijala.	Pakovanje za bezbedan transport naspram minimizacije materijala.	
content	data/panoge.json	panoge:panoge.12.id	panoge.12.id	logistika			
content	data/panoge.json	panoge:panoge.12.kljucne_storitve.0	panoge.12.kljucne_storitve.0	EPR embalaža	EPR pakiranje	EPR pakovanje	
content	data/panoge.json	panoge:panoge.12.kljucne_storitve.1	panoge.12.kljucne_storitve.1	sekundarne surovine (karton)	sekundarne sirovine (karton)	sekundarne sirovine (karton)	
content	data/panoge.json	panoge:panoge.12.naziv	panoge.12.naziv	Logistika / dostava / kurirske storitve	Logistika / dostava / kurirske usluge	Logistika / dostava / kurirske usluge	
content	data/panoge.json	panoge:panoge.12.tipicna_velikost	panoge.12.tipicna_velikost	Hitra rast (e-commerce), velika količina transportne embalaže.	Brzi rast (e-commerce), velika količina transportne ambalaže.	Brz rast (e-trgovina), velika količina transportne ambalaže.	
content	data/panoge.json	panoge:panoge.2.bolecine.0	panoge.2.bolecine.0	Obveznosti v več državah hkrati (SI/HR/RS in EU).	Obveze u više država istovremeno (SI/HR/RS i EU).	Obaveze u više država istovremeno (SI/HR/RS i EU).	
content	data/panoge.json	panoge:panoge.2.bolecine.1	panoge.2.bolecine.1	Stranke pričakujejo trajnostne pristope.	Kupci očekuju održive pristupe.	Kupci očekuju održivi pristup.	
content	data/panoge.json	panoge:panoge.2.bolecine.2	panoge.2.bolecine.2	Zapleten obračun po vrstah embalaže.	Komplicirana kalkulacija prema vrsti pakiranja.	Komplikovana kalkulacija po vrsti pakovanja.	
content	data/panoge.json	panoge:panoge.2.id	panoge.2.id	ecommerce			
content	data/panoge.json	panoge:panoge.2.kljucne_storitve.0	panoge.2.kljucne_storitve.0	EPR v več državah	EPR u nekoliko zemalja	EPR u nekoliko zemalja	
content	data/panoge.json	panoge:panoge.2.kljucne_storitve.3	panoge.2.kljucne_storitve.3	optimizacija embalaže	optimizacija pakiranja	optimizacija pakovanja	
content	data/panoge.json	panoge:panoge.2.naziv	panoge.2.naziv	E-commerce / spletna trgovina	E-trgovina / internetska trgovina	E-trgovina / onlajn prodavnica	
content	data/panoge.json	panoge:panoge.2.tipicna_velikost	panoge.2.tipicna_velikost	Hitro rastoča, veliko različnih embalažnih materialov, mednarodna prodaja.	Brzi rast, mnogo različitih materijala za pakiranje, međunarodna prodaja.	Brzo raste, mnogo različitih materijala za pakovanje, međunarodna prodaja.	
content	data/panoge.json	panoge:panoge.3.bolecine.0	panoge.3.bolecine.0	Več hkratnih EPR shem: embalaža, EE-oprema, baterije.	Nekoliko simultanih EPR shema: pakiranje, EE-oprema, baterije.	Nekoliko simultanih EPR šema: pakovanje, EE-oprema, baterije.	
content	data/panoge.json	panoge:panoge.3.bolecine.1	panoge.3.bolecine.1	Stroga zakonodaja in inšpekcije.	Strogo zakonodavstvo i inspekcije.	Strogo zakonodavstvo i inspekcije.	
content	data/panoge.json	panoge:panoge.3.bolecine.2	panoge.3.bolecine.2	Poročanje v različnih bazah.	Izvještavanje u različitim bazama podataka.	Izveštavanje u različitim bazama podataka.	
content	data/panoge.json	panoge:panoge.3.id	panoge.3.id	elektronika			
content	data/panoge.json	panoge:panoge.3.kljucne_storitve.0	panoge.3.kljucne_storitve.0	EPR za EE-opremo	EPR za EE opremu	EPR za EE opremu	
content	data/panoge.json	panoge:panoge.3.kljucne_storitve.1	panoge.3.kljucne_storitve.1	EPR za baterije	EPR za baterije	EPR za baterije	
content	data/panoge.json	panoge:panoge.3.kljucne_storitve.2	panoge.3.kljucne_storitve.2	celovito poročanje	sveobuhvatno izvješćivanje	sveobuhvatno izveštavanje	
content	data/panoge.json	panoge:panoge.3.kljucne_storitve.3	panoge.3.kljucne_storitve.3	svetovanje			
content	data/panoge.json	panoge:panoge.3.naziv	panoge.3.naziv	Elektronika in elektronske naprave	Elektronika i elektronički uređaji	Elektronika i elektronski uređaji	
content	data/panoge.json	panoge:panoge.3.tipicna_velikost	panoge.3.tipicna_velikost	Uvozniki ali distributerji, obveznosti za EE-opremo in baterije.	Uvoznici ili distributeri, obveze za EE opremu i baterije.	Uvoznici ili distributeri, obaveze za EE opremu i baterije.	
content	data/panoge.json	panoge:panoge.3.tipicni_odlocevalci.1	panoge.3.tipicni_odlocevalci.1	pravna služba	pravna služba	pravna služba	
content	data/panoge.json	panoge:panoge.4.bolecine.0	panoge.4.bolecine.0	Posebna ravnanja z nekaterimi odpadki (zdravila, embalaža od zdravil).	Posebno postupanje s nekim otpadom (lijekovi, ambalaža od lijekova).	Posebno rukovanje nekim otpadom (lekovi, ambalaža lekova).	
content	data/panoge.json	panoge:panoge.4.bolecine.1	panoge.4.bolecine.1	Tveganje pri inšpekcijah.	Inspekcijski rizik.	Rizik od inspekcije.	
content	data/panoge.json	panoge:panoge.4.bolecine.2	panoge.4.bolecine.2	Več tipov embalaže — primarna, sekundarna, transportna.	Više vrsta pakiranja — primarno, sekundarno, transportno.	Nekoliko vrsta ambalaže — primarno, sekundarno, transportno.	
content	data/panoge.json	panoge:panoge.4.id	panoge.4.id	farmacija			
content	data/panoge.json	panoge:panoge.4.kljucne_storitve.3	panoge.4.kljucne_storitve.3	skladnost			
content	data/panoge.json	panoge:panoge.4.naziv	panoge.4.naziv	Farmacija / zdravstvo	Farmacija / zdravstvo	Apoteka / zdravstvo	
content	data/panoge.json	panoge:panoge.4.tipicna_velikost	panoge.4.tipicna_velikost	Visoko regulirano okolje, stroge zahteve po sledljivosti.	Visoko regulirano okruženje, strogi zahtjevi sljedivosti.	Visoko regulisano okruženje, strogi zahtevi za sledljivost.	
content	data/panoge.json	panoge:panoge.4.tipicni_odlocevalci.1	panoge.4.tipicni_odlocevalci.1	HSE			
content	data/panoge.json	panoge:panoge.5.bolecine.0	panoge.5.bolecine.0	Mešani tokovi odpadkov (lesa, kovin, plastike, papirja).	Mješoviti tokovi otpada (drvo, metal, plastika, papir).	Mešoviti tokovi otpada (drvo, metal, plastika, papir).	
content	data/panoge.json	panoge:panoge.5.bolecine.1	panoge.5.bolecine.1	Stroški ravnanja in skladiščenja.	Troškovi rukovanja i skladištenja.	Troškovi rukovanja i skladištenja.	
content	data/panoge.json	panoge:panoge.5.bolecine.2	panoge.5.bolecine.2	ESG poročanje za matično podjetje ali B2B kupce.	ESG izvješćivanje za matičnu tvrtku ili B2B klijente.	ESG izveštavanje za matičnu kompaniju ili B2B klijente.	
content	data/panoge.json	panoge:panoge.5.id	panoge.5.id	industrija			
content	data/panoge.json	panoge:panoge.5.kljucne_storitve.2	panoge.5.kljucne_storitve.2	ESG poročanje	ESG izvješćivanje	ESG izveštavanje	
content	data/panoge.json	panoge:panoge.5.kljucne_storitve.3	panoge.5.kljucne_storitve.3	stroji za odpadke	strojevi za otpad	mašine za otpad	
content	data/panoge.json	panoge:panoge.5.naziv	panoge.5.naziv	Industrijska proizvodnja	Industrijska proizvodnja	Industrijska proizvodnja	
content	data/panoge.json	panoge:panoge.5.tipicna_velikost	panoge.5.tipicna_velikost	Velike količine odpadkov, kompleksni tokovi, lastne lokacije.	Velike količine otpada, složeni tokovi, vlastite lokacije.	Velike količine otpada, složeni tokovi, sopstvene lokacije.	
content	data/panoge.json	panoge:panoge.6.bolecine.0	panoge.6.bolecine.0	Stroge zahteve OEM kupcev po trajnosti in poročanju.	Strogi zahtjevi OEM kupaca za izdržljivošću i izvješćivanjem.	Strogi zahtevi OEM kupaca u pogledu izdržljivosti i izveštavanja.	
content	data/panoge.json	panoge:panoge.6.bolecine.1	panoge.6.bolecine.1	Specifični materiali (kovine, kompoziti).	Specifični materijali (metali, kompoziti).	Specifični materijali (metali, kompoziti).	
content	data/panoge.json	panoge:panoge.6.bolecine.2	panoge.6.bolecine.2	Regionalna prisotnost dobaviteljev.	Regionalna prisutnost dobavljača.	Regionalno prisustvo dobavljača.	
content	data/panoge.json	panoge:panoge.6.id	panoge.6.id	avto			
content	data/panoge.json	panoge:panoge.6.kljucne_storitve.2	panoge.6.kljucne_storitve.2	sekundarne surovine	sekundarne sirovine	sekundarne sirovine	
content	data/panoge.json	panoge:panoge.6.naziv	panoge.6.naziv	Avtomobilska industrija / dobavitelji	Automobilska industrija / dobavljači	Automobilska industrija / dobavljači	
content	data/panoge.json	panoge:panoge.6.tipicna_velikost	panoge.6.tipicna_velikost	Tier 1/2 dobavitelji, visoke zahteve velikih OEM-ov.	Tier 1/2 dobavljači, veliki zahtjevi velikih OEM-a.	Dobavljači nivoa 1/2, visoki zahtevi velikih proizvođača originalne opreme.	
content	data/panoge.json	panoge:panoge.7.bolecine.0	panoge.7.bolecine.0	Bio odpadki, embalaža iz hrane, steklo.	Bio otpad, ambalaža od hrane, staklo.	Bio otpad, ambalaža za hranu, staklo.	
content	data/panoge.json	panoge:panoge.7.bolecine.1	panoge.7.bolecine.1	Omejen prostor v kuhinji ali pri vhodu.	Ograničen prostor u kuhinji ili na ulazu.	Ograničen prostor u kuhinji ili na ulazu.	
content	data/panoge.json	panoge:panoge.7.bolecine.2	panoge.7.bolecine.2	Več lokacij pod isto blagovno znamko.	Više lokacija pod istim brendom.	Više lokacija pod istim brendom.	
content	data/panoge.json	panoge:panoge.7.id	panoge.7.id	hotel			
content	data/panoge.json	panoge:panoge.7.naziv	panoge.7.naziv	HoReCa / hoteli, restavracije, catering	HoReCa / hoteli, restorani, catering	HoReCa / hoteli, restorani, ugostiteljstvo	
content	data/panoge.json	panoge:panoge.7.tipicna_velikost	panoge.7.tipicna_velikost	Sezonska nihanja, omejen prostor za odpadke.	Sezonske fluktuacije, ograničen prostor za otpad.	Sezonske fluktuacije, ograničen prostor za otpad.	
content	data/panoge.json	panoge:panoge.8.bolecine.0	panoge.8.bolecine.0	Kompozitna embalaža (tube, multi-layer), problematična za recikliranje.	Kompozitna ambalaža (tuba, višeslojna), problematična za recikliranje.	Kompozitna ambalaža (tuba, višeslojna), problematična za reciklažu.	
content	data/panoge.json	panoge:panoge.8.bolecine.1	panoge.8.bolecine.1	Pritisk velikih trgovskih verig in EU regulative (PPWR) po recyclabilityju.	Pritisak velikih trgovačkih lanaca i regulative EU (PPWR) za mogućnost recikliranja.	Pritisak velikih maloprodajnih lanaca i regulative EU (PPVR) za reciklažu.	
content	data/panoge.json	panoge:panoge.8.bolecine.2	panoge.8.bolecine.2	Made for Recycling certifikat vse pogosteje zahtevan.	Certifikat Made for Recycling sve se više traži.	Certifikat Made for Recicling se sve više traži.	
content	data/panoge.json	panoge:panoge.8.bolecine.3	panoge.8.bolecine.3	Veliko sezonskih in promocijskih embalaž.	Puno sezonskih i promotivnih pakiranja.	Mnogo sezonskih i promotivnih pakovanja.	
content	data/panoge.json	panoge:panoge.8.id	panoge.8.id	kozmetika			
content	data/panoge.json	panoge:panoge.8.kljucne_storitve.2	panoge.8.kljucne_storitve.2	PPWR svetovanje	PPWR savjetovanje	PPVR Consulting	
content	data/panoge.json	panoge:panoge.8.naziv	panoge.8.naziv	Kozmetika / nega / lepota	Kozmetika / njega / ljepota	Kozmetika / nega / lepota	
content	data/panoge.json	panoge:panoge.8.tipicna_velikost	panoge.8.tipicna_velikost	Manjše do srednje podjetje, veliko število SKU-jev, izvoz v EU.	Mala do srednja poduzeća, veliki broj SKU-ova, izvoz u EU.	Mala do srednja preduzeća, veliki broj SKU, izvoz u EU.	
content	data/panoge.json	panoge:panoge.8.tipicni_odlocevalci.2	panoge.8.tipicni_odlocevalci.2	marketing			
content	data/panoge.json	panoge:panoge.9.bolecine.0	panoge.9.bolecine.0	Prihaja EU direktiva za EPR tekstila (od 2025-2026 postopno).	Stiže EU direktiva za tekstil EPR (postupno od 2025.-2026.).	Direktiva EU za tekstilni EPR dolazi (postepeno od 2025-2026).	
content	data/panoge.json	panoge:panoge.9.bolecine.1	panoge.9.bolecine.1	Negativna javna podoba 'fast fashion' — pritisk po krožnih modelih.	Negativna javna slika 'brze mode' — pritisak za modele okruglog oblika.	Negativna javna slika 'brze mode' — ​​pritisak na kružne modele.	
content	data/panoge.json	panoge:panoge.9.bolecine.2	panoge.9.bolecine.2	Veliko embalaže pri spletni prodaji (folija, vrečke).	Puno ambalaže u online prodaji (folije, vrećice).	Mnogo ambalaže u onlajn prodaji (folija, kese).	
content	data/panoge.json	panoge:panoge.9.bolecine.3	panoge.9.bolecine.3	Stranke zahtevajo informacije o izvoru in trajnosti.	Kupci traže informacije o podrijetlu i održivosti.	Kupci zahtevaju informacije o poreklu i održivosti.	
content	data/panoge.json	panoge:panoge.9.id	panoge.9.id	tekstil			
content	data/panoge.json	panoge:panoge.9.kljucne_storitve.0	panoge.9.kljucne_storitve.0	EPR shema embalaže	EPR shema pakiranja	EPR šema pakovanja	
content	data/panoge.json	panoge:panoge.9.kljucne_storitve.1	panoge.9.kljucne_storitve.1	krožni modeli	kružni modeli	kružni modeli	
content	data/panoge.json	panoge:panoge.9.kljucne_storitve.2	panoge.9.kljucne_storitve.2	ESG svetovanje	ESG savjetovanje	ESG konsalting	
content	data/panoge.json	panoge:panoge.9.kljucne_storitve.3	panoge.9.kljucne_storitve.3	ravnanje z odpadnim tekstilom	rukovanje otpadnim tekstilom	rukovanje otpadnim tekstilom	
content	data/panoge.json	panoge:panoge.9.naziv	panoge.9.naziv	Tekstil / oblačila / moda	Tekstil / odjeća / moda	Tekstil / odeća / moda	
content	data/panoge.json	panoge:panoge.9.tipicna_velikost	panoge.9.tipicna_velikost	Različno — od majhnih neodvisnih do srednje velikih verig.	Razni — od malih nezavisnih do srednjih lanaca.	Razno - od malih nezavisnih do srednjih lanaca.	
content	data/predloga-ponudbe.json	predloga-ponudbe:_opis	_opis	Predloge za hitro generiranje ponudbe. Uredi podatke o podjetju in privzete tekste, da ti ne bo treba pisati od nič.	Predlošci za brzo generiranje ponuda. Uredite informacije o tvrtki i zadane tekstove tako da ne morate pisati ispočetka.	Šabloni za brzo generisanje ponude. Uredite informacije o kompaniji i podrazumevane tekstove tako da ne morate da pišete od nule.	
content	data/predloga-ponudbe.json	predloga-ponudbe:ponudnik.ddv	ponudnik.ddv	SI XXXXXXXX	VI STE XXXXXXXXX	TI SI KSKSKSKSKSKSKSKS	
content	data/predloga-ponudbe.json	predloga-ponudbe:ponudnik.kontakt_email	ponudnik.kontakt_email	info@interzero.si	info@interzero.si	info@interzero.si	
content	data/predloga-ponudbe.json	predloga-ponudbe:ponudnik.naslov	ponudnik.naslov	Linhartova cesta 6, 1000 Ljubljana, Slovenija	Linhartova cesta 6, 1000 Ljubljana, Slovenija	Linhartova cesta 6, 1000 Ljubljana, Slovenija	
content	data/predloga-ponudbe.json	predloga-ponudbe:ponudnik.naziv	ponudnik.naziv	Interzero d.o.o.	Tvrtka Interzero d.o.o.	Interzero d.o.o.	
content	data/predloga-ponudbe.json	predloga-ponudbe:ponudnik.web	ponudnik.web	interzero.si	interzero.si	interzero.si	
content	data/predloga-ponudbe.json	predloga-ponudbe:predloge.0.id	predloge.0.id	epr-osnovni			
content	data/predloga-ponudbe.json	predloga-ponudbe:predloge.0.kaj_potrebujemo_od_stranke.0	predloge.0.kaj_potrebujemo_od_stranke.0	Mesečni ali kvartalni podatki o količinah embalaže po materialih.	Mjesečni ili tromjesečni podaci o količinama ambalaže po materijalima.	Mesečni ili kvartalni podaci o količinama pakovanja po materijalima.	
content	data/predloga-ponudbe.json	predloga-ponudbe:predloge.0.kaj_potrebujemo_od_stranke.1	predloge.0.kaj_potrebujemo_od_stranke.1	Letni promet izdelkov za potrebe izračuna stopnje recikliranja.	Godišnji promet proizvoda za potrebe izračuna stope recikliranja.	Godišnji promet proizvoda za potrebe obračuna stope reciklaže.	
content	data/predloga-ponudbe.json	predloga-ponudbe:predloge.0.kaj_potrebujemo_od_stranke.2	predloge.0.kaj_potrebujemo_od_stranke.2	Pravočasno obveščanje o spremembah v asortimanu.	Pravovremena obavijest o promjenama u asortimanu.	Blagovremeno obaveštavanje o promenama u asortimanu.	
content	data/predloga-ponudbe.json	predloga-ponudbe:predloge.0.naslov	predloge.0.naslov	EPR osnovni paket	EPR osnovni paket	EPR osnovni paket	
content	data/predloga-ponudbe.json	predloga-ponudbe:predloge.0.obseg_storitev.0	predloge.0.obseg_storitev.0	Vpis stranke v skupno shemo Interzero.	Upis kupca u zajedničku Interzero shemu.	Upis kupca u zajedničku Interzero šemu.	
content	data/predloga-ponudbe.json	predloga-ponudbe:predloge.0.obseg_storitev.1	predloge.0.obseg_storitev.1	Mesečno/kvartalno poročanje količin embalaže, dane na trg.	Mjesečno/tromjesečno izvješćivanje o količinama ambalaže stavljenim na tržište.	Mesečno/tromesečno izveštavanje o količinama pakovanja stavljenih na tržište.	
content	data/predloga-ponudbe.json	predloga-ponudbe:predloge.0.obseg_storitev.2	predloge.0.obseg_storitev.2	Letno poročilo o ravnanju z odpadno embalažo (oddaja v ARSO).	Godišnje izvješće o gospodarenju otpadnom ambalažom (dostavlja se ARSO).	Godišnji izveštaj o upravljanju otpadnom ambalažom (dostavljen ARSO).	
content	data/predloga-ponudbe.json	predloga-ponudbe:predloge.0.povzetek_resitve	predloge.0.povzetek_resitve	Vključitev v skupno shemo ravnanja z odpadno embalažo, letno poročanje in podpora pri zakonodaji. Vse vaše EPR obveznosti pokrije Interzero, brez dodatne administracije z vaše strani.	Uključivanje u zajednički sustav gospodarenja otpadnom ambalažom, godišnje izvješćivanje i podrška u zakonodavstvu. Sve vaše EPR obveze pokriva Interzero, bez dodatne administracije s vaše strane.	Uključivanje u zajedničku šemu upravljanja otpadnom ambalažom, godišnje izveštavanje i podršku u zakonodavstvu. Sve vaše EPR obaveze pokriva Interzero, bez dodatne administracije sa vaše strane.	
content	data/predloga-ponudbe.json	predloga-ponudbe:predloge.1.id	predloge.1.id	epr-razsirjen			
content	data/predloga-ponudbe.json	predloga-ponudbe:predloge.1.kaj_potrebujemo_od_stranke.0	predloge.1.kaj_potrebujemo_od_stranke.0	Dostop do lokacij za pregled (en ali dva dni).	Pristup inspekcijskim mjestima (jedan ili dva dana).	Pristup inspekcijskim mestima (jedan ili dva dana).	
content	data/predloga-ponudbe.json	predloga-ponudbe:predloge.1.kaj_potrebujemo_od_stranke.1	predloge.1.kaj_potrebujemo_od_stranke.1	Trenutne pogodbe z dosedanjimi izvajalci.	Važeći ugovori s postojećim izvođačima.	Tekući ugovori sa postojećim izvođačima.	
content	data/predloga-ponudbe.json	predloga-ponudbe:predloge.1.kaj_potrebujemo_od_stranke.2	predloge.1.kaj_potrebujemo_od_stranke.2	Kontaktna oseba za operativno usklajevanje.	Kontakt osoba za operativnu koordinaciju.	Kontakt osoba za operativnu koordinaciju.	
content	data/predloga-ponudbe.json	predloga-ponudbe:predloge.1.naslov	predloge.1.naslov	EPR razširjeni paket + ravnanje z odpadki	EPR prošireni paket + gospodarenje otpadom	EPR prošireni paket + upravljanje otpadom	
content	data/predloga-ponudbe.json	predloga-ponudbe:predloge.1.obseg_storitev.0	predloge.1.obseg_storitev.0	Vse iz osnovnega paketa EPR.	Sve iz osnovnog EPR paketa.	Sve iz osnovnog EPR paketa.	
content	data/predloga-ponudbe.json	predloga-ponudbe:predloge.1.obseg_storitev.2	predloge.1.obseg_storitev.2	Periodična optimizacija pretokov odpadkov in stroškov.	Periodična optimizacija tokova otpada i troškova.	Periodična optimizacija tokova i troškova otpada.	
content	data/predloga-ponudbe.json	predloga-ponudbe:predloge.1.obseg_storitev.3	predloge.1.obseg_storitev.3	Kvartalni pregled stroškov in priložnosti za prihranek.	Tromjesečni pregled troškova i mogućnosti uštede.	Tromesečni pregled troškova i mogućnosti za uštede.	
content	data/predloga-ponudbe.json	predloga-ponudbe:predloge.1.obseg_storitev.4	predloge.1.obseg_storitev.4	Podpora pri inšpekcijah, audit pripravljenost, vodenje dokumentacije.	Inspekcijska podrška, spremnost za reviziju, upravljanje dokumentacijom.	Inspekcijska podrška, revizijska spremnost, upravljanje dokumentacijom.	
content	data/predloga-ponudbe.json	predloga-ponudbe:predloge.1.povzetek_resitve	predloge.1.povzetek_resitve	Celovita rešitev, ki združuje EPR obveznosti z operativnim ravnanjem z odpadki na vaših lokacijah. En partner za vse — ena pogodba, en kontakt, en račun.	Sveobuhvatno rješenje koje kombinira EPR obveze s operativnim upravljanjem otpadom na vašim lokacijama. Jedan partner za sve — jedan ugovor, jedan kontakt, jedan račun.	Sveobuhvatno rešenje koje kombinuje obaveze EPR-a sa operativnim upravljanjem otpadom na vašim lokacijama. Jedan partner za sve — jedan ugovor, jedan kontakt, jedan nalog.	
content	data/predloga-ponudbe.json	predloga-ponudbe:predloge.10.id	predloge.10.id	sektor-horeca			
content	data/predloga-ponudbe.json	predloga-ponudbe:predloge.10.kaj_potrebujemo_od_stranke.0	predloge.10.kaj_potrebujemo_od_stranke.0	Seznam lokacij in sezonske obremenitve.	Popis lokacija i sezonskih opterećenja.	Spisak lokacija i sezonskih opterećenja.	
content	data/predloga-ponudbe.json	predloga-ponudbe:predloge.10.kaj_potrebujemo_od_stranke.1	predloge.10.kaj_potrebujemo_od_stranke.1	Trenutni izvajalci po lokacijah.	Trenutačni izvođači prema lokaciji.	Aktuelni izvođači po lokaciji.	
content	data/predloga-ponudbe.json	predloga-ponudbe:predloge.10.kaj_potrebujemo_od_stranke.2	predloge.10.kaj_potrebujemo_od_stranke.2	Letni promet hrane in pijač (za EPR oceno).	Godišnji promet hrane i pića (za EPR ocjenu).	Godišnji promet hrane i pića (za EPR rejting).	
content	data/predloga-ponudbe.json	predloga-ponudbe:predloge.10.naslov	predloge.10.naslov	HoReCa paket — hoteli, restavracije, catering	HoReCa paket — hoteli, restorani, catering	HoReCa paket — hoteli, restorani, ugostiteljstvo	
content	data/predloga-ponudbe.json	predloga-ponudbe:predloge.10.obseg_storitev.0	predloge.10.obseg_storitev.0	Operativno ravnanje z odpadki za vse lokacije.	Operativno gospodarenje otpadom za sve lokacije.	Operativno upravljanje otpadom za sve lokacije.	
content	data/predloga-ponudbe.json	predloga-ponudbe:predloge.10.obseg_storitev.1	predloge.10.obseg_storitev.1	EPR za embalažo živil in pijač.	EPR za pakiranje hrane i pića.	EPR za pakovanje hrane i pića.	
content	data/predloga-ponudbe.json	predloga-ponudbe:predloge.10.obseg_storitev.2	predloge.10.obseg_storitev.2	Sodelovanje z lokalnimi izvajalci (komunalna podjetja).	Suradnja s lokalnim izvođačima (komunalnim poduzećima).	Saradnja sa lokalnim izvođačima (komunalnim preduzećima).	
content	data/predloga-ponudbe.json	predloga-ponudbe:predloge.10.obseg_storitev.3	predloge.10.obseg_storitev.3	Sezonska prilagoditev urnikov odvozov.	Sezonska prilagodba rasporeda odvoza.	Sezonsko prilagođavanje rasporeda preuzimanja.	
content	data/predloga-ponudbe.json	predloga-ponudbe:predloge.10.obseg_storitev.4	predloge.10.obseg_storitev.4	ESG poročanje za hotelske verige z B2B kupci (poslovni gostje, agencije).	ESG izvješćivanje za hotelske lance s B2B korisnicima (poslovni gosti, agencije).	ESG izveštavanje za hotelske lance sa B2B klijentima (poslovni gosti, agencije).	
content	data/predloga-ponudbe.json	predloga-ponudbe:predloge.10.okvirna_cena_letno	predloge.10.okvirna_cena_letno	od 7.500 EUR	od 7.500 eura	od 7.500 evra	
content	data/predloga-ponudbe.json	predloga-ponudbe:predloge.10.povzetek_resitve	predloge.10.povzetek_resitve	Za gostinske obrate in hotelske verige: bio odpadki, embalaža iz hrane, steklo, sezonska nihanja. Več lokacij pod isto znamko.	Za ugostiteljske objekte i hotelske lance: organski otpad, ambalaža od hrane, staklo, sezonske fluktuacije. Više lokacija pod istim brendom.	Za ugostiteljske objekte i hotelske lance: organski otpad, ambalaža za hranu, staklo, sezonske fluktuacije. Više lokacija pod istim brendom.	
content	data/predloga-ponudbe.json	predloga-ponudbe:predloge.10.primeren_za	predloge.10.primeren_za	Hotelske in restavracijske verige z 2+ lokacijama	Lanci hotela i restorana s 2+ lokacije	Lanci hotela i restorana sa 2+ lokacije	
content	data/predloga-ponudbe.json	predloga-ponudbe:predloge.2.kaj_potrebujemo_od_stranke.0	predloge.2.kaj_potrebujemo_od_stranke.0	Pregled prodaje po državah (vrednostno in količinsko).	Pregled prodaje po zemljama (vrijednosno i količinski).	Pregled prodaje po zemljama (vrednost i količina).	
content	data/predloga-ponudbe.json	predloga-ponudbe:predloge.2.kaj_potrebujemo_od_stranke.1	predloge.2.kaj_potrebujemo_od_stranke.1	Trenutni statusi vključitve v sheme (če obstajajo).	Trenutačni statusi uključivanja sheme (ako postoje).	Trenutni statusi uključivanja šeme (ako ih ima).	
content	data/predloga-ponudbe.json	predloga-ponudbe:predloge.2.kaj_potrebujemo_od_stranke.2	predloge.2.kaj_potrebujemo_od_stranke.2	Lokalne kontaktne osebe v vsaki državi (operativa).	Lokalne kontakt osobe u svakoj zemlji (operativno).	Lokalne kontakt osobe u svakoj zemlji (operativno).	
content	data/predloga-ponudbe.json	predloga-ponudbe:predloge.2.obseg_storitev.0	predloge.2.obseg_storitev.0	Vse iz razširjenega paketa za vse tri države (Slovenija, Hrvaška, Srbija).	Sve iz proširenog paketa za sve tri države (Slovenija, Hrvatska, Srbija).	Sve iz proširenog paketa za sve tri zemlje (Slovenija, Hrvatska, Srbija).	
content	data/predloga-ponudbe.json	predloga-ponudbe:predloge.2.obseg_storitev.1	predloge.2.obseg_storitev.1	Koordinacija obveznosti v vseh državah, kjer ste prisotni.	Usklađivanje obaveza u svim zemljama u kojima ste prisutni.	Koordinacija obaveza u svim zemljama u kojima ste prisutni.	
content	data/predloga-ponudbe.json	predloga-ponudbe:predloge.2.obseg_storitev.2	predloge.2.obseg_storitev.2	En kontakt za vse tri trge, ena pogodba.	Jedan kontakt za sva tri tržišta, jedan ugovor.	Jedan kontakt za sva tri tržišta, jedan ugovor.	
content	data/predloga-ponudbe.json	predloga-ponudbe:predloge.2.obseg_storitev.4	predloge.2.obseg_storitev.4	Pomoč pri ESG poročanju za B2B kupce in dobavne verige.	Pomoć oko ESG izvješćivanja za B2B kupce i opskrbne lance.	Pomoć u ESG izveštavanju za B2B kupce i lance snabdevanja.	
content	data/predloga-ponudbe.json	predloga-ponudbe:predloge.2.povzetek_resitve	predloge.2.povzetek_resitve	Enotna rešitev za podjetja, ki prodajajo v več državah Adria regije. En partner skrbi za zakonodajne razlike, lokalne sheme in poročanje v vseh treh državah.	Jedinstveno rješenje za tvrtke koje prodaju u više zemalja Adria regije. Jedan partner brine o zakonodavnim razlikama, lokalnim shemama i izvješćivanju u sve tri zemlje.	Jedinstveno rešenje za kompanije koje prodaju u nekoliko zemalja Adria regiona. Jedan partner brine o zakonodavnim razlikama, lokalnim šemama i izveštavanju u sve tri zemlje.	
content	data/predloga-ponudbe.json	predloga-ponudbe:predloge.3.kaj_potrebujemo_od_stranke.0	predloge.3.kaj_potrebujemo_od_stranke.0	Trenutne trajnostne dokumente in poročila.	Aktualni dokumenti i izvješća o održivosti.	Aktuelni dokumenti i izveštaji o održivosti.	
content	data/predloga-ponudbe.json	predloga-ponudbe:predloge.3.kaj_potrebujemo_od_stranke.1	predloge.3.kaj_potrebujemo_od_stranke.1	Specifikacijo zahtev vaših kupcev (npr. SAQ, EcoVadis).	Specifikacija zahtjeva vaših kupaca (npr. SAQ, EcoVadis).	Specifikacija zahteva vaših kupaca (npr. SAK, EcoVadis).	
content	data/predloga-ponudbe.json	predloga-ponudbe:predloge.3.kaj_potrebujemo_od_stranke.2	predloge.3.kaj_potrebujemo_od_stranke.2	Določeno kontaktno osebo (npr. ESG manager, HSE lead).	Određena kontakt osoba (npr. ESG menadžer, HSE voditelj).	Određena kontakt osoba (npr. ESG menadžer, HSE voditelj).	
content	data/predloga-ponudbe.json	predloga-ponudbe:predloge.3.naslov	predloge.3.naslov	Svetovalni paket (ESG / trajnost / strategija)	Konzultantski paket (ESG / održivost / strategija)	Konsultantski paket (ESG / održivost / strategija)	
content	data/predloga-ponudbe.json	predloga-ponudbe:predloge.3.obseg_storitev.0	predloge.3.obseg_storitev.0	Analiza embalaže s priporočili (recyclability, Made for Recycling).	Analiza ambalaže s preporukama (reciklabilnost, Made for Recycling).	Analiza ambalaže sa preporukama (reciklabilnost, Napravljeno za reciklažu).	
content	data/predloga-ponudbe.json	predloga-ponudbe:predloge.3.obseg_storitev.4	predloge.3.obseg_storitev.4	Dostop do mreže strokovnjakov za specifična vprašanja.	Pristup mreži stručnjaka za određena pitanja.	Pristup mreži stručnjaka za određena pitanja.	
content	data/predloga-ponudbe.json	predloga-ponudbe:predloge.3.povzetek_resitve	predloge.3.povzetek_resitve	Za podjetja z naprednimi trajnostnimi cilji ali zahtevami velikih B2B kupcev. Strokovna podpora pri ESG, analizi embalaže in trajnostni strategiji.	Za tvrtke s naprednim ciljevima održivosti ili zahtjevima velikih B2B kupaca. Stručna podrška u ESG-u, analizi pakiranja i strategiji održivosti.	Za kompanije sa naprednim ciljevima održivosti ili zahtevima velikih B2B kupaca. Stručna podrška u ESG, analizi ambalaže i strategiji održivosti.	
content	data/predloga-ponudbe.json	predloga-ponudbe:predloge.4.id	predloge.4.id	sektor-fmcg			
content	data/predloga-ponudbe.json	predloga-ponudbe:predloge.4.kaj_potrebujemo_od_stranke.0	predloge.4.kaj_potrebujemo_od_stranke.0	SKU katalog z opisi embalaže.	SKU katalog s opisima pakiranja.	Katalog SKU sa opisima pakovanja.	
content	data/predloga-ponudbe.json	predloga-ponudbe:predloge.4.kaj_potrebujemo_od_stranke.1	predloge.4.kaj_potrebujemo_od_stranke.1	Mesečne količine po izdelku.	Mjesečne količine po proizvodima.	Mesečne količine po proizvodu.	
content	data/predloga-ponudbe.json	predloga-ponudbe:predloge.4.kaj_potrebujemo_od_stranke.2	predloge.4.kaj_potrebujemo_od_stranke.2	Trenutne ESG zahteve vaših top 5 kupcev.	Trenutačni ESG zahtjevi vaših 5 najboljih kupaca.	Trenutni ESG zahtevi vaših 5 najboljih kupaca.	
content	data/predloga-ponudbe.json	predloga-ponudbe:predloge.4.kaj_potrebujemo_od_stranke.3	predloge.4.kaj_potrebujemo_od_stranke.3	Kontaktna oseba v marketingu / sustainability.	Kontakt osoba u marketingu / održivosti.	Kontakt osoba za marketing / održivost.	
content	data/predloga-ponudbe.json	predloga-ponudbe:predloge.4.naslov	predloge.4.naslov	FMCG paket — proizvodnja hitro premikajočega blaga	FMCG paket — proizvodnja brze robe	FMCG paket — proizvodnja brze robe	
content	data/predloga-ponudbe.json	predloga-ponudbe:predloge.4.obseg_storitev.0	predloge.4.obseg_storitev.0	Vključitev v skupno EPR shemo za embalažo (vse materiali).	Uključivanje u zajedničku EPR shemu za pakiranje (svi materijali).	Uključivanje u zajedničku EPR šemu za pakovanje (svi materijali).	
content	data/predloga-ponudbe.json	predloga-ponudbe:predloge.4.obseg_storitev.1	predloge.4.obseg_storitev.1	Mesečno poročanje količin po SKU in materialu.	Mjesečno izvješćivanje količina po SKU i materijalu.	Mesečno izveštavanje o količinama po SKU i materijalu.	
content	data/predloga-ponudbe.json	predloga-ponudbe:predloge.4.obseg_storitev.2	predloge.4.obseg_storitev.2	Made for Recycling analiza za top 20 SKU-jev letno.	Analiza Made for Recycling 20 najboljih SKU-ova godišnje.	Napravljeno za analizu recikliranja 20 najboljih SKU-ova godišnje.	
content	data/predloga-ponudbe.json	predloga-ponudbe:predloge.4.obseg_storitev.3	predloge.4.obseg_storitev.3	ESG paket: pripravljeni odgovori za EcoVadis in SAQ velikih trgovskih verig.	ESG paket: gotovi odgovori za EcoVadis i SAQ velikih trgovačkih lanaca.	ESG paket: spremni odgovori za EcoVadis i SAK velikih trgovačkih lanaca.	
content	data/predloga-ponudbe.json	predloga-ponudbe:predloge.4.obseg_storitev.4	predloge.4.obseg_storitev.4	Kvartalni pregled stroškov in priložnosti za optimizacijo embalaže.	Tromjesečni pregled troškova i mogućnosti optimizacije pakiranja.	Tromesečni pregled troškova i mogućnosti za optimizaciju pakovanja.	
content	data/predloga-ponudbe.json	predloga-ponudbe:predloge.4.obseg_storitev.5	predloge.4.obseg_storitev.5	Podpora pri PPWR pripravah (cutoff 2027 in 2030).	Potpora u pripremama za PPWR (cutoff 2027. i 2030.).	Podrška u pripremama PPVR (prekid 2027. i 2030.).	
content	data/predloga-ponudbe.json	predloga-ponudbe:predloge.4.okvirna_cena_letno	predloge.4.okvirna_cena_letno	od 18.000 EUR	od 18.000 eura	od 18.000 evra	
content	data/predloga-ponudbe.json	predloga-ponudbe:predloge.4.povzetek_resitve	predloge.4.povzetek_resitve	Specializiran paket za FMCG proizvajalce in distributerje: velik volumen embalaže, pogoste menjave izdelkov, zahteve trgovskih verig po Made for Recycling, ESG poročanje za B2B kupce. Vse na enem mestu.	Specijalizirani paket za FMCG proizvođače i distributere: velika količina pakiranja, česte promjene proizvoda, zahtjevi trgovačkih lanaca za Made for Recycling, ESG izvješćivanje za B2B kupce. Sve na jednom mjestu.	Specijalizovani paket za FMCG proizvođače i distributere: veliki obim pakovanja, česte promene proizvoda, zahtevi maloprodajnih lanaca za Made for Recicling, ESG izveštavanje za B2B kupce. Sve na jednom mestu.	
content	data/predloga-ponudbe.json	predloga-ponudbe:predloge.4.primeren_za	predloge.4.primeren_za	Srednji do veliki FMCG proizvajalci z 20+ SKU-jev	Srednji do veliki proizvođači široke potrošnje s više od 20 SKU-ova	Srednji do veliki proizvođači robe široke potrošnje sa 20+ SKU-ova	
content	data/predloga-ponudbe.json	predloga-ponudbe:predloge.5.id	predloge.5.id	sektor-ecommerce			
content	data/predloga-ponudbe.json	predloga-ponudbe:predloge.5.kaj_potrebujemo_od_stranke.0	predloge.5.kaj_potrebujemo_od_stranke.0	Seznam držav prodaje in pričakovanih količin.	Popis zemalja prodaje i očekivanih količina.	Spisak zemalja prodaje i očekivane količine.	
content	data/predloga-ponudbe.json	predloga-ponudbe:predloge.5.kaj_potrebujemo_od_stranke.1	predloge.5.kaj_potrebujemo_od_stranke.1	Trenutni dobavitelji embalaže.	Trenutačni dobavljači ambalaže.	Trenutni dobavljači ambalaže.	
content	data/predloga-ponudbe.json	predloga-ponudbe:predloge.5.kaj_potrebujemo_od_stranke.2	predloge.5.kaj_potrebujemo_od_stranke.2	Volumen po B2C in B2B kanalu.	Volumen po B2C i B2B kanalu.	Obim po B2C i B2B kanalu.	
content	data/predloga-ponudbe.json	predloga-ponudbe:predloge.5.naslov	predloge.5.naslov	E-commerce paket — spletna prodaja	E-commerce paket — online prodaja	Paket za e-trgovinu — onlajn prodaja	
content	data/predloga-ponudbe.json	predloga-ponudbe:predloge.5.obseg_storitev.0	predloge.5.obseg_storitev.0	Registracija in EPR shema v vseh državah prodaje.	Registracija i EPR shema u svim zemljama prodaje.	Registracija i EPR šema u svim zemljama prodaje.	
content	data/predloga-ponudbe.json	predloga-ponudbe:predloge.5.obseg_storitev.1	predloge.5.obseg_storitev.1	EU pooblaščeni zastopnik (Authorized Representative), kjer je potreben.	Ovlašteni predstavnik EU (Ovlašteni predstavnik) ako je potrebno.	Ovlašćeni predstavnik EU (ovlašćeni predstavnik) po potrebi.	
content	data/predloga-ponudbe.json	predloga-ponudbe:predloge.5.obseg_storitev.2	predloge.5.obseg_storitev.2	Sistematizacija transportne embalaže (karton, folija, vrečke).	Sistematizacija transportne ambalaže (karton, folija, vreće).	Sistematizacija transportne ambalaže (karton, folija, kese).	
content	data/predloga-ponudbe.json	predloga-ponudbe:predloge.5.obseg_storitev.3	predloge.5.obseg_storitev.3	Predloga ESG izjave za B2B kupce.	Predložak ESG izjave za B2B kupce.	Šablon ESG izjave za B2B kupce.	
content	data/predloga-ponudbe.json	predloga-ponudbe:predloge.5.obseg_storitev.4	predloge.5.obseg_storitev.4	Opozorila o spremembah lokalne zakonodaje v vseh državah prodaje.	Obavijesti o promjenama u lokalnom zakonodavstvu u svim zemljama prodaje.	Obaveštenja o promenama lokalnog zakonodavstva u svim zemljama prodaje.	
content	data/predloga-ponudbe.json	predloga-ponudbe:predloge.5.okvirna_cena_letno	predloge.5.okvirna_cena_letno	od 9.000 EUR	od 9.000 eura	od 9.000 evra	
content	data/predloga-ponudbe.json	predloga-ponudbe:predloge.5.povzetek_resitve	predloge.5.povzetek_resitve	Za spletne trgovce, ki prodajajo v več državah. Pokriva EPR obveznosti v SI/HR/RS, transportno embalažo, reusable packaging trend, ESG izjave za B2B kupce.	Za online trgovce koji prodaju u više zemalja. Pokriva EPR obveze u SI/HR/RS, transportnu ambalažu, trend pakiranja za višekratnu upotrebu, ESG izjave za B2B kupce.	Za onlajn trgovce koji prodaju u više zemalja. Pokriva EPR obaveze u SI/HR/RS, transportno pakovanje, trend pakovanja za višekratnu upotrebu, ESG izjave za B2B kupce.	
content	data/predloga-ponudbe.json	predloga-ponudbe:predloge.5.primeren_za	predloge.5.primeren_za	Spletne trgovine s prodajo v 2+ državah ali pričakovanim hitra rastjo	Internetske trgovine s prodajom u 2+ zemlje ili očekivanim brzim rastom	Internet prodavnice sa prodajom u 2+ zemlje ili očekivanim brzim rastom	
content	data/predloga-ponudbe.json	predloga-ponudbe:predloge.6.id	predloge.6.id	sektor-kozmetika			
content	data/predloga-ponudbe.json	predloga-ponudbe:predloge.6.kaj_potrebujemo_od_stranke.0	predloge.6.kaj_potrebujemo_od_stranke.0	Katalog izdelkov s tehničnimi specifikacijami embalaže.	Katalog proizvoda s tehničkim specifikacijama pakiranja.	Katalog proizvoda sa tehničkim specifikacijama pakovanja.	
content	data/predloga-ponudbe.json	predloga-ponudbe:predloge.6.kaj_potrebujemo_od_stranke.1	predloge.6.kaj_potrebujemo_od_stranke.1	Letne količine po SKU.	Godišnje količine po SKU.	Godišnje količine prema SKU.	
content	data/predloga-ponudbe.json	predloga-ponudbe:predloge.6.kaj_potrebujemo_od_stranke.2	predloge.6.kaj_potrebujemo_od_stranke.2	Zahteve vaših glavnih kupcev (verige, izvoz).	Zahtjevi vaših glavnih kupaca (lanci, izvoz).	Zahtevi vaših glavnih kupaca (lanci, izvoz).	
content	data/predloga-ponudbe.json	predloga-ponudbe:predloge.6.naslov	predloge.6.naslov	Kozmetika paket — nega in lepota	Kozmetički paket — njega i ljepota	Paket kozmetike — nega i lepota	
content	data/predloga-ponudbe.json	predloga-ponudbe:predloge.6.obseg_storitev.0	predloge.6.obseg_storitev.0	EPR shema za embalažo (vse materiali, vključno s kompoziti).	EPR shema za pakiranje (svi materijali uključujući kompozite).	EPR šema za pakovanje (svi materijali uključujući kompozite).	
content	data/predloga-ponudbe.json	predloga-ponudbe:predloge.6.obseg_storitev.1	predloge.6.obseg_storitev.1	Made for Recycling analiza vseh SKU-jev z letnim pregledom.	Napravljeno za analizu recikliranja svih SKU-ova s ​​godišnjim pregledom.	Napravljen za analizu recikliranja svih SKU-ova sa godišnjim pregledom.	
content	data/predloga-ponudbe.json	predloga-ponudbe:predloge.6.obseg_storitev.2	predloge.6.obseg_storitev.2	Svetovanje pri prehodu na bolj recikljive materiale (mono-material, recyclate).	Savjeti za prelazak na materijale koji se više mogu reciklirati (mono-materijal, recikliraj).	Saveti o prelasku na materijale koji se mogu reciklirati (mono-materijal, reciklaža).	
content	data/predloga-ponudbe.json	predloga-ponudbe:predloge.6.obseg_storitev.3	predloge.6.obseg_storitev.3	Priprava na PPWR cutoff 2027 in 2030 (recyclability razredi A-E).	Priprema za PPWR cutoff 2027. i 2030. (klase reciklabilnosti A-E).	Priprema za PPVR prekid 2027. i 2030. (klase recikliranja A-E).	
content	data/predloga-ponudbe.json	predloga-ponudbe:predloge.6.obseg_storitev.4	predloge.6.obseg_storitev.4	Podpora pri zahtevah verig (Müller, dm, Spar) glede embalaže.	Podrška zahtjevima pakiranja lanaca (Müller, dm, Spar).	Podrška zahtevima za pakovanje lanaca (Muller, dm, Spar).	
content	data/predloga-ponudbe.json	predloga-ponudbe:predloge.6.okvirna_cena_letno	predloge.6.okvirna_cena_letno	od 14.000 EUR	od 14.000 eura	od 14.000 evra	
content	data/predloga-ponudbe.json	predloga-ponudbe:predloge.6.povzetek_resitve	predloge.6.povzetek_resitve	Specializiran paket za kozmetiko: kompozitna embalaža, hitre menjave SKU-jev, sezonske promocije, PPWR pritisk velikih verig na recyclability.	Specijalizirani paket za kozmetiku: kompozitna pakiranja, brze promjene SKU-a, sezonske akcije, PPWR pritisak velikih lanaca na mogućnost recikliranja.	Specijalizovani paket za kozmetiku: kompozitno pakovanje, brze promene SKU-a, sezonske promocije, PPVR pritisak velikih lanaca na reciklažu.	
content	data/predloga-ponudbe.json	predloga-ponudbe:predloge.6.primeren_za	predloge.6.primeren_za	Kozmetični proizvajalci z 50+ SKU-jev ali izvoznim deležem	Proizvođači kozmetike s više od 50 SKU-ova ili izvoznim udjelom	Proizvođači kozmetike sa 50+ SKU-ova ili udelom u izvozu	
content	data/predloga-ponudbe.json	predloga-ponudbe:predloge.7.id	predloge.7.id	sektor-elektronika			
content	data/predloga-ponudbe.json	predloga-ponudbe:predloge.7.kaj_potrebujemo_od_stranke.0	predloge.7.kaj_potrebujemo_od_stranke.0	Katalog uvoženih izdelkov s tehničnimi specifikacijami.	Katalog uvoznih proizvoda s tehničkim specifikacijama.	Katalog uvoznih proizvoda sa tehničkim specifikacijama.	
content	data/predloga-ponudbe.json	predloga-ponudbe:predloge.7.kaj_potrebujemo_od_stranke.1	predloge.7.kaj_potrebujemo_od_stranke.1	Letne količine po kategoriji.	Godišnje količine po kategorijama.	Godišnji obim po kategorijama.	
content	data/predloga-ponudbe.json	predloga-ponudbe:predloge.7.kaj_potrebujemo_od_stranke.2	predloge.7.kaj_potrebujemo_od_stranke.2	Informacije o baterijah v izdelkih (vrsta, kapaciteta).	Podaci o baterijama u proizvodima (vrsta, kapacitet).	Informacije o baterijama u proizvodima (tip, kapacitet).	
content	data/predloga-ponudbe.json	predloga-ponudbe:predloge.7.naslov	predloge.7.naslov	Elektronika paket — EE-oprema in baterije	Paket elektronike — EE-oprema i baterije	Elektronski paket — EE-oprema i baterije	
content	data/predloga-ponudbe.json	predloga-ponudbe:predloge.7.obseg_storitev.0	predloge.7.obseg_storitev.0	Vključitev v 3 sheme: embalaža, EE-oprema, baterije.	Uključivanje u 3 sheme: pakiranje, EE-oprema, baterije.	Uključivanje u 3 šeme: pakovanje, EE-oprema, baterije.	
content	data/predloga-ponudbe.json	predloga-ponudbe:predloge.7.obseg_storitev.1	predloge.7.obseg_storitev.1	Letno poročanje v vseh treh sistemih.	Godišnje izvješćivanje u sva tri sustava.	Godišnje izveštavanje u sva tri sistema.	
content	data/predloga-ponudbe.json	predloga-ponudbe:predloge.7.obseg_storitev.2	predloge.7.obseg_storitev.2	Označevanje izdelkov skladno z zakonodajo.	Označavanje proizvoda u skladu sa zakonskim propisima.	Označavanje proizvoda u skladu sa zakonskom regulativom.	
content	data/predloga-ponudbe.json	predloga-ponudbe:predloge.7.obseg_storitev.3	predloge.7.obseg_storitev.3	Priprava na Digital Product Passport (najprej baterije, kasneje EE).	Priprema za digitalnu putovnicu proizvoda (prvo baterije, EE kasnije).	Priprema za digitalni pasoš proizvoda (prvo baterije, kasnije EE).	
content	data/predloga-ponudbe.json	predloga-ponudbe:predloge.7.obseg_storitev.4	predloge.7.obseg_storitev.4	Podpora pri inšpekcijah in komunikaciji z ARSO.	Podrška u inspekcijama i komunikacija s ARSO.	Podrška u inspekcijama i komunikaciji sa ARSO.	
content	data/predloga-ponudbe.json	predloga-ponudbe:predloge.7.okvirna_cena_letno	predloge.7.okvirna_cena_letno	od 11.000 EUR	od 11.000 EUR	od 11.000 EUR	
content	data/predloga-ponudbe.json	predloga-ponudbe:predloge.7.povzetek_resitve	predloge.7.povzetek_resitve	Za uvoznike in proizvajalce elektronike: EPR sheme za EE-opremo IN baterije IN embalažo na enem mestu. Posebna podpora pri novi EU Uredbi o baterijah (2023/1542).	Za uvoznike i proizvođače elektronike: EPR sheme za EE opremu I baterije I ambalažu na jednom mjestu. Posebna podrška za novu EU uredbu o baterijama (2023/1542).	Za uvoznike i proizvođače elektronike: EPR šeme za EE opremu I baterije I pakovanje na jednom mestu. Posebna podrška za novu uredbu EU o baterijama (2023/1542).	
content	data/predloga-ponudbe.json	predloga-ponudbe:predloge.7.primeren_za	predloge.7.primeren_za	Uvozniki ali proizvajalci EE-opreme oziroma izdelkov z baterijami	Uvoznici ili proizvođači EE-opreme ili proizvoda s baterijama	Uvoznici ili proizvođači EE-opreme ili proizvoda sa baterijama	
content	data/predloga-ponudbe.json	predloga-ponudbe:predloge.8.id	predloge.8.id	sektor-industrija			
content	data/predloga-ponudbe.json	predloga-ponudbe:predloge.8.kaj_potrebujemo_od_stranke.0	predloge.8.kaj_potrebujemo_od_stranke.0	Pregled trenutnih odvozov in izvajalcev.	Pregled trenutnih preuzimanja i izvođača.	Pregled aktuelnih preuzimanja i izvođača radova.	
content	data/predloga-ponudbe.json	predloga-ponudbe:predloge.8.kaj_potrebujemo_od_stranke.1	predloge.8.kaj_potrebujemo_od_stranke.1	Lokacije in tipi odpadkov.	Lokacije i vrste otpada.	Lokacije i vrste otpada.	
content	data/predloga-ponudbe.json	predloga-ponudbe:predloge.8.kaj_potrebujemo_od_stranke.2	predloge.8.kaj_potrebujemo_od_stranke.2	Trenutni stroški ravnanja z odpadki.	Tekući troškovi gospodarenja otpadom.	Tekući troškovi upravljanja otpadom.	
content	data/predloga-ponudbe.json	predloga-ponudbe:predloge.8.naslov	predloge.8.naslov	Industrija paket — proizvodne lokacije	Industrijski paket — proizvodne lokacije	Industrijski paket — proizvodne lokacije	
content	data/predloga-ponudbe.json	predloga-ponudbe:predloge.8.obseg_storitev.0	predloge.8.obseg_storitev.0	Pregled vseh tokov odpadkov in identifikacija sekundarnih surovin.	Pregled svih tokova otpada i identifikacija sekundarnih sirovina.	Pregled svih tokova otpada i identifikacija sekundarnih sirovina.	
content	data/predloga-ponudbe.json	predloga-ponudbe:predloge.8.obseg_storitev.1	predloge.8.obseg_storitev.1	Operativno ravnanje z odpadki (odvozi, ločevanje, dokumentacija).	Operativno gospodarenje otpadom (odvoz, odvajanje, dokumentiranje).	Operativno upravljanje otpadom (uklanjanje, separacija, dokumentacija).	
content	data/predloga-ponudbe.json	predloga-ponudbe:predloge.8.obseg_storitev.2	predloge.8.obseg_storitev.2	Vključitev v EPR sheme za embalažo (transportna).	Uključivanje u EPR sheme za pakiranje (transport).	Uključivanje u EPR šeme za pakovanje (transport).	
content	data/predloga-ponudbe.json	predloga-ponudbe:predloge.8.obseg_storitev.3	predloge.8.obseg_storitev.3	ESG poročanje za B2B kupce in matično podjetje (Scope 3).	ESG izvješćivanje za B2B klijente i matičnu tvrtku (Opseg 3).	ESG izveštavanje za B2B klijente i matičnu kompaniju (Opseg 3).	
content	data/predloga-ponudbe.json	predloga-ponudbe:predloge.8.obseg_storitev.4	predloge.8.obseg_storitev.4	Kvartalna optimizacija — manj odpadkov, več sekundarnih surovin.	Kvartalna optimizacija — manje otpada, više sekundarnih sirovina.	Kvartalna optimizacija — manje otpada, više sekundarnih sirovina.	
content	data/predloga-ponudbe.json	predloga-ponudbe:predloge.8.okvirna_cena_letno	predloge.8.okvirna_cena_letno	od 22.000 EUR	od 22.000 eura	od 22.000 evra	
content	data/predloga-ponudbe.json	predloga-ponudbe:predloge.8.povzetek_resitve	predloge.8.povzetek_resitve	Za industrijske proizvajalce z velikimi količinami mešanih odpadkov: operativno ravnanje + EPR + sekundarne surovine (potencialni prihranek).	Za industrijske proizvođače s velikim količinama miješanog otpada: operativno upravljanje + EPR + sekundarne sirovine (potencijalne uštede).	Za industrijske proizvođače sa velikim količinama mešovitog otpada: operativno upravljanje + EPR + sekundarne sirovine (potencijalne uštede).	
content	data/predloga-ponudbe.json	predloga-ponudbe:predloge.8.primeren_za	predloge.8.primeren_za	Industrijski proizvajalci z 1+ lokacijo in mešanimi tokovi odpadkov	Industrijski proizvođači s 1+ lokacijama i miješanim tokovima otpada	Industrijski proizvođači sa 1+ lokacijama i mešovitim tokovima otpada	
content	data/predloga-ponudbe.json	predloga-ponudbe:predloge.9.id	predloge.9.id	sektor-gradbenistvo			
content	data/predloga-ponudbe.json	predloga-ponudbe:predloge.9.kaj_potrebujemo_od_stranke.0	predloge.9.kaj_potrebujemo_od_stranke.0	Pregled lokacij in tipov projektov.	Pregled lokacija i vrsta projekata.	Pregled lokacija i tipova projekata.	
content	data/predloga-ponudbe.json	predloga-ponudbe:predloge.9.kaj_potrebujemo_od_stranke.1	predloge.9.kaj_potrebujemo_od_stranke.1	Letni promet gradbenih materialov.	Godišnji promet građevinskog materijala.	Godišnji promet građevinskog materijala.	
content	data/predloga-ponudbe.json	predloga-ponudbe:predloge.9.kaj_potrebujemo_od_stranke.2	predloge.9.kaj_potrebujemo_od_stranke.2	Trenutni pristop k ravnanju z gradbenimi odpadki.	Suvremeni pristup gospodarenju građevinskim otpadom.	Aktuelni pristup upravljanju građevinskim otpadom.	
content	data/predloga-ponudbe.json	predloga-ponudbe:predloge.9.naslov	predloge.9.naslov	Gradbeništvo paket — gradnja in proizvodnja gradbenih materialov	Građevinski paket — izgradnja i proizvodnja građevinskog materijala	Građevinski paket — izgradnja i proizvodnja građevinskog materijala	
content	data/predloga-ponudbe.json	predloga-ponudbe:predloge.9.obseg_storitev.0	predloge.9.obseg_storitev.0	Razumevanje gradbenih odpadkov in zakonskih zahtev po lokacijah.	Razumijevanje građevinskog otpada i zakonskih zahtjeva prema lokaciji.	Razumevanje građevinskog otpada i zakonskih zahteva prema lokaciji.	
content	data/predloga-ponudbe.json	predloga-ponudbe:predloge.9.obseg_storitev.1	predloge.9.obseg_storitev.1	EPR za embalažo gradbenih materialov.	EPR za pakiranje građevinskog materijala.	EPR za pakovanje građevinskog materijala.	
content	data/predloga-ponudbe.json	predloga-ponudbe:predloge.9.obseg_storitev.2	predloge.9.obseg_storitev.2	Sodelovanje z lokalnimi izvajalci na gradbiščih.	Suradnja s lokalnim izvođačima na gradilištima.	Saradnja sa domaćim izvođačima na gradilištima.	
content	data/predloga-ponudbe.json	predloga-ponudbe:predloge.9.obseg_storitev.3	predloge.9.obseg_storitev.3	Dokumentacija primerna za javna naročila in inšpekcije.	Dokumentacija pogodna za javnu nabavu i inspekcijski nadzor.	Dokumentacija pogodna za javne nabavke i provere.	
content	data/predloga-ponudbe.json	predloga-ponudbe:predloge.9.obseg_storitev.4	predloge.9.obseg_storitev.4	Svetovanje pri sekundarnih surovinah (gradbeni odpadki, ki postanejo surovina).	Savjetovanje o sekundarnim sirovinama (građevinski otpad koji postaje sirovina).	Savetovanje o sekundarnim sirovinama (građevinski otpad koji postaje sirovina).	
content	data/predloga-ponudbe.json	predloga-ponudbe:predloge.9.okvirna_cena_letno	predloge.9.okvirna_cena_letno	od 16.000 EUR	od 16.000 eura	od 16.000 evra	
content	data/predloga-ponudbe.json	predloga-ponudbe:predloge.9.povzetek_resitve	predloge.9.povzetek_resitve	Za gradbena podjetja in proizvajalce gradbenih materialov: posebna zakonodaja za gradbene odpadke, embalaža materialov (palete, folije, vreče), nova pravila o ravnanju.	Za građevinske tvrtke i proizvođače građevinskog materijala: posebna zakonska regulativa za građevinski otpad, ambalažu od materijala (palete, folije, vreće), nova pravila rukovanja.	Za građevinske kompanije i proizvođače građevinskog materijala: posebna regulativa za građevinski otpad, ambalaža materijala (palete, folije, kese), nova pravila rukovanja.	
content	data/predloga-ponudbe.json	predloga-ponudbe:predloge.9.primeren_za	predloge.9.primeren_za	Gradbena podjetja in proizvajalci gradbenih materialov	Građevinske tvrtke i proizvođači građevinskog materijala	Građevinske kompanije i proizvođači građevinskog materijala	
content	data/predloga-ponudbe.json	predloga-ponudbe:splosni_pogoji	splosni_pogoji	Cene so v EUR brez DDV, razen kjer je drugače navedeno. Ponudba ne predstavlja zavezujoče ponudbe v smislu OZ. Pogodba začne veljati s podpisom obeh strank. Stranka je odgovorna za pravočasno posredovanje vseh podatkov, ki so potrebni za izvajanje storitev. Za točnost podatkov, posredovanih s strani naročnika, jamči naročnik.	Cijene su u EUR bez PDV-a, osim ako nije drugačije navedeno. Ponuda ne predstavlja obvezujuću ponudu u smislu OZ. Ugovor stupa na snagu potpisom obiju strana. Kupac je odgovoran za pravodobno slanje svih podataka potrebnih za pružanje usluga. Naručitelj jamči za točnost podataka koje je naručitelj dostavio.	Cene su u EUR bez PDV-a, osim ako nije drugačije naznačeno. Ponuda ne predstavlja obavezujuću ponudu u smislu OZ. Ugovor stupa na snagu potpisom obe strane. Kupac je odgovoran za blagovremeni prenos svih podataka neophodnih za pružanje usluga. Klijent garantuje tačnost podataka koje daje klijent.	
content	data/predloga-ponudbe.json	predloga-ponudbe:tipicna_resitev_blocks.kaj_dobite.0	tipicna_resitev_blocks.kaj_dobite.0	Manj administrativnega dela vaše ekipe.	Manje administrativnog posla za vaš tim.	Manje administrativnog posla za vaš tim.	
content	data/predloga-ponudbe.json	predloga-ponudbe:tipicna_resitev_blocks.kaj_dobite.1	tipicna_resitev_blocks.kaj_dobite.1	Predvidljive mesečne stroške brez nenadnih nihanj.	Predvidljivi mjesečni troškovi bez naglih oscilacija.	Predvidljivi mesečni troškovi bez naglih fluktuacija.	
content	data/predloga-ponudbe.json	predloga-ponudbe:tipicna_resitev_blocks.kaj_dobite.2	tipicna_resitev_blocks.kaj_dobite.2	Profesionalno podporo pri spremembah zakonodaje.	Stručna podrška zakonskim promjenama.	Stručna podrška zakonskim promenama.	
content	data/predloga-ponudbe.json	predloga-ponudbe:tipicna_resitev_blocks.kaj_dobite.3	tipicna_resitev_blocks.kaj_dobite.3	Pripravljenost na inšpekcijo v vsakem trenutku.	Spremnost za pregled u svakom trenutku.	Spremnost za inspekciju u svakom trenutku.	
content	data/predloga-ponudbe.json	predloga-ponudbe:tipicna_resitev_blocks.kaj_dobite.4	tipicna_resitev_blocks.kaj_dobite.4	En kontakt za vse vaše obveznosti.	Jedan kontakt za sve Vaše obaveze.	Jedan kontakt za sve Vaše obaveze.	
content	data/predloga-ponudbe.json	predloga-ponudbe:tipicna_resitev_blocks.zakaj_interzero.0	tipicna_resitev_blocks.zakaj_interzero.0	Več kot 30 let izkušenj v Evropi, lokalna prisotnost v Sloveniji.	Više od 30 godina iskustva u Europi, lokalna prisutnost u Sloveniji.	Više od 30 godina iskustva u Evropi, lokalno prisustvo u Sloveniji.	
content	data/predloga-ponudbe.json	predloga-ponudbe:tipicna_resitev_blocks.zakaj_interzero.1	tipicna_resitev_blocks.zakaj_interzero.1	Pokrivamo celoten krog: zakonodaja, ravnanje, poročanje, surovine.	Pokrivamo cijeli krug: zakonodavstvo, rukovanje, izvješćivanje, sirovine.	Pokrivamo ceo krug: zakonodavstvo, rukovanje, izveštavanje, sirovine.	
content	data/predloga-ponudbe.json	predloga-ponudbe:tipicna_resitev_blocks.zakaj_interzero.2	tipicna_resitev_blocks.zakaj_interzero.2	Mednarodna mreža za podjetja s prodajo v več državah.	Međunarodna mreža za tvrtke s prodajom u nekoliko zemalja.	Međunarodna mreža za kompanije sa prodajom u nekoliko zemalja.	
content	data/predloga-ponudbe.json	predloga-ponudbe:tipicna_resitev_blocks.zakaj_interzero.3	tipicna_resitev_blocks.zakaj_interzero.3	Stabilen partner z dolgoročnim sodelovanjem s strankami.	Stabilan partner s dugogodišnjom suradnjom s kupcima.	Stabilan partner sa dugogodišnjom saradnjom sa kupcima.	
content	data/predloga-ponudbe.json	predloga-ponudbe:uvodno_pismo	uvodno_pismo	Spoštovani,\n\nzahvaljujemo se za zaupanje in zanimanje za sodelovanje z Interzero. V nadaljevanju vam predstavljamo predlog rešitve, pripravljen na podlagi pogovora in podatkov, ki ste nam jih posredovali.\n\nNamen te ponudbe ni le predstaviti ceno, ampak pokazati, kako lahko skupaj uredimo vaše obveznosti, zmanjšamo administracijo in postavimo dolgoročno trajen model. Veseli bomo, če bomo lahko podrobnosti predstavili tudi osebno.	draga,\n\nzahvaljujemo na ukazanom povjerenju i interesu za suradnju s Interzerom. U nastavku vam predstavljamo prijedlog rješenja pripremljen na temelju razgovora i informacija koje ste nam dostavili.\n\nSvrha ove ponude nije samo prezentirati cijenu, već pokazati kako zajedno možemo urediti vaše obveze, smanjiti administraciju i postaviti dugoročno održiv model. Bit ćemo sretni ako detalje možemo prezentirati i osobno.	dragi,\n\nhvala na poverenju i interesovanju za saradnju sa Interzero. U nastavku Vam predstavljamo predlog rešenja, pripremljen na osnovu razgovora i informacija koje ste nam dostavili.\n\nSvrha ove ponude nije samo da predstavi cenu, već da pokaže kako zajedno možemo urediti vaše obaveze, smanjiti administraciju i postaviti dugoročno održiv model. Bićemo srećni ako možemo i lično da iznesemo detalje.	
content	data/proces.json	proces:_opis	_opis	10-fazni prodajni proces. Vsaka faza ima cilj, kontrolna vprašanja, obvezne izhode, CRM polja in tipičen rok.	Proces prodaje u 10 faza. Svaka faza ima cilj, kontrolna pitanja, obvezne izlaze, CRM polja i tipični rok.	Proces prodaje u 10 faza. Svaka faza ima cilj, kontrolna pitanja, obavezne rezultate, CRM polja i tipičan rok.	
content	data/proces.json	proces:faze.0.anti_vzorec	faze.0.anti_vzorec	Lead ostane v inboxu ali Excelu in pozabljen. Vedno isti dan v CRM.	Potencijalni klijent ostaje u inboxu ili Excelu i zaboravlja se. Uvijek isti dan u CRM-u.	Potencijalni potencijal ostaje u prijemnom sandučetu ili Ekcel-u i zaboravlja se. Uvek isti dan u CRM-u.	
content	data/proces.json	proces:faze.0.cilj	faze.0.cilj	Zabeležiti vir in osnovni interes.	Zabilježite izvor i temeljni interes.	Izvor zapisa i osnovni interes.	
content	data/proces.json	proces:faze.0.crm_polja.0	faze.0.crm_polja.0	vir lead-a	izvor vode	olovni izvor	
content	data/proces.json	proces:faze.0.crm_polja.1	faze.0.crm_polja.1	država	zemlja	zemlja	
content	data/proces.json	proces:faze.0.crm_polja.2	faze.0.crm_polja.2	podjetje			
content	data/proces.json	proces:faze.0.crm_polja.3	faze.0.crm_polja.3	kontaktna oseba	kontakt osoba	kontakt osoba	
content	data/proces.json	proces:faze.0.crm_polja.4	faze.0.crm_polja.4	kontakt podatki	kontakt informacije	kontakt informacije	
content	data/proces.json	proces:faze.0.crm_polja.5	faze.0.crm_polja.5	interes			
content	data/proces.json	proces:faze.0.crm_polja.6	faze.0.crm_polja.6	datum prvega stika	datum prvog kontakta	datum prvog kontakta	
content	data/proces.json	proces:faze.0.id	faze.0.id	lead			
content	data/proces.json	proces:faze.0.kljucna_vprasanja.0	faze.0.kljucna_vprasanja.0	Od kod je lead — kampanja, priporočilo, dogodek, hladen klic?	Odakle je došao trag — kampanja, preporuka, događaj, hladni poziv?	Odakle je došao vođstvo — kampanja, preporuka, događaj, hladni poziv?	
content	data/proces.json	proces:faze.0.kljucna_vprasanja.1	faze.0.kljucna_vprasanja.1	Katera storitev ga zanima?	Za koju uslugu je zainteresiran?	Koja usluga ga zanima?	
content	data/proces.json	proces:faze.0.kljucna_vprasanja.2	faze.0.kljucna_vprasanja.2	Ali izpolnjuje osnovne kriterije ICP?	Zadovoljava li osnovne ICP kriterije?	Da li ispunjava osnovne ICP kriterijume?	
content	data/proces.json	proces:faze.0.naziv	faze.0.naziv	Lead			
content	data/proces.json	proces:faze.0.obvezen_izhod	faze.0.obvezen_izhod	Lead vpisan v CRM s polji: vir, država, podjetje, kontakt, interes.	Potencijalni klijent upisan u CRM s poljima: izvor, država, tvrtka, kontakt, interes.	Lid unet u CRM sa poljima: izvor, država, kompanija, kontakt, interesovanje.	
content	data/proces.json	proces:faze.0.odgovoren	faze.0.odgovoren	Prodaja ali marketing	Prodaja ili marketing	Prodaja ili marketing	
content	data/proces.json	proces:faze.0.tipicen_rok	faze.0.tipicen_rok	Takoj ob prejemu	Odmah po primitku	Odmah po prijemu	
content	data/proces.json	proces:faze.1.anti_vzorec	faze.1.anti_vzorec	Vsak lead se ohrani 'za vsak slučaj' in pipeline se napihne.	Svaki vod se čuva 'za svaki slučaj' i cjevovod raste.	Svaki provod se čuva „za svaki slučaj“ i cevovod nabubri.	
content	data/proces.json	proces:faze.1.cilj	faze.1.cilj	Ugotoviti, ali je priložnost vredna časa.	Odredite je li prilika vrijedna vašeg vremena.	Odredite da li je prilika vredna vašeg vremena.	
content	data/proces.json	proces:faze.1.crm_polja.0	faze.1.crm_polja.0	segment			
content	data/proces.json	proces:faze.1.crm_polja.1	faze.1.crm_polja.1	ocena potenciala (S/M/L)	procjena potencijala (S/M/L)	procena potencijala (S/M/L)	
content	data/proces.json	proces:faze.1.crm_polja.2	faze.1.crm_polja.2	interesna storitev	zanimljiva usluga	zanimljiva usluga	
content	data/proces.json	proces:faze.1.crm_polja.3	faze.1.crm_polja.3	ocena vrednosti	procjena vrijednosti	procena vrednosti	
content	data/proces.json	proces:faze.1.crm_polja.4	faze.1.crm_polja.4	datum naslednjega koraka	datum sljedećeg koraka	datum sledećeg koraka	
content	data/proces.json	proces:faze.1.id	faze.1.id	kvalifikacija			
content	data/proces.json	proces:faze.1.kljucna_vprasanja.0	faze.1.kljucna_vprasanja.0	Imajo EPR obveznosti?	Imaju li EPR obveze?	Da li imaju EPR obaveze?	
content	data/proces.json	proces:faze.1.kljucna_vprasanja.1	faze.1.kljucna_vprasanja.1	Kakšne so okvirne količine?	Koje su okvirne količine?	Koje su približne količine?	
content	data/proces.json	proces:faze.1.kljucna_vprasanja.2	faze.1.kljucna_vprasanja.2	Koliko lokacij?	Koliko lokacija?	Koliko lokacija?	
content	data/proces.json	proces:faze.1.kljucna_vprasanja.3	faze.1.kljucna_vprasanja.3	Imajo rok ali pritisk za odločitev?	Imaju li rok ili pritisak da donesu odluku?	Da li imaju rok ili pritisak da donesu odluku?	
content	data/proces.json	proces:faze.1.kljucna_vprasanja.4	faze.1.kljucna_vprasanja.4	Kdo je verjeten odločevalec?	Tko je vjerojatni donositelj odluka?	Ko je verovatno donosilac odluka?	
content	data/proces.json	proces:faze.1.naziv	faze.1.naziv	Kvalifikacija			
content	data/proces.json	proces:faze.1.obvezen_izhod	faze.1.obvezen_izhod	Go / No-go odločitev z obrazložitvijo. Pri 'go' dogovorjen prvi sestanek.	Ići / Ne ići odluka s obrazloženjem. Prvi sastanak dogovoren u 'go'.	Idi / Ne-idi odluka sa opravdanjem. Prvi sastanak dogovoren u 'go'.	
content	data/proces.json	proces:faze.1.odgovoren	faze.1.odgovoren	Prodajalec			
content	data/proces.json	proces:faze.1.tipicen_rok	faze.1.tipicen_rok	5 delovnih dni od lead-a	5 radnih dana od izvoda	5 radnih dana od olova	
content	data/proces.json	proces:faze.2.anti_vzorec	faze.2.anti_vzorec	Prodajalec govori večino časa in pokaže ves katalog storitev.	Prodavač govori većinu vremena i pokazuje cijeli katalog usluga.	Prodavac većinu vremena govori i pokazuje ceo katalog usluga.	
content	data/proces.json	proces:faze.2.cilj	faze.2.cilj	Razumeti kontekst in vzpostaviti zaupanje. NE prodajati storitev.	Shvatite kontekst i uspostavite povjerenje. NEMOJTE prodavati usluge.	Razumeti kontekst i uspostaviti poverenje. NEMOJTE prodavati usluge.	
content	data/proces.json	proces:faze.2.crm_polja.0	faze.2.crm_polja.0	datum sestanka	datum sastanka	datum sastanka	
content	data/proces.json	proces:faze.2.crm_polja.1	faze.2.crm_polja.1	udeleženci	sudionika	učesnika	
content	data/proces.json	proces:faze.2.crm_polja.2	faze.2.crm_polja.2	povzetek bolečin	sažetak bolova	rezime bolova	
content	data/proces.json	proces:faze.2.crm_polja.3	faze.2.crm_polja.3	naslednji korak	sljedeći korak	sledeći korak	
content	data/proces.json	proces:faze.2.kljucna_vprasanja.0	faze.2.kljucna_vprasanja.0	Kaj urejate danes in kdo?	Što danas uređujete i koga?	Šta danas uređujete i ko?	
content	data/proces.json	proces:faze.2.kljucna_vprasanja.1	faze.2.kljucna_vprasanja.1	Kaj ne deluje?	Što ne radi?	Šta ne radi?	
content	data/proces.json	proces:faze.2.kljucna_vprasanja.2	faze.2.kljucna_vprasanja.2	Kaj je razlog za morebitno spremembo?	Koji je razlog bilo kakve promjene?	Šta je razlog za bilo kakvu promenu?	
content	data/proces.json	proces:faze.2.kljucna_vprasanja.3	faze.2.kljucna_vprasanja.3	Kdo bo na koncu odločal?	Tko će na kraju odlučiti?	Ko će na kraju odlučiti?	
content	data/proces.json	proces:faze.2.naziv	faze.2.naziv	Prvi sestanek	Prvi sastanak	Prvi sastanak	
content	data/proces.json	proces:faze.2.obvezen_izhod	faze.2.obvezen_izhod	Dogovor za analizo potreb. Pisni povzetek sestanka.	Ugovor za analizu potreba. Pisani sažetak sastanka.	Ugovor za analizu potreba. Pisani rezime sastanka.	
content	data/proces.json	proces:faze.2.tipicen_rok	faze.2.tipicen_rok	10 delovnih dni od kvalifikacije	10 radnih dana od kvalifikacije	10 radnih dana od kvalifikacije	
content	data/proces.json	proces:faze.3.anti_vzorec	faze.3.anti_vzorec	Ponudba pripravljena brez polnih podatkov, posledica so napake.	Ponuda je pripremljena bez potpunih podataka, rezultat su greške.	Ponuda je pripremljena bez potpunih podataka, rezultat su greške.	
content	data/proces.json	proces:faze.3.cilj	faze.3.cilj	Zbrati podatke, ki omogočajo realno rešitev.	Prikupiti podatke koji omogućuju realno rješenje.	Prikupite podatke koji omogućavaju realno rešenje.	
content	data/proces.json	proces:faze.3.crm_polja.0	faze.3.crm_polja.0	pridobljeni podatki	dobivenih podataka	dobijenih podataka	
content	data/proces.json	proces:faze.3.crm_polja.1	faze.3.crm_polja.1	manjkajoči podatki	podaci koji nedostaju	podaci koji nedostaju	
content	data/proces.json	proces:faze.3.crm_polja.2	faze.3.crm_polja.2	odprta vprašanja	otvorena pitanja	otvorena pitanja	
content	data/proces.json	proces:faze.3.crm_polja.3	faze.3.crm_polja.3	vključeni strokovnjaki	uključeni stručnjaci	uključeni stručnjaci	
content	data/proces.json	proces:faze.3.id	faze.3.id	analiza-potreb			
content	data/proces.json	proces:faze.3.kljucna_vprasanja.0	faze.3.kljucna_vprasanja.0	Kje nastajajo odpadki?	Gdje se proizvodi otpad?	Gde se proizvodi otpad?	
content	data/proces.json	proces:faze.3.kljucna_vprasanja.1	faze.3.kljucna_vprasanja.1	Kaj dajete na trg in v kakšnih količinah?	Što stavljate na tržište i u kojim količinama?	Šta i u kojim količinama stavljate na tržište?	
content	data/proces.json	proces:faze.3.kljucna_vprasanja.2	faze.3.kljucna_vprasanja.2	Kako trenutno poročate?	Kako trenutno izvještavate?	Kako trenutno izveštavate?	
content	data/proces.json	proces:faze.3.kljucna_vprasanja.3	faze.3.kljucna_vprasanja.3	Katere podatke imate, katerih ne?	Koje podatke imate, a koje ne?	Koje podatke imate, a koje nemate?	
content	data/proces.json	proces:faze.3.naziv	faze.3.naziv	Analiza potreb	Analiza potreba	Potrebna analiza	
content	data/proces.json	proces:faze.3.obvezen_izhod	faze.3.obvezen_izhod	Izpolnjen discovery obrazec. Pridobljeni potrebni dokumenti.	Ispunjen obrazac za otkrivanje. Pribavljeni potrebni dokumenti.	Popunjen obrazac za otkrivanje. Pribavljeni potrebni dokumenti.	
content	data/proces.json	proces:faze.3.odgovoren	faze.3.odgovoren	Prodaja + strokovna ekipa (delivery)	Prodaja + stručni tim (dostava)	Prodaja + profesionalni tim (isporuka)	
content	data/proces.json	proces:faze.3.tipicen_rok	faze.3.tipicen_rok	2 tedna od prvega sestanka	2 tjedna od prvog sastanka	2 nedelje od prvog sastanka	
content	data/proces.json	proces:faze.4.anti_vzorec	faze.4.anti_vzorec	Stranka po predstavitvi reče 'pošljite ponudbo' brez konkretnih dogovorov o obsegu.	Nakon prezentacije naručitelj kaže 'pošalji ponudu' bez konkretnih dogovora o obimu.	Nakon prezentacije, klijent kaže 'pošalji ponudu' bez konkretnih dogovora o obimu.	
content	data/proces.json	proces:faze.4.cilj	faze.4.cilj	Povezati potrebe z Interzero rešitvijo. Potrditi obseg.	Povežite potrebe s Interzero rješenjem. Potvrdite opseg.	Povežite potrebe sa Interzero rešenjem. Potvrdite opseg.	
content	data/proces.json	proces:faze.4.crm_polja.0	faze.4.crm_polja.0	predlagane storitve	predložene usluge	predložene usluge	
content	data/proces.json	proces:faze.4.crm_polja.1	faze.4.crm_polja.1	potrjeni obseg	potvrđeni raspon	potvrđen domet	
content	data/proces.json	proces:faze.4.crm_polja.2	faze.4.crm_polja.2	odločevalci	donositelji odluka	donosioci odluka	
content	data/proces.json	proces:faze.4.crm_polja.3	faze.4.crm_polja.3	predviden rok ponudbe	procijenjeni rok ponude	procenjeni rok ponude	
content	data/proces.json	proces:faze.4.id	faze.4.id	predstavitev-resitve			
content	data/proces.json	proces:faze.4.kljucna_vprasanja.0	faze.4.kljucna_vprasanja.0	Ali rešitev pokriva glavni problem stranke?	Pokriva li rješenje glavni problem kupca?	Da li rešenje pokriva glavni problem kupca?	
content	data/proces.json	proces:faze.4.kljucna_vprasanja.1	faze.4.kljucna_vprasanja.1	Kdo mora notranje potrditi?	Tko mora interno odobriti?	Ko mora interno da odobri?	
content	data/proces.json	proces:faze.4.kljucna_vprasanja.2	faze.4.kljucna_vprasanja.2	Kateri del je še odprt?	Koji je dio još otvoren?	Koji deo je još otvoren?	
content	data/proces.json	proces:faze.4.obvezen_izhod	faze.4.obvezen_izhod	Potrditev obsega in odločevalcev pred pripravo ponudbe.	Potvrda opsega i donositelja odluka prije pripreme ponude.	Potvrda obima i donosilaca odluka pre pripreme ponude.	
content	data/proces.json	proces:faze.4.odgovoren	faze.4.odgovoren	Prodaja + specialist	Prodaja + specijalist	Prodaja + specijalista	
content	data/proces.json	proces:faze.4.tipicen_rok	faze.4.tipicen_rok	1 teden po analizi	1 tjedan nakon analize	1 nedelja nakon analize	
content	data/proces.json	proces:faze.5.anti_vzorec	faze.5.anti_vzorec	Ponudba poslana in tišina — brez dogovorjenega datuma za pregled.	Ponuda poslana i tišina — nema dogovorenog datuma pregleda.	Ponuda poslata i tišina — nema dogovorenog datuma za inspekciju.	
content	data/proces.json	proces:faze.5.cilj	faze.5.cilj	Dati jasno komercialno rešitev.	Dati jasno komercijalno rješenje.	Da dam jasno komercijalno rešenje.	
content	data/proces.json	proces:faze.5.crm_polja.0	faze.5.crm_polja.0	vrednost ponudbe	vrijednost ponude	vrednost ponude	
content	data/proces.json	proces:faze.5.crm_polja.1	faze.5.crm_polja.1	datum pošiljanja	datum otpreme	datum otpreme	
content	data/proces.json	proces:faze.5.crm_polja.2	faze.5.crm_polja.2	veljavnost do	valjanost do	validnost do	
content	data/proces.json	proces:faze.5.crm_polja.3	faze.5.crm_polja.3	dokument			
content	data/proces.json	proces:faze.5.crm_polja.4	faze.5.crm_polja.4	predvideno zaprtje	predviđeno zatvaranje	predviđeno zatvaranje	
content	data/proces.json	proces:faze.5.id	faze.5.id	ponudba			
content	data/proces.json	proces:faze.5.kljucna_vprasanja.0	faze.5.kljucna_vprasanja.0	Je obseg jasen?	Je li opseg jasan?	Da li je obim jasan?	
content	data/proces.json	proces:faze.5.kljucna_vprasanja.1	faze.5.kljucna_vprasanja.1	Je cena razumljiva in primerljiva?	Je li cijena razumljiva i usporediva?	Da li je cena razumljiva i uporediva?	
content	data/proces.json	proces:faze.5.kljucna_vprasanja.2	faze.5.kljucna_vprasanja.2	Kaj manjka v primerjavi z dogovorjenim?	Što nedostaje u odnosu na dogovoreno?	Šta nedostaje u odnosu na ono što je dogovoreno?	
content	data/proces.json	proces:faze.5.obvezen_izhod	faze.5.obvezen_izhod	Poslana ponudba s povzetkom, obsegom, ceno, roki, odgovornostmi, pogoji, naslednjim korakom.	Poslana ponuda sa sažetkom, opsegom, cijenom, rokovima, odgovornostima, uvjetima, sljedećim korakom.	Ponuda je poslata sa rezimeom, obimom, cenom, rokovima, odgovornostima, uslovima, sledećim korakom.	
content	data/proces.json	proces:faze.5.tipicen_rok	faze.5.tipicen_rok	1 teden po potrjenem obsegu	1 tjedan nakon potvrđene količine	1 nedelju nakon potvrđenog volumena	
content	data/proces.json	proces:faze.6.anti_vzorec	faze.6.anti_vzorec	Več krogov sprememb brez jasne odločevalske vključenosti.	Nekoliko rundi promjena bez jasnog uključivanja u donošenje odluka.	Nekoliko krugova promena bez jasnog učešća u donošenju odluka.	
content	data/proces.json	proces:faze.6.cilj	faze.6.cilj	Zapreti odprta vprašanja, ugovore in pravne pogoje.	Zatvorite otvorena pitanja, primjedbe i pravne uvjete.	Zatvorite otvorena pitanja, primedbe i pravne termine.	
content	data/proces.json	proces:faze.6.crm_polja.0	faze.6.crm_polja.0	zabeleženi ugovori	zabilježene primjedbe	zabeležene primedbe	
content	data/proces.json	proces:faze.6.crm_polja.1	faze.6.crm_polja.1	spremembe ponudbe	izmjene ponude	izmene ponude	
content	data/proces.json	proces:faze.6.crm_polja.2	faze.6.crm_polja.2	naslednji sestanek	sljedeći sastanak	sledeći sastanak	
content	data/proces.json	proces:faze.6.crm_polja.3	faze.6.crm_polja.3	verjetnost zaprtja (%)	vjerojatnost zatvaranja (%)	verovatnoća zatvaranja (%)	
content	data/proces.json	proces:faze.6.id	faze.6.id	usklajevanje			
content	data/proces.json	proces:faze.6.kljucna_vprasanja.0	faze.6.kljucna_vprasanja.0	Kaj blokira odločitev — cena, obseg, pravni pogoji?	Što blokira odluku — cijena, opseg, pravni uvjeti?	Šta blokira odluku — cena, obim, pravni uslovi?	
content	data/proces.json	proces:faze.6.kljucna_vprasanja.1	faze.6.kljucna_vprasanja.1	Kdo še mora videti ponudbo?	Tko još treba vidjeti ponudu?	Ko još treba da vidi ponudu?	
content	data/proces.json	proces:faze.6.kljucna_vprasanja.2	faze.6.kljucna_vprasanja.2	Kateri ugovor je največji?	Koja je zamjerka najveća?	Koja je zamerka najveća?	
content	data/proces.json	proces:faze.6.naziv	faze.6.naziv	Usklajevanje			
content	data/proces.json	proces:faze.6.obvezen_izhod	faze.6.obvezen_izhod	Dogovorjene morebitne spremembe ali jasna pot do podpisa.	Sve dogovorene promjene ili jasan put do potpisa.	Sve izmene koje su dogovorene ili jasan put do potpisa.	
content	data/proces.json	proces:faze.6.odgovoren	faze.6.odgovoren	Prodaja + finance / pravna služba	Prodaja + financije / pravni odjel	Prodaja + finansije / pravna služba	
content	data/proces.json	proces:faze.6.tipicen_rok	faze.6.tipicen_rok	2–4 tedne	2-4 tjedna	2-4 nedelje	
content	data/proces.json	proces:faze.7.anti_vzorec	faze.7.anti_vzorec	'Stranka se še ni odločila' ostane v CRM mesece brez datuma in naslednje aktivnosti.	'Kupac još nije odlučio' ostaje u CRM-u mjesecima bez datuma i bez daljnjih aktivnosti.	„Kupac još nije odlučio“ ostaje u CRM-u mesecima bez datuma i bez daljih aktivnosti.	
content	data/proces.json	proces:faze.7.cilj	faze.7.cilj	Dobiti podpis ali jasen razlog izgube.	Dobiti potpis ili jasan razlog gubitka.	Uzmite potpis ili jasan razlog gubitka.	
content	data/proces.json	proces:faze.7.crm_polja.0	faze.7.crm_polja.0	status (zmaga/izguba/odloženo)	status (pobjeda/poraz/odgođeno)	status (pobeda/gubitak/odloženo)	
content	data/proces.json	proces:faze.7.crm_polja.1	faze.7.crm_polja.1	razlog izgube	razlog gubitka	razlog gubitka	
content	data/proces.json	proces:faze.7.crm_polja.2	faze.7.crm_polja.2	konkurent			
content	data/proces.json	proces:faze.7.crm_polja.3	faze.7.crm_polja.3	datum odločitve	datum odluke	datum donošenja odluke	
content	data/proces.json	proces:faze.7.id	faze.7.id	odlocitev			
content	data/proces.json	proces:faze.7.kljucna_vprasanja.0	faze.7.kljucna_vprasanja.0	Kdaj točno odločite?	Kada se točno odlučujete?	Kada tačno odlučujete?	
content	data/proces.json	proces:faze.7.kljucna_vprasanja.1	faze.7.kljucna_vprasanja.1	Kdo podpiše?	Tko potpisuje?	Ko potpisuje?	
content	data/proces.json	proces:faze.7.kljucna_vprasanja.2	faze.7.kljucna_vprasanja.2	Če je ne, zakaj — cena, konkurent, časovni okvir, druga prioriteta?	Ako ne, zašto — cijena, konkurent, vremenski okvir, drugi prioritet?	Ako ne, zašto — cena, konkurent, vremenski okvir, drugi prioritet?	
content	data/proces.json	proces:faze.7.naziv	faze.7.naziv	Odločitev	Odluka	Odluka	
content	data/proces.json	proces:faze.7.obvezen_izhod	faze.7.obvezen_izhod	Podpis ali zapisan razlog izgube.	Potpis ili pismeni razlog gubitka.	Potpis ili pismeni razlog gubitka.	
content	data/proces.json	proces:faze.7.tipicen_rok	faze.7.tipicen_rok	do dogovorjenega roka	do dogovorenog roka	do ugovorenog roka	
content	data/proces.json	proces:faze.8.anti_vzorec	faze.8.anti_vzorec	Prodajalec 'pojasni preko telefona' in dokumenta ni.	Prodavač 'telefonski objašnjava', a dokumenta nema.	Prodavac 'objašnjava preko telefona' i nema dokumenta.	
content	data/proces.json	proces:faze.8.cilj	faze.8.cilj	Preprečiti izgubo informacij med prodajo in izvedbo.	Spriječite gubitak informacija tijekom prodaje i izvršenja.	Sprečite gubitak informacija tokom prodaje i izvršenja.	
content	data/proces.json	proces:faze.8.crm_polja.0	faze.8.crm_polja.0	pogodba (link/datoteka)	ugovor (link/datoteka)	ugovor (link/fajl)	
content	data/proces.json	proces:faze.8.crm_polja.1	faze.8.crm_polja.1	obseg po točkah	raspon po bodovima	raspon po tačkama	
content	data/proces.json	proces:faze.8.crm_polja.2	faze.8.crm_polja.2	roki			
content	data/proces.json	proces:faze.8.crm_polja.3	faze.8.crm_polja.3	kontaktne osebe	kontakt osobe	kontakt osobe	
content	data/proces.json	proces:faze.8.crm_polja.4	faze.8.crm_polja.4	posebnosti			
content	data/proces.json	proces:faze.8.id	faze.8.id	predaja			
content	data/proces.json	proces:faze.8.kljucna_vprasanja.0	faze.8.kljucna_vprasanja.0	Kaj je bilo stranki obljubljeno?	Što je obećano kupcu?	Šta je obećano kupcu?	
content	data/proces.json	proces:faze.8.kljucna_vprasanja.1	faze.8.kljucna_vprasanja.1	Kaj mora delivery vedeti?	Što dostava mora znati?	Šta isporuka treba da zna?	
content	data/proces.json	proces:faze.8.kljucna_vprasanja.2	faze.8.kljucna_vprasanja.2	Kdo je primarni kontakt pri stranki?	Tko je klijentov primarni kontakt?	Ko je klijentov primarni kontakt?	
content	data/proces.json	proces:faze.8.naziv	faze.8.naziv	Predaja delivery ekipi	Predaja dostavnom timu	Predaja timu za dostavu	
content	data/proces.json	proces:faze.8.obvezen_izhod	faze.8.obvezen_izhod	Predajni zapisnik z obsegom, roki, kontakti, posebnimi dogovori.	Primopredajni zapisnik s opsegom, rokovima, kontaktima, posebnim dogovorima.	Primopredajni zapisnik sa obimom, rokovima, kontaktima, posebnim aranžmanima.	
content	data/proces.json	proces:faze.8.odgovoren	faze.8.odgovoren	Prodaja + delivery	Prodaja + dostava	Prodaja + isporuka	
content	data/proces.json	proces:faze.8.tipicen_rok	faze.8.tipicen_rok	1 teden po podpisu	1 tjedan nakon potpisivanja	1 nedelja nakon potpisivanja	
content	data/proces.json	proces:faze.9.anti_vzorec	faze.9.anti_vzorec	Stranka se sliši šele, ko se pojavi problem.	Kupca se čuje samo kad postoji problem.	Mušterija se čuje samo kada postoji problem.	
content	data/proces.json	proces:faze.9.cilj	faze.9.cilj	Preveriti zadovoljstvo in dodatne priložnosti.	Provjerite zadovoljstvo i dodatne mogućnosti.	Proverite zadovoljstvo i dodatne mogućnosti.	
content	data/proces.json	proces:faze.9.crm_polja.0	faze.9.crm_polja.0	zadovoljstvo			
content	data/proces.json	proces:faze.9.crm_polja.1	faze.9.crm_polja.1	dodatne priložnosti	dodatne mogućnosti	dodatne mogućnosti	
content	data/proces.json	proces:faze.9.crm_polja.2	faze.9.crm_polja.2	datum naslednjega pregleda	datum sljedeće inspekcije	datum sledećeg pregleda	
content	data/proces.json	proces:faze.9.crm_polja.3	faze.9.crm_polja.3	reference soglasje	reference pristanak	reference saglasnost	
content	data/proces.json	proces:faze.9.kljucna_vprasanja.0	faze.9.kljucna_vprasanja.0	Ali storitev deluje, kot je bilo obljubljeno?	Radi li usluga kako je obećano?	Da li usluga funkcioniše kako je obećano?	
content	data/proces.json	proces:faze.9.kljucna_vprasanja.1	faze.9.kljucna_vprasanja.1	Kje vidite dodatne priložnosti?	Gdje vidite dodatne mogućnosti?	Gde vidite dodatne mogućnosti?	
content	data/proces.json	proces:faze.9.kljucna_vprasanja.2	faze.9.kljucna_vprasanja.2	Bi nas priporočili?	Biste li nas preporučili?	Da li biste nas preporučili?	
content	data/proces.json	proces:faze.9.naziv	faze.9.naziv	Poprodajni follow-up	Praćenje nakon prodaje	Praćenje nakon prodaje	
content	data/proces.json	proces:faze.9.obvezen_izhod	faze.9.obvezen_izhod	Pregled po 30 in 90 dneh, plan razvoja stranke.	Pregled nakon 30 i 90 dana, plan razvoja korisnika.	Pregledajte plan razvoja klijenata nakon 30 i 90 dana.	
content	data/proces.json	proces:faze.9.odgovoren	faze.9.odgovoren	Account manager	Voditelj računa	Menadžer naloga	
content	data/proces.json	proces:faze.9.tipicen_rok	faze.9.tipicen_rok	30 in 90 dni po startu	30 i 90 dana nakon početka	30 i 90 dana nakon početka	
content	data/reference.json	reference:_filozofija	_filozofija	Referenca ni 'mi smo veliki in cool'. Referenca je 'tvoja zgodba je podobna tej zgodbi'. Vedno prilagodi panogi in velikosti stranke, ki te posluša.	Referenca nije 'mi smo veliki i cool'. Referenca je 'vaša priča je slična ovoj priči'. Uvijek se prilagođava industriji i veličini klijenta koji vas sluša.	Referenca nije „mi smo veliki i kul“. Referenca je „vaša priča je slična ovoj priči“. Uvek se prilagođava industriji i veličini klijenta koji vas sluša.	
content	data/reference.json	reference:_kako_uporabiti.0	_kako_uporabiti.0	V predstavitvi vstavi 2-3 specifične reference, ne kataloga.	Ubacite 2-3 konkretne reference u prezentaciju, a ne u katalog.	Umetnite 2-3 specifične reference u prezentaciju, a ne u katalog.	
content	data/reference.json	reference:_kako_uporabiti.1	_kako_uporabiti.1	Vedno povej kontekst: 'Pri primerljivem podjetju iz vaše panoge...' Stranka mora videti vzporednico.	Uvijek dajte kontekst: 'S usporedivom tvrtkom u vašoj industriji...' Kupac mora vidjeti paralelu.	Uvek dajte kontekst: „Sa uporedivom kompanijom u vašoj industriji...“ Kupac treba da vidi paralelu.	
content	data/reference.json	reference:_kako_uporabiti.2	_kako_uporabiti.2	Po sestanku predlagaj pisno verzijo case study — to je dober follow-up.	Nakon sastanka predložite pisanu verziju studije slučaja — ovo je dobar nastavak.	Nakon sastanka, predložite pisanu verziju studije slučaja — ovo je dobar nastavak.	
content	data/reference.json	reference:_kako_uporabiti.3	_kako_uporabiti.3	Reference, kjer stranka dovoli ime, so vedno močnejše. Sproti pridobivaj dovoljenja.	Reference gdje naručitelj dopusti ime su uvijek jače. Dobijte dopuštenja u pokretu.	Reference gde klijent dozvoljava ime su uvek jače. Dobijte dozvole u ​​pokretu.	
content	data/reference.json	reference:_opis	_opis	Knjižnica referenc in primerov uporabe. Vse so ANONIMIZIRANE oblike (ne pravo ime stranke) — uporabne kot okvir prodajne zgodbe. Pred uporabo s konkretnim imenom potrebuješ pisno dovoljenje stranke.	Knjižnica referenci i slučajeva korištenja. Svi su ANONIMIZIRANI obrasci (ne pravo ime kupca) — korisni kao okvir za priču o prodaji. Prije korištenja određenog imena potrebno je pismeno dopuštenje kupca.	Biblioteka referenci i slučajeva upotrebe. Svi su ANONIMIZOVANI obrasci (nisu pravo ime kupca) — korisni kao okvir za priču o prodaji. Pre upotrebe određenog imena potrebna vam je pismena dozvola kupca.	
content	data/reference.json	reference:kako_pridobiti_reference.0	kako_pridobiti_reference.0	Po uspešnem prvem letu — vprašaj stranko za referenco. To je naravni trenutek.	Nakon uspješne prve godine — tražite od klijenta preporuku. To je prirodan trenutak.	Posle uspešne prve godine — pitajte klijenta za referencu. To je prirodan trenutak.	
content	data/reference.json	reference:kako_pridobiti_reference.1	kako_pridobiti_reference.1	Ponudi konkreten format: 1-stranski case study, ki ga ti pripraviš, stranka samo potrdi.	Nudi konkretan format: studiju slučaja od 1 stranice koju vi pripremite, a klijent samo odobri.	Nudi konkretan format: studiju slučaja od 1 stranice koju pripremite, a klijent samo odobrava.	
content	data/reference.json	reference:kako_pridobiti_reference.2	kako_pridobiti_reference.2	V zameno ponudi: nekaj manjšega (analiza embalaže brezplačno, kvartalni pregled).	Zauzvrat nudi: nešto manje (besplatna analiza ambalaže, tromjesečna kontrola).	Zauzvrat nudi: nešto manje (besplatna analiza pakovanja, tromesečni pregled).	
content	data/reference.json	reference:kako_pridobiti_reference.3	kako_pridobiti_reference.3	Stranka, ki je dala referenco, bo verjetneje ostala dolgoročno (psihološki commitment).	Vjerojatnije je da će klijent koji je dao preporuku ostati dugoročno (psihološka predanost).	Veća je verovatnoća da će klijent koji je dao referencu ostati dugoročno (psihološka obaveza).	
content	data/reference.json	reference:primeri.0.id	primeri.0.id	fmcg-srednje			
content	data/reference.json	reference:primeri.0.izziv	primeri.0.izziv	Tri različni dobavitelji za odpadke, ena interna oseba je 30 % časa porabila za EPR poročanje, vsako leto težave z marčevskim rokom.	Tri različita dobavljača otpada, jedna interna osoba potrošila je 30% vremena na EPR izvješćivanje, problemi s ožujskim rokom svake godine.	Tri različita dobavljača otpada, jedno interno lice je trošilo 30% vremena na EPR izveštavanje, problemi sa rokom u martu svake godine.	
content	data/reference.json	reference:primeri.0.kaj_smo_naredili.0	primeri.0.kaj_smo_naredili.0	Vključitev v skupno EPR shemo (embalaža + EE-oprema za promocijska darila).	Uključivanje u zajedničku EPR shemu (ambalaža + EE-oprema za promotivne darove).	Uključivanje u zajedničku EPR šemu (pakovanje + EE-oprema za promotivne poklone).	
content	data/reference.json	reference:primeri.0.kaj_smo_naredili.1	primeri.0.kaj_smo_naredili.1	Konsolidacija ravnanja z odpadki na enega izvajalca prek Interzero.	Objedinjavanje gospodarenja otpadom na jednog izvođača kroz Interzero.	Konsolidacija upravljanja otpadom jednom izvođaču preko Interzero-a.	
content	data/reference.json	reference:primeri.0.kaj_smo_naredili.2	primeri.0.kaj_smo_naredili.2	Avtomatizirano kvartalno poročanje s podatki iz njihovega ERP-a.	Automatizirano tromjesečno izvješćivanje s podacima iz njihovog ERP-a.	Automatsko tromesečno izveštavanje sa podacima iz njihovog ERP-a.	
content	data/reference.json	reference:primeri.0.ki_je_uporabna_za	primeri.0.ki_je_uporabna_za	Stranke z 1-2 lokacijama, srednje velike, ki imajo interno HSE/admin osebo.	Klijenti s 1-2 lokacije, srednje veličine, koji imaju internu HSE/admin osobu.	Klijenti sa 1-2 lokacije, srednje veličine, koji imaju internu HSE/administratorsku osobu.	
content	data/reference.json	reference:primeri.0.panoga	primeri.0.panoga	FMCG / proizvodnja	FMCG / proizvodnja	FMCG / proizvodnja	
content	data/reference.json	reference:primeri.0.rezultat.0	primeri.0.rezultat.0	Notranja oseba sprostila 80 % časa za druge naloge.	Interna osoba je oslobodila 80% vremena za druge zadatke.	Interno lice je oslobodilo 80% vremena za druge poslove.	
content	data/reference.json	reference:primeri.0.rezultat.1	primeri.0.rezultat.1	Marčevski rok ni več stresen — poročilo se pripravi v 2 dneh.	Ožujski rok više nije stresan — izvještaj se priprema u 2 dana.	Martovski rok više nije stresan — izveštaj se priprema za 2 dana.	
content	data/reference.json	reference:primeri.0.rezultat.2	primeri.0.rezultat.2	15 % nižji skupni letni stroški (z upoštevanjem stroška interne ekipe).	15% niži ukupni godišnji troškovi (uključujući trošak internog tima).	15% manji ukupni godišnji troškovi (uključujući i troškove internog tima).	
content	data/reference.json	reference:primeri.0.trajanje	primeri.0.trajanje	Implementacija 3 mesece, polni učinek po 6 mesecih.	Primjena 3 mjeseca, puni učinak nakon 6 mjeseci.	Primena 3 meseca, pun efekat posle 6 meseci.	
content	data/reference.json	reference:primeri.0.velikost	primeri.0.velikost	Srednje (200 zaposlenih, 8 SKU-jev)	Srednji (200 zaposlenika, 8 SKU-ova)	Srednje (200 zaposlenih, 8 SKU)	
content	data/reference.json	reference:primeri.1.id	primeri.1.id	ecommerce-regionalno			
content	data/reference.json	reference:primeri.1.izziv	primeri.1.izziv	Mednarodna prodaja, različne EPR zahteve v vsaki državi, nihče v podjetju ni razumel polnega obsega obveznosti. Kupci iz Nemčije so zahtevali ESG izjavo.	Međunarodna prodaja, različiti EPR zahtjevi u svakoj zemlji, nitko u tvrtki nije razumio puni opseg obveza. Kupci iz Njemačke zatražili su ESG izjavu.	Međunarodna prodaja, različiti EPR zahtevi u svakoj zemlji, niko u kompaniji nije razumeo pun obim obaveza. Kupci iz Nemačke su zatražili ESG izjavu.	
content	data/reference.json	reference:primeri.1.kaj_smo_naredili.0	primeri.1.kaj_smo_naredili.0	Pregled obveznosti v vseh treh državah.	Pregled obveza u sve tri države.	Pregled obaveza u sve tri zemlje.	
content	data/reference.json	reference:primeri.1.kaj_smo_naredili.1	primeri.1.kaj_smo_naredili.1	Vključitev v lokalne sheme prek Interzero mreže.	Integracija u lokalne sheme putem Interzero mreže.	Integracija u lokalne šeme preko Interzero mreže.	
content	data/reference.json	reference:primeri.1.kaj_smo_naredili.2	primeri.1.kaj_smo_naredili.2	Centraliziran sistem poročanja, en kontakt za vse tri države.	Centralizirani sustav izvješćivanja, jedan kontakt za sve tri zemlje.	Centralizovani sistem izveštavanja, jedan kontakt za sve tri zemlje.	
content	data/reference.json	reference:primeri.1.kaj_smo_naredili.3	primeri.1.kaj_smo_naredili.3	Priprava ESG izjave za nemške B2B kupce.	Priprema ESG izjave za njemačke B2B kupce.	Priprema ESG izjave za nemačke B2B kupce.	
content	data/reference.json	reference:primeri.1.ki_je_uporabna_za	primeri.1.ki_je_uporabna_za	Stranke, ki prodajajo v več državah ali so pod pritiskom velikih B2B kupcev.	Kupci koji prodaju u više zemalja ili su pod pritiskom velikih B2B kupaca.	Kupci koji prodaju u više zemalja ili su pod pritiskom velikih B2B kupaca.	
content	data/reference.json	reference:primeri.1.panoga	primeri.1.panoga	E-commerce			
content	data/reference.json	reference:primeri.1.rezultat.0	primeri.1.rezultat.0	Vse tri trge skladne z 6 meseci.	Sva tri tržišta usklađena sa 6 mjeseci.	Sva tri tržišta usklađena sa 6 meseci.	
content	data/reference.json	reference:primeri.1.rezultat.1	primeri.1.rezultat.1	Pridobili pogodbo z nemškim kupcem, ki je zahteval ESG dokazila.	Dobio ugovor s njemačkim kupcem koji je zahtijevao ESG dokaz.	Dobio je ugovor sa nemačkim kupcem koji je zahtevao ESG dokaz.	
content	data/reference.json	reference:primeri.1.rezultat.2	primeri.1.rezultat.2	Brez koncentracije znanja v eni interni osebi.	Nema koncentracije znanja u jednoj unutarnjoj osobi.	Nema koncentracije znanja u jednoj unutrašnjoj ličnosti.	
content	data/reference.json	reference:primeri.1.trajanje	primeri.1.trajanje	4 meseci do polne implementacije.	4 mjeseca do potpune implementacije.	4 meseca do pune implementacije.	
content	data/reference.json	reference:primeri.1.velikost	primeri.1.velikost	Hitra rast — 50 zaposlenih, 3 trgi (SI, HR, RS)	Brz rast — 50 zaposlenika, 3 tržišta (SI, HR, RS)	Brz rast — 50 zaposlenih, 3 tržišta (SI, HR, RS)	
content	data/reference.json	reference:primeri.2.id	primeri.2.id	industrija-velika			
content	data/reference.json	reference:primeri.2.izziv	primeri.2.izziv	Več kot 12 različnih tokov odpadkov, 5 različnih izvajalcev za odvoze, HSE oddelek poročal, da porabi 40 % časa za 'dokumentiranje preteklosti' namesto za izboljšave.	Preko 12 različitih tokova otpada, 5 različitih izvođača prijevoza, HSE odjel je izvijestio da je potrošio 40% vremena na 'dokumentiranje prošlosti' umjesto na poboljšanje.	Preko 12 različitih tokova otpada, 5 različitih prevoznika, HSE odeljenje je prijavilo da 40% vremena troši na 'dokumentovanje prošlosti' umesto na poboljšanje.	
content	data/reference.json	reference:primeri.2.kaj_smo_naredili.0	primeri.2.kaj_smo_naredili.0	Pregled vseh tokov odpadkov, kategorizacija.	Pregled svih tokova otpada, kategorizacija.	Pregled svih tokova otpada, kategorizacija.	
content	data/reference.json	reference:primeri.2.kaj_smo_naredili.1	primeri.2.kaj_smo_naredili.1	Optimizacija — del odpadkov reklasificiran v sekundarne surovine (Interzero ih je odkupil).	Optimizacija — dio otpada reklasificiran u sekundarne sirovine (kupio ga je Interzero).	Optimizacija — deo otpada reklasifikovan u sekundarne sirovine (kupio ga je Interzero).	
content	data/reference.json	reference:primeri.2.kaj_smo_naredili.2	primeri.2.kaj_smo_naredili.2	Ena pogodba, en kontakt, mesečna konsolidirana fakturacija.	Jedan ugovor, jedan kontakt, mjesečna objedinjena naplata.	Jedan ugovor, jedan kontakt, mesečni konsolidovani obračun.	
content	data/reference.json	reference:primeri.2.kaj_smo_naredili.3	primeri.2.kaj_smo_naredili.3	Kvartalna analiza priložnosti za prihranek.	Tromjesečna analiza mogućnosti štednje.	Kvartalna analiza mogućnosti štednje.	
content	data/reference.json	reference:primeri.2.ki_je_uporabna_za	primeri.2.ki_je_uporabna_za	Velika podjetja z mešanimi tokovi in več lokacijami.	Velike tvrtke s mješovitim tokovima i više lokacija.	Velika preduzeća sa mešovitim tokovima i više lokacija.	
content	data/reference.json	reference:primeri.2.rezultat.0	primeri.2.rezultat.0	Iz 5 izvajalcev na 1 + lokalni partnerji pod našim okriljem.	Od 5 izvođača do 1 + lokalnih partnera pod našim okriljem.	Od 5 izvođača do 1 + lokalnih partnera pod našim kišobranom.	
content	data/reference.json	reference:primeri.2.rezultat.1	primeri.2.rezultat.1	Letni prihranek 90.000 EUR (sekundarne surovine + manjši stroški administracije).	Godišnja ušteda od 90.000 EUR (sekundarne sirovine + manji administrativni troškovi).	Godišnja ušteda od 90.000 evra (sekundarne sirovine + niži administrativni troškovi).	
content	data/reference.json	reference:primeri.2.rezultat.2	primeri.2.rezultat.2	HSE oddelek sprostil 30 % časa za projekte izboljšav.	HSE odjel oslobodio je 30% vremena za projekte poboljšanja.	Odeljenje HSE je oslobodilo 30% vremena za projekte unapređenja.	
content	data/reference.json	reference:primeri.2.trajanje	primeri.2.trajanje	6 mesecev priprave + 3 mesece prehoda.	6 mjeseci priprema + 3 mjeseca prijelaza.	6 meseci pripreme + 3 meseca prelaza.	
content	data/reference.json	reference:primeri.2.velikost	primeri.2.velikost	500+ zaposlenih, 3 lokacije v SI	500+ zaposlenika, 3 lokacije u SI	500+ zaposlenih, 3 lokacije u SI	
content	data/reference.json	reference:primeri.3.id	primeri.3.id	farmacija-skladnost			
content	data/reference.json	reference:primeri.3.izziv	primeri.3.izziv	Po inšpekciji ugotovili pomanjkljivosti pri ravnanju z odpadno embalažo zdravil. Manjkala dokumentacija, tveganje kazni.	Nakon nadzora utvrđeni su nedostaci u postupanju s otpadnom ambalažom od lijekova. Nedostatak dokumentacije, opasnost od kazne.	Nakon izvršenog pregleda, utvrđeni su nedostaci u postupanju sa otpadnom ambalažom lekova. Nedostatak dokumentacije, rizik od kazne.	
content	data/reference.json	reference:primeri.3.kaj_smo_naredili.0	primeri.3.kaj_smo_naredili.0	Audit dokumentacije, identifikacija vrzeli.	Revizija dokumentacije, utvrđivanje nedostataka.	Revizija dokumentacije, identifikacija nedostataka.	
content	data/reference.json	reference:primeri.3.kaj_smo_naredili.1	primeri.3.kaj_smo_naredili.1	Vključitev v specializirano shemo za farmacevtsko embalažo.	Uključivanje u specijaliziranu shemu za pakiranje lijekova.	Uključivanje u specijalizovanu šemu za farmaceutsko pakovanje.	
content	data/reference.json	reference:primeri.3.kaj_smo_naredili.2	primeri.3.kaj_smo_naredili.2	Postavitev internih procesov za sledljivost.	Postavljanje internih procesa za sljedivost.	Postavljanje internih procesa za sledljivost.	
content	data/reference.json	reference:primeri.3.kaj_smo_naredili.3	primeri.3.kaj_smo_naredili.3	Priprava na ponovno inšpekcijo.	Priprema za ponovni pregled.	Priprema za ponovni pregled.	
content	data/reference.json	reference:primeri.3.ki_je_uporabna_za	primeri.3.ki_je_uporabna_za	Stranke v reguliranih panogah, ki so po inšpekciji ali pred njo.	Kupci u reguliranim djelatnostima koji su nakon ili prije inspekcije.	Kupci u regulisanim delatnostima koji su posle ili pre inspekcije.	
content	data/reference.json	reference:primeri.3.rezultat.0	primeri.3.rezultat.0	Vse vrzeli odpravljene v 4 mesecih.	Sve praznine otklonjene unutar 4 mjeseca.	Sve praznine eliminisane u roku od 4 meseca.	
content	data/reference.json	reference:primeri.3.rezultat.1	primeri.3.rezultat.1	Ponovna inšpekcija brez ugotovitev.	Ponovni pregled bez nalaza.	Ponovni pregled bez nalaza.	
content	data/reference.json	reference:primeri.3.rezultat.2	primeri.3.rezultat.2	Vzpostavljen sistem, ki obstoji tudi pri menjavi kadra.	Uspostavljen sustav koji postoji i kod kadrovskih promjena.	Uspostavljen sistem koji postoji i pri promeni kadrova.	
content	data/reference.json	reference:primeri.3.trajanje	primeri.3.trajanje	4 mesece intenzivnega dela, nato redno vzdrževanje.	4 mjeseca intenzivnog rada, zatim redovito održavanje.	4 meseca intenzivnog rada, zatim redovno održavanje.	
content	data/reference.json	reference:primeri.3.velikost	primeri.3.velikost	Distributer, 80 zaposlenih	Distributer, 80 zaposlenih	Distributer, 80 zaposlenih	
content	data/reference.json	reference:primeri.4.id	primeri.4.id	trgovina-veriga			
content	data/reference.json	reference:primeri.4.izziv	primeri.4.izziv	Vsaka trgovina je imela svojega lokalnega zbiralca odpadkov. Ni bilo centralnega pregleda. Stroški so se vlekli, brez podatkov, ki bi pojasnili razlike.	Svaka trgovina imala je svog lokalnog sakupljača otpada. Nije bilo središnje smotre. Troškovi su se razvlačili, bez podataka koji bi objasnili razlike.	Svaka prodavnica je imala svoj lokalni sakupljač otpada. Nije bilo centralnog pregleda. Troškovi su se vukli, bez podataka koji bi objasnili razlike.	
content	data/reference.json	reference:primeri.4.kaj_smo_naredili.0	primeri.4.kaj_smo_naredili.0	Pregled vseh 30 lokacij, mapiranje izvajalcev in cen.	Pregled svih 30 lokacija, mapiranje izvođača i cijena.	Pregled svih 30 lokacija, mapiranje izvođača i cena.	
content	data/reference.json	reference:primeri.4.kaj_smo_naredili.1	primeri.4.kaj_smo_naredili.1	Konsolidacija — kjer je smiselno, en izvajalec za regionalne grupe trgovin.	Konsolidacija — prema potrebi, jedan izvođač za regionalne grupe trgovina.	Konsolidacija — po potrebi, jedan izvođač za regionalne grupe prodavnica.	
content	data/reference.json	reference:primeri.4.kaj_smo_naredili.2	primeri.4.kaj_smo_naredili.2	Centralni pregled stroškov v real-time dashboardu.	Centralni pregled troškova u nadzornoj ploči u stvarnom vremenu.	Centralni pregled troškova u kontrolnoj tabli u realnom vremenu.	
content	data/reference.json	reference:primeri.4.kaj_smo_naredili.3	primeri.4.kaj_smo_naredili.3	Lokalni zbiralci so ostali pri pogodbi prek Interzero (kjer so dobri).	Lokalni sakupljači su ostali pri ugovoru preko Interzera (gdje su dobri).	Domaći kolekcionari su ostali pri ugovoru preko Interzero-a (gde su dobri).	
content	data/reference.json	reference:primeri.4.ki_je_uporabna_za	primeri.4.ki_je_uporabna_za	Verige z več lokacijami in lokalnim zbiranjem odpadkov.	Lanci s više lokacija i lokalnim odvozom otpada.	Lanci sa više lokacija i lokalnim sakupljanjem otpada.	
content	data/reference.json	reference:primeri.4.panoga	primeri.4.panoga	Trgovina / veriga	Trgovina / lanac	Prodavnica / lanac	
content	data/reference.json	reference:primeri.4.rezultat.0	primeri.4.rezultat.0	11 % nižji povprečni strošek na trgovino.	11% niža prosječna cijena po trgovini.	11% niža prosečna cena po prodavnici.	
content	data/reference.json	reference:primeri.4.rezultat.1	primeri.4.rezultat.1	Centralna nabava ima podatke za pogajanja s pogodbenimi partnerji.	Centralna nabava ima podatke za pregovore s ugovornim partnerima.	Centralna nabavka ima podatke za pregovore sa ugovornim partnerima.	
content	data/reference.json	reference:primeri.4.rezultat.2	primeri.4.rezultat.2	Manjše trgovine niso več 'izgubljene' v pavšalnih pogodbah.	Manje trgovine više nisu 'izgubljene' u paušalnim ugovorima.	Manje prodavnice više nisu „izgubljene“ u ugovorima o paušalnoj tarifi.	
content	data/reference.json	reference:primeri.4.trajanje	primeri.4.trajanje	Faznega zagona 9 mesecev.	Postupno pokretanje 9 mjeseci.	Postepeno puštanje u rad 9 meseci.	
content	data/reference.json	reference:primeri.4.velikost	primeri.4.velikost	30 trgovin, 200+ zaposlenih	30 trgovina, 200+ zaposlenih	30 prodavnica, 200+ zaposlenih	
content	data/reference.json	reference:primeri.5.id	primeri.5.id	elektronika-baterije			
content	data/reference.json	reference:primeri.5.izziv	primeri.5.izziv	Uvozili izdelke z baterijami, nezavedajoč se EPR obveznosti. Po prijavi konkurenta dobili klic ARSO.	Uvezeni proizvodi s baterijama, nesvjesni EPR obveza. Nakon prijave natjecatelja dobili su poziv iz ARSO-a.	Uvezeni proizvodi sa baterijama, nesvesni EPR obaveza. Nakon prijave takmičara, dobili su poziv iz ARSO.	
content	data/reference.json	reference:primeri.5.kaj_smo_naredili.0	primeri.5.kaj_smo_naredili.0	Hitra registracija v sistem proizvajalcev baterij in EE-opreme.	Brza registracija u sustavu proizvođača baterija i EE-opreme.	Brza registracija u sistemu proizvođača baterija i EE-opreme.	
content	data/reference.json	reference:primeri.5.kaj_smo_naredili.1	primeri.5.kaj_smo_naredili.1	Retroaktivno poročanje za zadnja 3 leta.	Retroaktivno izvješćivanje za zadnje 3 godine.	Retroaktivno izveštavanje za poslednje 3 godine.	
content	data/reference.json	reference:primeri.5.kaj_smo_naredili.2	primeri.5.kaj_smo_naredili.2	Vključitev v skupno shemo za naprej.	Uključivanje u zajedničku shemu u budućnosti.	Uključivanje u zajedničku šemu napred.	
content	data/reference.json	reference:primeri.5.kaj_smo_naredili.3	primeri.5.kaj_smo_naredili.3	Pravna podpora pri komunikaciji z ARSO.	Pravna podrška u komunikaciji s ARSO.	Pravna podrška u komunikaciji sa ARSO.	
content	data/reference.json	reference:primeri.5.ki_je_uporabna_za	primeri.5.ki_je_uporabna_za	Manjši uvozniki, ki niso vedeli za obveznosti — tipično prvi sestanek z ARSO klicem v rokavu.	Manji uvoznici koji nisu bili svjesni obveza - obično prvi sastanak s ARSO-om zovu iz rukava.	Manji uvoznici koji nisu bili svesni obaveza — obično prvi sastanak sa ARSO-om, padaju u rukav.	
content	data/reference.json	reference:primeri.5.panoga	primeri.5.panoga	Elektronika / uvoz	Elektronika / uvoz	Elektronika / uvoz	
content	data/reference.json	reference:primeri.5.rezultat.0	primeri.5.rezultat.0	Kazen omiljena zaradi 'aktivnega sodelovanja' — namesto najvišje kategorije najnižja.	Kazna smanjena zbog 'aktivnog sudjelovanja' — umjesto najviše kategorije, najniža.	Kazna smanjena zbog 'aktivnog učešća' — umesto najviše kategorije, najniže.	
content	data/reference.json	reference:primeri.5.rezultat.1	primeri.5.rezultat.1	Vse retroaktivno urejeno v 6 tednih.	Sve retroaktivno sređeno za 6 tjedana.	Sve retroaktivno uređeno za 6 nedelja.	
content	data/reference.json	reference:primeri.5.rezultat.2	primeri.5.rezultat.2	Stranka zdaj ima sistem, ki preprečuje, da se zgodi ponovno.	Korisnik sada ima uspostavljen sustav za sprječavanje da se to ponovi.	Kupac sada ima uspostavljen sistem da spreči da se to ponovi.	
content	data/reference.json	reference:primeri.5.trajanje	primeri.5.trajanje	6 tednov urgentne faze, redno vzdrževanje naprej.	6 tjedana hitne faze, redovito održavanje nadalje.	6 nedelja hitne faze, redovno održavanje pa nadalje.	
content	data/reference.json	reference:primeri.5.velikost	primeri.5.velikost	Manjši uvoznik, 25 zaposlenih	Mali uvoznik, 25 zaposlenih	Mali uvoznik, 25 zaposlenih	
content	data/reference.json	reference:primeri.6.id	primeri.6.id	kozmetika-ppwr			
content	data/reference.json	reference:primeri.6.izziv	primeri.6.izziv	Veliko kompozitne embalaže (tube, multi-layer), zahteva velikih trgovskih verig po Made for Recycling oz. recyclability.	Puno kompozitne ambalaže (tube, višeslojne), zahtjevi velikih trgovačkih lanaca za Made for Recycling ili reciklažnošću.	Mnogo kompozitne ambalaže (tube, višeslojne), zahtevi velikih maloprodajnih lanaca za Made for Recicling ili reciklažom.	
content	data/reference.json	reference:primeri.6.kaj_smo_naredili.0	primeri.6.kaj_smo_naredili.0	Analiza vseh SKU embalaž z vidika recyclability.	Analiza svih SKU ambalaža sa stajališta mogućnosti recikliranja.	Analiza svih SKU pakovanja sa stanovišta reciklabilnosti.	
content	data/reference.json	reference:primeri.6.kaj_smo_naredili.1	primeri.6.kaj_smo_naredili.1	Priporočila za menjavo materialov pri najbolj problematičnih izdelkih.	Preporuke zamjene materijala za najproblematičnije proizvode.	Preporuke za zamenu materijala za najproblematičnije proizvode.	
content	data/reference.json	reference:primeri.6.kaj_smo_naredili.2	primeri.6.kaj_smo_naredili.2	Made for Recycling certifikat za 70 % asortimana.	Certifikat Made for Recycling za 70% asortimana.	Sertifikat napravljen za reciklažu za 70% asortimana.	
content	data/reference.json	reference:primeri.6.kaj_smo_naredili.3	primeri.6.kaj_smo_naredili.3	Strategija prilagoditve na PPWR za naslednja 3 leta.	Strategija prilagodbe na PPWR za sljedeće 3 godine.	Strategija adaptacije na PPVR za naredne 3 godine.	
content	data/reference.json	reference:primeri.6.ki_je_uporabna_za	primeri.6.ki_je_uporabna_za	Stranke z embalažo, ki je pod pritiskom velikih kupcev ali EU regulative.	Kupci s ambalažom koja je pod pritiskom velikih kupaca ili EU propisa.	Kupci sa ambalažom koja je pod pritiskom velikih kupaca ili propisa EU.	
content	data/reference.json	reference:primeri.6.panoga	primeri.6.panoga	Kozmetika / lepota	Kozmetika / ljepota	Kozmetika / lepota	
content	data/reference.json	reference:primeri.6.rezultat.0	primeri.6.rezultat.0	Pridobili pogodbo z verigo, ki je zahtevala MfR.	Dobili smo ugovor s lancem koji je zahtijevao MfR.	Dobili smo ugovor sa lancem koji je zahtevao MfR.	
content	data/reference.json	reference:primeri.6.rezultat.1	primeri.6.rezultat.1	30 % manj kompozitne embalaže — manjši EPR strošek.	30% manje kompozitnog pakiranja — niži trošak EPR-a.	30% manje kompozitnog pakovanja — niži trošak EPR.	
content	data/reference.json	reference:primeri.6.rezultat.2	primeri.6.rezultat.2	Stranka ima pripravljen načrt za PPWR uveljavitev.	Klijent ima plan za implementaciju PPWR.	Klijent ima pripremljen plan za implementaciju PPVR-a.	
content	data/reference.json	reference:primeri.6.trajanje	primeri.6.trajanje	12 mesecev (analiza + spremembe embalaže potrebujejo čas).	12 mjeseci (analiza + promjene pakiranja zahtijevaju vrijeme).	12 meseci (analiza + promena pakovanja zahteva vreme).	
content	data/reference.json	reference:primeri.6.velikost	primeri.6.velikost	Srednje podjetje, ena blagovna znamka, izvoz v 8 držav	Srednje poduzeće, jedan brend, izvoz u 8 zemalja	Srednje preduzeće, jedan brend, izvoz u 8 zemalja	
content	data/reference.json	reference:primeri.7.id	primeri.7.id	mala-pavsal			
content	data/reference.json	reference:primeri.7.izziv	primeri.7.izziv	Lastnik je sam vodil EPR poročanje, izgubljal ure na vsako trimesečje, ni bil prepričan, ali dela pravilno.	Vlasnik je sam vodio EPR izvješćivanje, gubeći sate svako tromjesečje, ne siguran radi li to kako treba.	Vlasnik je sam vodio EPR izveštaje, gubio sate svakog kvartala, ne siguran da li to radi kako treba.	
content	data/reference.json	reference:primeri.7.kaj_smo_naredili.0	primeri.7.kaj_smo_naredili.0	Vključitev v osnovni paket EPR.	Uključivanje u osnovni EPR paket.	Uključivanje u osnovni EPR paket.	
content	data/reference.json	reference:primeri.7.kaj_smo_naredili.1	primeri.7.kaj_smo_naredili.1	30-minutni začetni intervju za pridobitev podatkov.	30-minutni početni intervju za dobivanje podataka.	30-minutni početni intervju za dobijanje podataka.	
content	data/reference.json	reference:primeri.7.kaj_smo_naredili.2	primeri.7.kaj_smo_naredili.2	Avtomatizirano kvartalno poročanje na podlagi enostavnega Excel obrazca.	Automatizirano tromjesečno izvješćivanje temeljeno na jednostavnom Excel obrascu.	Automatsko tromesečno izveštavanje zasnovano na jednostavnom Ekcel obrascu.	
content	data/reference.json	reference:primeri.7.ki_je_uporabna_za	primeri.7.ki_je_uporabna_za	Mala podjetja, ki mislijo, da so 'premajhna' za naše storitve.	Male tvrtke koje misle da su 'premale' za naše usluge.	Mala preduzeća koja misle da su „premala“ za naše usluge.	
content	data/reference.json	reference:primeri.7.panoga	primeri.7.panoga	Manjši proizvajalec	Manji proizvođač	Manji proizvođač	
content	data/reference.json	reference:primeri.7.rezultat.0	primeri.7.rezultat.0	Lastnik sprostil 40 ur letno (kar je 1 delovni teden).	Vlasnik je oslobodio 40 sati godišnje (što je 1 radni tjedan).	Vlasnik je pustio 40 sati godišnje (što je 1 radna nedelja).	
content	data/reference.json	reference:primeri.7.rezultat.1	primeri.7.rezultat.1	Pavšalni letni strošek storitve je nižji od vrednosti lastnikovega časa.	Paušalni godišnji trošak usluge manji je od vrijednosti vremena vlasnika.	Paušalni godišnji trošak usluge je niži od vrednosti vremena vlasnika.	
content	data/reference.json	reference:primeri.7.rezultat.2	primeri.7.rezultat.2	Brez skrbi pri inšpekciji.	Bez brige na pregledu.	Bez brige na inspekciji.	
content	data/reference.json	reference:primeri.7.trajanje	primeri.7.trajanje	Implementacija 2 tedna.	Implementacija 2 tjedna.	Implementacija 2 nedelje.	
content	data/reference.json	reference:primeri.7.velikost	primeri.7.velikost	12 zaposlenih, do 20 ton embalaže letno	12 zaposlenih, do 20 tona ambalaže godišnje	12 zaposlenih, do 20 tona ambalaže godišnje	
content	data/roleplay.json	roleplay:_kako_uporabiti	_kako_uporabiti	Nov komercialist naj vaji vsak teden 2-3 scenarije. Senior naj se občasno preizkuša s 'težkimi' scenariji za vzdrževanje forme. Vodja lahko opazuje in komentira.	Nova reklama trebala bi vježbati 2-3 scenarija svaki tjedan. Stariji bi se povremeno trebali izazivati ​​'teškim' scenarijima kako bi ostali u formi. Voditelj može promatrati i komentirati.	Nova reklama treba da vežba 2-3 scenarija svake nedelje. Seniori bi povremeno trebalo da se izazovu 'teškim' scenarijima kako bi održali formu. Menadžer može da posmatra i komentariše.	
content	data/roleplay.json	roleplay:_opis	_opis	Scenariji za vajo s simuliranim sogovornikom. Sistem ti ponudi situacijo, ti odgovoriš (tipkaš ali poveš ustno), nato dobiš oceno z gledišča Vodiča: ali si uporabil AVO formulo, ali si pridobil naslednji korak z datumom, ali si izpostavil tri stvari ne deset.	Scenariji za vježbu sa simuliranim sugovornikom. Sustav vam ponudi situaciju, vi odgovorite (utipkate ili izgovorite usmeno), zatim dobijete bodovanje iz perspektive Vodiča: jeste li koristili AVO formulu, jeste li dobili sljedeći korak s datumom, jeste li istaknuli tri stvari umjesto deset.	Scenariji za vežbu sa simuliranim sagovornikom. Sistem vam ponudi situaciju, odgovorite (otkucate ili izgovorite usmeno), zatim dobijete ocenu iz ugla Vodiča: da li ste koristili AVO formulu, da li ste dobili sledeći korak sa datumom, da li ste umesto deset istakli tri stvari.	
content	data/roleplay.json	roleplay:kriteriji_ocene.1	kriteriji_ocene.1	Vrni se k Vodiču po ponovitev formule pred naslednjim sestankom.	Vratite se na Vodič kako biste ponovili formulu prije sljedećeg sastanka.	Vratite se na Vodič da ponovite formulu pre sledećeg sastanka.	
content	data/roleplay.json	roleplay:kriteriji_ocene.2	kriteriji_ocene.2	Še potrebno delo — uporabil si nekatere napačne refleksne odzive (ekzplicit popust, prazne obljube, dolg monolog).	Potreban je još rad — upotrijebili ste neke pogrešne refleksne odgovore (eksplicitan popust, prazna obećanja, dugi monolog).	I dalje je potreban rad — koristili ste neke pogrešne refleksne odgovore (eksplicitni popust, prazna obećanja, dugi monolog).	
content	data/roleplay.json	roleplay:kriteriji_ocene.3	kriteriji_ocene.3	Solidno — pravilna smer, vendar nekaj pomembnih elementov manjka.	Čvrsto — pravi smjer, ali nedostaju neki važni elementi.	Čvrsto — u pravom smeru, ali nedostaju neki važni elementi.	
content	data/roleplay.json	roleplay:kriteriji_ocene.4	kriteriji_ocene.4	Dobro — večinoma pravilen pristop, manjkala je ena ključna stvar.	Dobro — uglavnom ispravan pristup, jedna ključna stvar je nedostajala.	Dobro — uglavnom pravi pristup, jedna ključna stvar je nedostajala.	
content	data/roleplay.json	roleplay:kriteriji_ocene.5	kriteriji_ocene.5	Odličen — uporabil si vse ključne pristope (AVO, postavljanje vprašanj, ne pajdanje, jasen naslednji korak).	Izvrsno — upotrijebili ste sve ključne pristupe (AVO, postavljanje pitanja, bez spojeva, jasan sljedeći korak).	Odlično — koristili ste sve ključne pristupe (AVO, postavljanje pitanja, ne zabavljanje, jasan sledeći korak).	
content	data/roleplay.json	roleplay:scenariji.0.id	scenariji.0.id	sc-01			
content	data/roleplay.json	roleplay:scenariji.0.kaj_iskati.0.kriterij	scenariji.0.kaj_iskati.0.kriterij	Predstaviš sebe in podjetje v 2 stavkih, ne v 5	Sebe i tvrtku predstavljate u 2 rečenice, a ne u 5	Predstavite sebe i društvo u 2 rečenice, a ne u 5	
content	data/roleplay.json	roleplay:scenariji.0.kaj_iskati.0.tezi	scenariji.0.kaj_iskati.0.tezi	kratko			
content	data/roleplay.json	roleplay:scenariji.0.kaj_iskati.1.kriterij	scenariji.0.kaj_iskati.1.kriterij	Ne začneš s katalogom storitev — začneš z vprašanjem o njihovi situaciji	Ne počinjete s katalogom usluga — počinjete s pitanjem o njihovoj situaciji	Ne počinjete sa katalogom usluga – počinjete sa pitanjem o njihovoj situaciji	
content	data/roleplay.json	roleplay:scenariji.0.kaj_iskati.1.tezi	scenariji.0.kaj_iskati.1.tezi	vprašanje	pitanje	pitanje	
content	data/roleplay.json	roleplay:scenariji.0.kaj_iskati.2.kriterij	scenariji.0.kaj_iskati.2.kriterij	Predlagaš konkretno trajanje sestanka (15 ali 20 minut)	Vi predlažete određeno trajanje sastanka (15 ili 20 minuta)	Predlažete određeno trajanje sastanka (15 ili 20 minuta)	
content	data/roleplay.json	roleplay:scenariji.0.kaj_iskati.2.tezi	scenariji.0.kaj_iskati.2.tezi	minut			
content	data/roleplay.json	roleplay:scenariji.0.kaj_iskati.3.kriterij	scenariji.0.kaj_iskati.3.kriterij	Ponudiš jasen razlog, zakaj naj sploh govorita — koristen za njih, ne za tebe	Nudite jasan razlog zašto bi uopće trebali razgovarati - njima u korist, a ne vama	Nudite jasan razlog zašto bi uopšte trebalo da razgovaraju - korisno za njih, a ne za vas	
content	data/roleplay.json	roleplay:scenariji.0.kaj_iskati.3.tezi	scenariji.0.kaj_iskati.3.tezi	koristn			
content	data/roleplay.json	roleplay:scenariji.0.namig	scenariji.0.namig	Cilj klica ni prodati storitev. Cilj je dobiti 15-minutni pogovor. Stranka je v pasivnem načinu — odpiraš jo, ne zalivaš.	Cilj poziva nije prodaja usluga. Cilj je dobiti razgovor od 15 minuta. Klijent je u pasivnom modu — otvoriš ga, ne zalijevaš.	Cilj poziva nije prodaja usluga. Cilj je da dobijete 15-minutni razgovor. Klijent je u pasivnom režimu — otvorite ga, ne zalivate.	
content	data/roleplay.json	roleplay:scenariji.0.segment	scenariji.0.segment	compliance			
content	data/roleplay.json	roleplay:scenariji.0.situacija	scenariji.0.situacija	Prvi telefonski klic. Slovenski srednji proizvajalec embalaže za kozmetiko. Kontakt: gospa Marija, operativna vodja.	Prvi telefonski poziv. Slovenski srednji proizvođač ambalaže za kozmetiku. Kontakt: Gđa Marija, voditeljica operative.	Prvi telefonski poziv. Slovenački srednji proizvođač ambalaže za kozmetiku. Kontakt: gđa Marija, operativni rukovodilac.	
content	data/roleplay.json	roleplay:scenariji.0.stranka_pravi	scenariji.0.stranka_pravi	Dober dan. Slišala sem, da ste klicali. Imamo precej dela, kaj točno ponujate?	Dobar dan. Čuo sam da si nazvao. Imamo puno posla, što točno nudite?	Dobar dan. Čuo sam da si zvao. Imamo puno posla, šta tačno nudite?	
content	data/roleplay.json	roleplay:scenariji.0.tezavnost	scenariji.0.tezavnost	lahko			
content	data/roleplay.json	roleplay:scenariji.1.id	scenariji.1.id	sc-02			
content	data/roleplay.json	roleplay:scenariji.1.kaj_iskati.0.kriterij	scenariji.1.kaj_iskati.0.kriterij	NE padeš v popust, NE braniš se	NE padate u popust, NE branite se	NE padate u popust, NE branite se	
content	data/roleplay.json	roleplay:scenariji.1.kaj_iskati.0.tezi	scenariji.1.kaj_iskati.0.tezi	primerj			
content	data/roleplay.json	roleplay:scenariji.1.kaj_iskati.1.kriterij	scenariji.1.kaj_iskati.1.kriterij	Vprašaš: 'V primerjavi s čim točno?' — primerjava jabolk in hrušek	Pitate: 'U usporedbi s čime točno?' — uspoređivanje jabuka i krušaka	Pitate: 'U poređenju sa čime tačno?' — upoređujući jabuke i kruške	
content	data/roleplay.json	roleplay:scenariji.1.kaj_iskati.2.kriterij	scenariji.1.kaj_iskati.2.kriterij	Predlagaš transparentno primerjavo (TCO, ne samo cena)	Predlažete transparentnu usporedbu (TCO, ne samo cijena)	Predlažete transparentno poređenje (TCO, ne samo cena)	
content	data/roleplay.json	roleplay:scenariji.1.kaj_iskati.2.tezi	scenariji.1.kaj_iskati.2.tezi	celot			
content	data/roleplay.json	roleplay:scenariji.1.kaj_iskati.3.kriterij	scenariji.1.kaj_iskati.3.kriterij	Postaviš vprašanje, kaj je za CFO pomembnejše: nižja začetna cena ali nižje skupno stanje stroškov v 3 letih	Postavljate pitanje što je CFO-u važnije: niža početna cijena ili niža ukupna bilanca troškova u 3 godine	Postavljate pitanje šta je za finansijskog direktora važnije: niža početna cena ili manji ukupni bilans troškova za 3 godine	
content	data/roleplay.json	roleplay:scenariji.1.kaj_iskati.3.tezi	scenariji.1.kaj_iskati.3.tezi	tri let	tri godine	tri godine	
content	data/roleplay.json	roleplay:scenariji.1.namig	scenariji.1.namig	Ne dovoli, da pogovor postane bitka cen. Spremeni okvir iz 'cena' v 'skupni strošek lastništva' ali 'tveganje'.	Ne dopustite da se razgovor pretvori u bitku za cijene. Promijenite okvir iz 'cijene' u 'ukupni trošak vlasništva' ili 'rizik'.	Ne dozvolite da se razgovor pretvori u bitku za cene. Promenite okvir iz 'cena' u 'ukupni trošak vlasništva' ili 'rizik'.	
content	data/roleplay.json	roleplay:scenariji.1.segment	scenariji.1.segment	cost-optimizer			
content	data/roleplay.json	roleplay:scenariji.1.situacija	scenariji.1.situacija	Drugi sestanek, CFO velikega podjetja. Že si pokazal rešitev. CFO odpira pogovor:	Drugi sastanak, financijski direktor velike tvrtke. Već si pokazao rješenje. Financijski direktor otvara razgovor:	Drugi sastanak, finansijski direktor velike kompanije. Već ste pokazali rešenje. Finansijski direktor otvara razgovor:	
content	data/roleplay.json	roleplay:scenariji.1.stranka_pravi	scenariji.1.stranka_pravi	Smo dobili konkurenčno ponudbo, ki je 25 % cenejša od vaše. V čem je razlika? Mi smo predvsem stroškovno usmerjeni.	Dobili smo konkurentnu ponudu koja je 25% jeftinija od vaše. Koja je razlika? Prvenstveno smo orijentirani na troškove.	Dobili smo konkurentnu ponudu koja je 25% jeftinija od vaše. Koja je razlika? Mi smo prvenstveno orijentisani na troškove.	
content	data/roleplay.json	roleplay:scenariji.1.tezavnost	scenariji.1.tezavnost	srednje			
content	data/roleplay.json	roleplay:scenariji.2.id	scenariji.2.id	sc-03			
content	data/roleplay.json	roleplay:scenariji.2.kaj_iskati.0.kriterij	scenariji.2.kaj_iskati.0.kriterij	Ne obljubiš takoj 'da, brez problema'. Vprašaš za kontekst.	Ne obećavate odmah 'da, nema problema'. Tražite kontekst.	Ne obećavate odmah 'da, nema problema'. Pitate za kontekst.	
content	data/roleplay.json	roleplay:scenariji.2.kaj_iskati.0.tezi	scenariji.2.kaj_iskati.0.tezi	vprašan	pitao	upitao	
content	data/roleplay.json	roleplay:scenariji.2.kaj_iskati.1.kriterij	scenariji.2.kaj_iskati.1.kriterij	Vprašaš, kateri kupec, katera kategorija vprašanj, kakšna je kazen ob neizpolnitvi	Pitate kojeg kupca, koja kategorija pitanja, koja je kazna za neispunjenje	Pitate koji kupac, koja kategorija pitanja, kolika je kazna za neispunjenje	
content	data/roleplay.json	roleplay:scenariji.2.kaj_iskati.1.tezi	scenariji.2.kaj_iskati.1.tezi	kuper			
content	data/roleplay.json	roleplay:scenariji.2.kaj_iskati.2.kriterij	scenariji.2.kaj_iskati.2.kriterij	Vprašaš, koliko podatkov že imajo zbranih	Pitate koliko su podataka već prikupili	Pitate koliko podataka su već prikupili	
content	data/roleplay.json	roleplay:scenariji.2.kaj_iskati.2.tezi	scenariji.2.kaj_iskati.2.tezi	podatk			
content	data/roleplay.json	roleplay:scenariji.2.kaj_iskati.3.kriterij	scenariji.2.kaj_iskati.3.kriterij	Pokažeš referenco (anonimizirano) podobnega primera — daš upanje, ne praznih obljub	Prikazujete referencu (anonimiziranu) sličnog slučaja — dajete nadu, a ne prazna obećanja	Pokazujete referencu (anonimizirano) sličnog slučaja — dajete nadu, a ne prazna obećanja	
content	data/roleplay.json	roleplay:scenariji.2.namig	scenariji.2.namig	Stranka pod časovnim pritiskom potrebuje strukturo, ne navdušenja. Pokaži, da znaš to izvesti, ne samo prodati.	Klijent pod vremenskim pritiskom treba strukturu, a ne uzbuđenje. Pokažite da to možete učiniti, a ne samo prodati.	Klijentu pod vremenskim pritiskom potrebna je struktura, a ne uzbuđenje. Pokažite da to možete, a ne samo da ga prodajete.	
content	data/roleplay.json	roleplay:scenariji.2.situacija	scenariji.2.situacija	Discovery sestanek. Sustainability lead velikega e-commerce podjetja:	Sastanak otkrića. Voditelj održivosti velike tvrtke za e-trgovinu:	Sastanak otkrića. Vodič za održivost velike kompanije za e-trgovinu:	
content	data/roleplay.json	roleplay:scenariji.2.stranka_pravi	scenariji.2.stranka_pravi	Naš največji nemški kupec nam je poslal 80-vprašalni ESG vprašalnik z rokom 5 dni. Smo v paniki. Lahko vi to rešite?	Naš najveći njemački kupac poslao nam je ESG upitnik od 80 pitanja s rokom od 5 dana. U panici smo. Možete li riješiti ovo?	Naš najveći nemački kupac nam je poslao ESG upitnik od 80 pitanja sa rokom od 5 dana. U panici smo. Možete li da rešite ovo?	
content	data/roleplay.json	roleplay:scenariji.3.id	scenariji.3.id	sc-04			
content	data/roleplay.json	roleplay:scenariji.3.kaj_iskati.0.kriterij	scenariji.3.kaj_iskati.0.kriterij	Ne pošlješ generičnega cenika takoj — to bi pomenilo izgubljen posel ali napačno ceno	Generički cjenik ne šaljete odmah — to bi značilo gubitak posla ili pogrešnu cijenu	Ne šaljete odmah generički cenovnik — to bi značilo izgubljeni posao ili pogrešnu cenu	
content	data/roleplay.json	roleplay:scenariji.3.kaj_iskati.0.tezi	scenariji.3.kaj_iskati.0.tezi	ne pošlj	nemoj slati	ne šalji	
content	data/roleplay.json	roleplay:scenariji.3.kaj_iskati.1.kriterij	scenariji.3.kaj_iskati.1.kriterij	Pojasniš, zakaj generičen cenik ni primeren (njihova specifika)	Objašnjavate zašto generički cjenik nije prikladan (njihove specifičnosti)	Objašnjavate zašto generički cenovnik nije prikladan (njihove specifičnosti)	
content	data/roleplay.json	roleplay:scenariji.3.kaj_iskati.1.tezi	scenariji.3.kaj_iskati.1.tezi	specifik			
content	data/roleplay.json	roleplay:scenariji.3.kaj_iskati.2.kriterij	scenariji.3.kaj_iskati.2.kriterij	Predlagaš minimum: 15-minutni klic, da pravilno oceniš obseg	Predlažete minimalno: 15-minutni poziv za pravilnu procjenu opsega	Predlažete najmanje: 15-minutni poziv da biste pravilno procenili obim	
content	data/roleplay.json	roleplay:scenariji.3.kaj_iskati.2.tezi	scenariji.3.kaj_iskati.2.tezi	klic			
content	data/roleplay.json	roleplay:scenariji.3.kaj_iskati.3.kriterij	scenariji.3.kaj_iskati.3.kriterij	Ponudiš alternativo: če zares ne želijo klica, jim pošlješ STRUKTURO ponudbe brez cen, da vidijo, kaj bi vključeno	Nudiš alternativu: ako stvarno ne žele poziv, pošalješ im STRUKTURU ponude bez cijena da vide što bi bilo uključeno	Vi nudite alternativu: ako zaista ne žele poziv, šaljete im STRUKTURU ponude bez cena da vide šta će biti uključeno	
content	data/roleplay.json	roleplay:scenariji.3.kaj_iskati.3.tezi	scenariji.3.kaj_iskati.3.tezi	strukt			
content	data/roleplay.json	roleplay:scenariji.3.namig	scenariji.3.namig	Pošljati cenik brez razgovora je past. Pridobi minimum interakcije ali pripravljen kontekstualen dokument.	Slanje cjenika bez razgovora je zamka. Dobijte minimum interakcije ili gotov kontekstualni dokument.	Slanje cenovnika bez intervjua je zamka. Dobijte minimum interakcije ili gotov kontekstualni dokument.	
content	data/roleplay.json	roleplay:scenariji.3.situacija	scenariji.3.situacija	Pred sestankom je stranka po e-pošti zahtevala ponudbo brez sestanka. Pišejo:	Prije sastanka, klijent je e-poštom zatražio ponudu bez sastanka. Oni pišu:	Pre sastanka, klijent je e-poštom zatražio ponudu bez sastanka. pišu:	
content	data/roleplay.json	roleplay:scenariji.3.stranka_pravi	scenariji.3.stranka_pravi	Pošljite mi vaš cenik. Če nam ustreza, podpišemo. Sestanek ni potreben.	Pošaljite mi svoj cjenik. Ako nam odgovara, potpisujemo. Zakazivanje nije potrebno.	Pošaljite mi vaš cenovnik. Ako nam odgovara, potpisujemo. Nije potrebno zakazivanje.	
content	data/roleplay.json	roleplay:scenariji.3.tezavnost	scenariji.3.tezavnost	tezko			
content	data/roleplay.json	roleplay:scenariji.4.id	scenariji.4.id	sc-05			
content	data/roleplay.json	roleplay:scenariji.4.kaj_iskati.0.kriterij	scenariji.4.kaj_iskati.0.kriterij	Pomiriš stranko v prvih stavkih — ni panika, ima rešitev	Uvjeravate klijenta u prvim rečenicama — nema panike, on ima rješenje	Već u prvim rečenicama uveravate klijenta — nema panike, on ima rešenje	
content	data/roleplay.json	roleplay:scenariji.4.kaj_iskati.0.tezi	scenariji.4.kaj_iskati.0.tezi	pomiri			
content	data/roleplay.json	roleplay:scenariji.4.kaj_iskati.1.kriterij	scenariji.4.kaj_iskati.1.kriterij	Vprašaš za KONKRETNE podatke: rok ARSO, vrsta inšpekcije, kakšna kazen	Tražite KONKRETNE podatke: ARSO rok, vrstu nadzora, kakvu kaznu	Tražite KONKRETNE podatke: rok za ARSO, vrstu inspekcije, kakvu kaznu	
content	data/roleplay.json	roleplay:scenariji.4.kaj_iskati.1.tezi	scenariji.4.kaj_iskati.1.tezi	konkretn			
content	data/roleplay.json	roleplay:scenariji.4.kaj_iskati.2.kriterij	scenariji.4.kaj_iskati.2.kriterij	Zagotoviš, da boste v 24 urah na zvezi z strokovnjakom	Jamčite da ćete biti u kontaktu sa stručnjakom unutar 24 sata	Garantujete da ćete biti u kontaktu sa stručnjakom u roku od 24 sata	
content	data/roleplay.json	roleplay:scenariji.4.kaj_iskati.2.tezi	scenariji.4.kaj_iskati.2.tezi	24 ur	24 sata	24 sata	
content	data/roleplay.json	roleplay:scenariji.4.kaj_iskati.3.kriterij	scenariji.4.kaj_iskati.3.kriterij	Vzpostaviš jasen naslednji korak v naslednjih dveh urah	Uspostavite jasan sljedeći korak u sljedeća dva sata	Uspostavite jasan sledeći korak u naredna dva sata	
content	data/roleplay.json	roleplay:scenariji.4.kaj_iskati.3.tezi	scenariji.4.kaj_iskati.3.tezi	korak			
content	data/roleplay.json	roleplay:scenariji.4.namig	scenariji.4.namig	Stranka v krizi potrebuje občutek kontrole. Tvoj prvi vtis je, ali si profesionalec ali še en prodajalec, ki išče priložnost.	Klijent u krizi treba osjećaj kontrole. Vaš prvi dojam je jeste li profesionalac ili samo još jedan prodavač koji traži priliku.	Klijentu u krizi je potreban osećaj kontrole. Vaš prvi utisak je da li ste profesionalac ili samo još jedan prodavac koji traži priliku.	
content	data/roleplay.json	roleplay:scenariji.4.segment	scenariji.4.segment	kriza			
content	data/roleplay.json	roleplay:scenariji.4.situacija	scenariji.4.situacija	Stranka kliče. Lastnik manjšega podjetja, hitro govori, vidno nervozen:	Kupac zove. Vlasnik male tvrtke, brzo priča, vidno nervozan:	Kupac zove. Vlasnik malog preduzeća, brzo priča, vidno nervozan:	
content	data/roleplay.json	roleplay:scenariji.4.stranka_pravi	scenariji.4.stranka_pravi	ARSO nas je poklical. Pravijo, da nimamo prijavljeno EPR shemo. Prijava je 3 leta nazaj. Lahko nam pomagate, da nas ne kaznujejo?	ARSO nas je nazvao. Kažu da nemamo registriranu EPR shemu. Registracija je prije 3 godine. Možete li nam pomoći da ne budemo kažnjeni?	Zvao nas je ARSO. Kažu da nemamo registrovanu EPR šemu. Registracija je pre 3 godine. Možete li nam pomoći da ne budemo kažnjeni?	
content	data/roleplay.json	roleplay:scenariji.5.id	scenariji.5.id	sc-06			
content	data/roleplay.json	roleplay:scenariji.5.kaj_iskati.0.kriterij	scenariji.5.kaj_iskati.0.kriterij	Ne govoriš o storitvah ali cenah — govoriš o viziji in skupnem cilju	Ne govorite o uslugama ili cijenama — govorite o viziji i zajedničkom cilju	Ne govorite o uslugama ili cenama – govorite o viziji i zajedničkom cilju	
content	data/roleplay.json	roleplay:scenariji.5.kaj_iskati.0.tezi	scenariji.5.kaj_iskati.0.tezi	vizij			
content	data/roleplay.json	roleplay:scenariji.5.kaj_iskati.1.kriterij	scenariji.5.kaj_iskati.1.kriterij	Konkretiziraš: kaj točno bi skupaj naredila v 12 mesecih?	Vi precizirate: što biste točno radili zajedno za 12 mjeseci?	Navodite: šta biste tačno radili zajedno za 12 meseci?	
content	data/roleplay.json	roleplay:scenariji.5.kaj_iskati.1.tezi	scenariji.5.kaj_iskati.1.tezi	mesec			
content	data/roleplay.json	roleplay:scenariji.5.kaj_iskati.2.kriterij	scenariji.5.kaj_iskati.2.kriterij	Vprašaš o NJIHOVI strategiji, ne predstaviš svoje	Pitate o NJIHOVOJ strategiji, a ne iznosite svoju	Pitaš za NjIHOVU strategiju, ne iznosiš svoju	
content	data/roleplay.json	roleplay:scenariji.5.kaj_iskati.2.tezi	scenariji.5.kaj_iskati.2.tezi	vašo	tvoje	tvoj	
content	data/roleplay.json	roleplay:scenariji.5.kaj_iskati.3.kriterij	scenariji.5.kaj_iskati.3.kriterij	Predlagaš majhen prvi korak (pilot projekt, skupna delavnica) namesto velikega kontrakta	Predlažete mali prvi korak (pilot projekt, zajednička radionica) umjesto velikog ugovora	Predlažete mali prvi korak (pilot projekat, zajedničku radionicu) umesto velikog ugovora	
content	data/roleplay.json	roleplay:scenariji.5.kaj_iskati.3.tezi	scenariji.5.kaj_iskati.3.tezi	pilot			
content	data/roleplay.json	roleplay:scenariji.5.namig	scenariji.5.namig	Strateški partnerji ne odgovarjajo na 'ponudbo'. Odgovorijo na 'vizijo'. Govori tri leta vnaprej, ne tri mesece.	Strateški partneri ne odgovaraju na 'ponudu'. Oni odgovaraju na 'viziju'. On govori tri godine unaprijed, a ne tri mjeseca.	Strateški partneri ne odgovaraju na 'ponudu'. Oni odgovaraju na 'viziju'. On govori tri godine unapred, a ne tri meseca.	
content	data/roleplay.json	roleplay:scenariji.5.segment	scenariji.5.segment	strateski			
content	data/roleplay.json	roleplay:scenariji.5.situacija	scenariji.5.situacija	Sestanek z direktorjem velikega zavezanca, ki ima javno deklarirane Net Zero cilje:	Sastanak s direktorom velikog poreznog obveznika koji je javno proglasio Net Zero ciljeve:	Sastanak sa direktorom velikog poreskog obveznika koji je javno proglasio Net Zero ciljeve:	
content	data/roleplay.json	roleplay:scenariji.5.stranka_pravi	scenariji.5.stranka_pravi	Imamo veliko ponudnikov, ki nam pošiljajo enake stvari. V čem ste vi drugačni? Zakaj naj bi z vami šel v dolgoročno strateško partnerstvo?	Imamo mnogo dobavljača koji nam šalju iste stvari. Po čemu ste drugačiji? Zašto bih trebao sklopiti dugoročno strateško partnerstvo s vama?	Imamo mnogo dobavljača koji nam šalju iste stvari. po čemu si drugačiji? Zašto bih sa vama ušao u dugoročno strateško partnerstvo?	
content	data/roleplay.json	roleplay:scenariji.6.id	scenariji.6.id	sc-07			
content	data/roleplay.json	roleplay:scenariji.6.kaj_iskati.0.kriterij	scenariji.6.kaj_iskati.0.kriterij	Ne uporabljaš pravniškega jezika ali kratic brez razlage	Ne koristite legale ili kratice bez objašnjenja	Ne koristite legaleze ili skraćenice bez objašnjenja	
content	data/roleplay.json	roleplay:scenariji.6.kaj_iskati.0.tezi	scenariji.6.kaj_iskati.0.tezi	razlož	obrazloženje	objašnjenje	
content	data/roleplay.json	roleplay:scenariji.6.kaj_iskati.1.kriterij	scenariji.6.kaj_iskati.1.kriterij	Pojasniš preprosto: 'če daš izdelek na trg, postaneš odgovoren za embalažo'	Objašnjavate jednostavno: 'ako stavite proizvod na tržište, postajete odgovorni za ambalažu'	Objašnjavate jednostavno: 'ako stavite proizvod na tržište, postajete odgovorni za pakovanje'	
content	data/roleplay.json	roleplay:scenariji.6.kaj_iskati.1.tezi	scenariji.6.kaj_iskati.1.tezi	odgovor			
content	data/roleplay.json	roleplay:scenariji.6.kaj_iskati.2.kriterij	scenariji.6.kaj_iskati.2.kriterij	Ne moraliziraš ali šokiraš s kaznimi	Ne moralizirate i ne šokirate kaznama	Ne moralizujete i ne šokirate kaznama	
content	data/roleplay.json	roleplay:scenariji.6.kaj_iskati.2.tezi	scenariji.6.kaj_iskati.2.tezi	razum			
content	data/roleplay.json	roleplay:scenariji.6.kaj_iskati.3.kriterij	scenariji.6.kaj_iskati.3.kriterij	Ponudiš majhen prvi korak: 15-minutni klic, kjer mu razložiš osnove brez prodajnega pritiska	Nudite mali prvi korak: 15-minutni poziv u kojem objašnjavate osnove bez prodajnog pritiska	Nudite mali prvi korak: 15-minutni poziv u kojem objašnjavate osnove bez pritiska na prodaju	
content	data/roleplay.json	roleplay:scenariji.6.namig	scenariji.6.namig	Začetnik najprej potrebuje razumevanje, šele nato ponudbo. Bodi učitelj, ne prodajalec.	Početniku je prvo potrebno razumijevanje, a zatim ponuda. Budite učitelj, a ne prodavač.	Početniku je prvo potrebno razumevanje, a zatim ponuda. Budite učitelj, a ne prodavac.	
content	data/roleplay.json	roleplay:scenariji.6.segment	scenariji.6.segment	novi			
content	data/roleplay.json	roleplay:scenariji.6.situacija	scenariji.6.situacija	Mladi lastnik startupa, ki nedavno odkril, da je EPR zavezanec. Ima zelo malo znanja:	Mladi vlasnik startupa koji je nedavno otkrio da je EPR obveznik. Ima vrlo malo znanja:	Mladi vlasnik startapa koji je nedavno otkrio da je EPR obveznik. On ima vrlo malo znanja:	
content	data/roleplay.json	roleplay:scenariji.6.stranka_pravi	scenariji.6.stranka_pravi	Ne razumem zakaj sploh moram to plačati. Mi smo majhni, naredimo nekaj 100 izdelkov mesečno. To je za velike, ne za nas, ne?	Ne razumijem zašto uopće moram plaćati za ovo. Mali smo, napravimo nekoliko 100 proizvoda mjesečno. To je za velike, ne za nas, zar ne?	Ne razumem zašto uopšte moram da platim za ovo. Mali smo, napravimo nekoliko 100 proizvoda mesečno. To je za velike, ne za nas, zar ne?	
content	data/roleplay.json	roleplay:scenariji.7.id	scenariji.7.id	sc-08			
content	data/roleplay.json	roleplay:scenariji.7.kaj_iskati.0.kriterij	scenariji.7.kaj_iskati.0.kriterij	Vprašaš o KONKRETNI bolečini: ali je problem v računih, v komunikaciji, v razlikah med poročanjem?	Pitate za KONKRETNU boljku: je li problem u računima, u komunikaciji, u razlikama između izvješća?	Pitate o SPECIFIČNOJ muci: da li je problem u računima, u komunikaciji, u razlikama između izveštaja?	
content	data/roleplay.json	roleplay:scenariji.7.kaj_iskati.0.tezi	scenariji.7.kaj_iskati.0.tezi	bole			
content	data/roleplay.json	roleplay:scenariji.7.kaj_iskati.1.kriterij	scenariji.7.kaj_iskati.1.kriterij	Predlagaš strukturiran prehod, ne 'jutri smo vse pri nas'	Predlažete strukturiranu tranziciju, a ne 'sutra smo svi ovdje'	Predlažete strukturiranu tranziciju, a ne 'sutra smo svi ovde'	
content	data/roleplay.json	roleplay:scenariji.7.kaj_iskati.1.tezi	scenariji.7.kaj_iskati.1.tezi	prehod			
content	data/roleplay.json	roleplay:scenariji.7.kaj_iskati.2.kriterij	scenariji.7.kaj_iskati.2.kriterij	Vprašaš za podatke: trenutni stroški v vsaki državi, ali so pogodbe vezane	Tražite informacije: trenutni troškovi u svakoj zemlji, jesu li ugovori obvezujući	Tražite informacije: trenutni troškovi u svakoj zemlji, da li su ugovori obavezujući	
content	data/roleplay.json	roleplay:scenariji.7.kaj_iskati.2.tezi	scenariji.7.kaj_iskati.2.tezi	trenut			
content	data/roleplay.json	roleplay:scenariji.7.kaj_iskati.3.kriterij	scenariji.7.kaj_iskati.3.kriterij	Naslednji korak: pregled trenutnih pogodb, ne 'naša ponudba'	Sljedeći korak: pregledajte trenutne ugovore, a ne "našu ponudu"	Sledeći korak: pregledajte postojeće ugovore, a ne 'našu ponudu'	
content	data/roleplay.json	roleplay:scenariji.7.kaj_iskati.3.tezi	scenariji.7.kaj_iskati.3.tezi	pregled			
content	data/roleplay.json	roleplay:scenariji.7.namig	scenariji.7.namig	Multi-Adria stranke potrebujejo občutek 'manj kompleksnosti'. Vsaka beseda 'enostavno' deluje. A ne smeš obljubljati prehoda 'jutri'.	Korisnici Multi-Adrije trebaju osjećaj 'manje složenosti'. Svaka riječ 'lako' radi. Ali ne možete obećati tranziciju 'sutra'.	Multi-Adria kupcima je potreban osećaj „manje složenosti“. Bilo koja reč 'lako' radi. Ali ne možete obećati tranziciju 'sutra'.	
content	data/roleplay.json	roleplay:scenariji.7.segment	scenariji.7.segment	regional			
content	data/roleplay.json	roleplay:scenariji.7.situacija	scenariji.7.situacija	Nabavni vodja srednje slovenske kozmetike, ki prodaja v SI, HR, RS in v EU:	Voditelj nabave srednje slovenske kozmetike koja prodaje u SI, HR, RS i EU:	Menadžer nabavke centralnoslovenačke kozmetike koja se prodaje u SI, HR, RS i EU:	
content	data/roleplay.json	roleplay:scenariji.7.stranka_pravi	scenariji.7.stranka_pravi	Imamo trenutno 3 različne EPR pogodbe — eno v vsaki državi. Vsak mesec dobimo 3 različne račune. Kako bi to skoncentrirali pri vas?	Trenutno imamo 3 različita EPR ugovora — po jedan u svakoj zemlji. Svaki mjesec dobivamo 3 različita računa. Kako biste ovo koncentrirali?	Trenutno imamo 3 različita EPR ugovora — po jedan u svakoj zemlji. Dobijamo 3 različita računa svakog meseca. Kako biste ovo koncentrisali?	
content	data/segmentacija.json	segmentacija:_filozofija	_filozofija	Stranka ni 'mala', 'srednja' ali 'velika'. Stranka je 'tisto, kar jo žene'. Eno podjetje istih dimenzij lahko spada v dva različna segmenta — odvisno od tega, zakaj nas potrebuje danes.	Kupac nije 'mali', 'srednji' ili 'veliki'. Kupac je 'ono što ga pokreće'. Jedna tvrtka istih dimenzija može pripadati dva različita segmenta — ovisno o tome zašto nas danas treba.	Kupac nije 'mali', 'srednji' ili 'veliki'. Kupac je „ono što ih pokreće“. Jedna kompanija istih dimenzija može pripadati dva različita segmenta — u zavisnosti od toga zašto smo joj danas potrebni.	
content	data/segmentacija.json	segmentacija:_kako_uporabiti.0	_kako_uporabiti.0	Vsako aktivno stranko označi z enim segmentom v modulu Stranke.	Svakog aktivnog kupca označite jednim segmentom u modulu Kupci.	Označite svakog aktivnog kupca jednim segmentom u modulu Kupci.	
content	data/segmentacija.json	segmentacija:_kako_uporabiti.1	_kako_uporabiti.1	Pred prvim sestankom hipotiziraj segment iz panoge in velikosti. Na sestanku potrdi ali popravi.	Prije prvog sastanka postavite hipotezu o segmentu industrije i veličini. Potvrdite ili ispravite na sastanku.	Pre prvog sastanka, hipotezujte segment iz industrije i veličinu. Potvrdite ili ispravite na sastanku.	
content	data/segmentacija.json	segmentacija:_kako_uporabiti.2	_kako_uporabiti.2	Vsak segment ima priporočene govore, ugovore, pakete in case studies — preusmerimo te na te vire.	Svaki segment sadrži preporučene govore, prigovore, pakete i studije slučaja — mi ćemo vas uputiti na te resurse.	Svaki segment ima preporučene govore, primedbe, pakete i studije slučaja — mi ćemo vas uputiti na te resurse.	
content	data/segmentacija.json	segmentacija:_kako_uporabiti.3	_kako_uporabiti.3	Stranka lahko migrira med segmenti. Kriza-driven stranka po enem letu pogosto postane Compliance pragmatist.	Kupac može migrirati između segmenata. Klijent vođen krizom često nakon godinu dana postane pragmatičar usklađenosti.	Klijent može da migrira između segmenata. Klijent vođen krizom često postaje pragmatičar usklađenosti nakon godinu dana.	
content	data/segmentacija.json	segmentacija:_opis	_opis	Segmentacija strank po MOTIVACIJI in ŽIVLJENJSKI FAZI ODNOSA — ne samo po velikosti ali panogi. Vsak segment zahteva drugačno komunikacijo, drugačno ponudbo in drugačen scenarij.	Segmentacija kupaca prema MOTIVACIJI i ŽIVOTNOM STANJU VEZE — ne samo prema veličini ili djelatnosti. Svaki segment zahtijeva drugačiju komunikaciju, drugačiju ponudu i drugačiji scenarij.	Segmentacija kupaca prema MOTIVACIJI i ŽIVOTNOJ STADI ODNOSA — ne samo prema veličini ili industriji. Svaki segment zahteva drugačiju komunikaciju, drugačiju ponudu i drugačiji scenario.	
content	data/segmentacija.json	segmentacija:dimenzije.faza_odnosa.0	dimenzije.faza_odnosa.0	prospekt			
content	data/segmentacija.json	segmentacija:dimenzije.faza_odnosa.1	dimenzije.faza_odnosa.1	novi (do 1 leta)	novo (do 1 godine)	novo (do 1 godine)	
content	data/segmentacija.json	segmentacija:dimenzije.faza_odnosa.2	dimenzije.faza_odnosa.2	uveljavljen (1-3 leta)	uspostavljen (1-3 godine)	osnovan (1-3 godine)	
content	data/segmentacija.json	segmentacija:dimenzije.faza_odnosa.3	dimenzije.faza_odnosa.3	strateški partner (3+ let)	strateški partner (3+ godine)	strateški partner (3+ godine)	
content	data/segmentacija.json	segmentacija:dimenzije.geografija.0	dimenzije.geografija.0	SI			
content	data/segmentacija.json	segmentacija:dimenzije.geografija.1	dimenzije.geografija.1	HR			
content	data/segmentacija.json	segmentacija:dimenzije.geografija.2	dimenzije.geografija.2	RS			
content	data/segmentacija.json	segmentacija:dimenzije.geografija.3	dimenzije.geografija.3	multi-Adria			
content	data/segmentacija.json	segmentacija:dimenzije.geografija.4	dimenzije.geografija.4	EU export	EU izvoz	izvoz EU	
content	data/segmentacija.json	segmentacija:dimenzije.panoga.0	dimenzije.panoga.0	FMCG			
content	data/segmentacija.json	segmentacija:dimenzije.panoga.7	dimenzije.panoga.7	HoReCa			
content	data/segmentacija.json	segmentacija:dimenzije.velikost.0	dimenzije.velikost.0	malo			
content	data/segmentacija.json	segmentacija:dimenzije.velikost.2	dimenzije.velikost.2	veliko			
content	data/segmentacija.json	segmentacija:kvalifikacija._opis	kvalifikacija._opis	Hitri kvalifikacijski vprašalnik za segmentacijo. Vprašaj 4 vprašanja na prvem stiku, dobiš hipotezo segmenta.	Brzi kvalifikacijski upitnik za segmentaciju. Postavite 4 pitanja pri prvom kontaktu, dobit ćete hipotezu segmenta.	Brzi kvalifikacioni upitnik za segmentaciju. Postavite 4 pitanja pri prvom kontaktu, dobijate hipotezu segmenta.	
content	data/segmentacija.json	segmentacija:kvalifikacija.vprasanja.0.id	kvalifikacija.vprasanja.0.id	motivacija			
content	data/segmentacija.json	segmentacija:kvalifikacija.vprasanja.0.moznosti.0.odgovor	kvalifikacija.vprasanja.0.moznosti.0.odgovor	Zakonska obveznost, nič več, nič manj	Zakonska obveza, ništa više, ništa manje	Zakonska obaveza, ništa više, ništa manje	
content	data/segmentacija.json	segmentacija:kvalifikacija.vprasanja.0.moznosti.1.odgovor	kvalifikacija.vprasanja.0.moznosti.1.odgovor	Optimizacija stroškov, ki jih trenutno imamo	Optimiziranje troškova koje trenutno imamo	Optimizacija troškova koje trenutno imamo	
content	data/segmentacija.json	segmentacija:kvalifikacija.vprasanja.0.moznosti.2.odgovor	kvalifikacija.vprasanja.0.moznosti.2.odgovor	Kupec/banka/centrala je zahtevala podatke	Klijent/banka/centrala je zatražio podatke	Klijent/banka/centrala je zatražila podatke	
content	data/segmentacija.json	segmentacija:kvalifikacija.vprasanja.0.moznosti.3.odgovor	kvalifikacija.vprasanja.0.moznosti.3.odgovor	Prodajamo v več državah, potrebujemo skupno rešitev	Prodajemo u nekoliko zemalja, potrebno nam je zajedničko rješenje	Prodajemo u nekoliko zemalja, potrebno nam je zajedničko rešenje	
content	data/segmentacija.json	segmentacija:kvalifikacija.vprasanja.0.moznosti.4.odgovor	kvalifikacija.vprasanja.0.moznosti.4.odgovor	Imamo konkretno težavo, ki jo moramo rešiti hitro	Imamo specifičan problem koji moramo brzo riješiti	Imamo konkretan problem koji moramo brzo da rešimo	
content	data/segmentacija.json	segmentacija:kvalifikacija.vprasanja.0.moznosti.5.odgovor	kvalifikacija.vprasanja.0.moznosti.5.odgovor	Dolgoročna strategija trajnosti	Dugoročna strategija održivosti	Dugoročna strategija održivosti	
content	data/segmentacija.json	segmentacija:kvalifikacija.vprasanja.0.moznosti.6.odgovor	kvalifikacija.vprasanja.0.moznosti.6.odgovor	Nismo vedeli, da to potrebujemo	Nismo znali da nam treba	Nismo znali da nam treba	
content	data/segmentacija.json	segmentacija:kvalifikacija.vprasanja.0.vprasanje	kvalifikacija.vprasanja.0.vprasanje	Kaj je glavni razlog, da o tem zdaj razmišljate?	Koji je glavni razlog zbog kojeg sada razmišljate o tome?	Šta je glavni razlog zašto sada razmišljate o tome?	
content	data/segmentacija.json	segmentacija:kvalifikacija.vprasanja.1.id	kvalifikacija.vprasanja.1.id	casovni-okvir			
content	data/segmentacija.json	segmentacija:kvalifikacija.vprasanja.1.moznosti.0.odgovor	kvalifikacija.vprasanja.1.moznosti.0.odgovor	Včeraj (urgentno)	jučer (hitno)	juče (hitno)	
content	data/segmentacija.json	segmentacija:kvalifikacija.vprasanja.1.moznosti.1.odgovor	kvalifikacija.vprasanja.1.moznosti.1.odgovor	1-3 mesece	1-3 mjeseca	1-3 meseca	
content	data/segmentacija.json	segmentacija:kvalifikacija.vprasanja.1.moznosti.2.odgovor	kvalifikacija.vprasanja.1.moznosti.2.odgovor	3-6 mesecev	3-6 mjeseci	3-6 meseci	
content	data/segmentacija.json	segmentacija:kvalifikacija.vprasanja.1.moznosti.3.odgovor	kvalifikacija.vprasanja.1.moznosti.3.odgovor	6+ mesecev, strateški projekt	6+ mjeseci, strateški projekt	6+ meseci, strateški projekat	
content	data/segmentacija.json	segmentacija:kvalifikacija.vprasanja.1.vprasanje	kvalifikacija.vprasanja.1.vprasanje	V kakšnem časovnem okviru bi morali to imeti urejeno?	U kojem roku bismo to trebali srediti?	U kom vremenskom roku ovo treba da sredimo?	
content	data/segmentacija.json	segmentacija:kvalifikacija.vprasanja.2.id	kvalifikacija.vprasanja.2.id	odlocevalec			
content	data/segmentacija.json	segmentacija:kvalifikacija.vprasanja.2.moznosti.0.odgovor	kvalifikacija.vprasanja.2.moznosti.0.odgovor	Operativa / HSE	Operacije / HSE	Operacije / HSE	
content	data/segmentacija.json	segmentacija:kvalifikacija.vprasanja.2.moznosti.1.odgovor	kvalifikacija.vprasanja.2.moznosti.1.odgovor	Finance / CFO / nabava	Financije / financijski direktor / nabava	Finansije / finansijski direktor / nabavke	
content	data/segmentacija.json	segmentacija:kvalifikacija.vprasanja.2.moznosti.2.odgovor	kvalifikacija.vprasanja.2.moznosti.2.odgovor	Sustainability / ESG vodja	Održivost / ESG menadžer	Održivost / ESG menadžer	
content	data/segmentacija.json	segmentacija:kvalifikacija.vprasanja.2.moznosti.3.odgovor	kvalifikacija.vprasanja.2.moznosti.3.odgovor	Vodstvo / lastnik	Uprava / Vlasnik	Menadžment / Vlasnik	
content	data/segmentacija.json	segmentacija:kvalifikacija.vprasanja.2.moznosti.4.odgovor	kvalifikacija.vprasanja.2.moznosti.4.odgovor	Pravna služba	Pravna služba	Pravna služba	
content	data/segmentacija.json	segmentacija:kvalifikacija.vprasanja.2.vprasanje	kvalifikacija.vprasanja.2.vprasanje	Kdo bo pri vas odločal?	Tko će odlučiti umjesto vas?	Ko će odlučivati umesto vas?	
content	data/segmentacija.json	segmentacija:kvalifikacija.vprasanja.3.id	kvalifikacija.vprasanja.3.id	kontekst			
content	data/segmentacija.json	segmentacija:kvalifikacija.vprasanja.3.moznosti.0.odgovor	kvalifikacija.vprasanja.3.moznosti.0.odgovor	Samo Slovenija	Samo Slovenija	Samo Slovenija	
content	data/segmentacija.json	segmentacija:kvalifikacija.vprasanja.3.moznosti.1.odgovor	kvalifikacija.vprasanja.3.moznosti.1.odgovor	Slovenija + ena soseda	Slovenija + jedan susjed	Slovenija + jedan komšija	
content	data/segmentacija.json	segmentacija:kvalifikacija.vprasanja.3.moznosti.2.odgovor	kvalifikacija.vprasanja.3.moznosti.2.odgovor	Več Adria držav	Nekoliko jadranskih zemalja	Nekoliko Adria zemalja	
content	data/segmentacija.json	segmentacija:kvalifikacija.vprasanja.3.moznosti.3.odgovor	kvalifikacija.vprasanja.3.moznosti.3.odgovor	Izvažamo v EU	Izvozimo u EU	Izvozimo u EU	
content	data/segmentacija.json	segmentacija:kvalifikacija.vprasanja.3.vprasanje	kvalifikacija.vprasanja.3.vprasanje	V kolikih državah ste prisotni s prodajo?	U koliko ste zemalja prisutni s prodajom?	U koliko zemalja ste prisutni sa prodajom?	
content	data/segmentacija.json	segmentacija:segmenti.0.barva	segmenti.0.barva	blue			
content	data/segmentacija.json	segmentacija:segmenti.0.ce_je_to_segment	segmenti.0.ce_je_to_segment	Govori jezik OPRAVIČIL pred zakonom. Ne začni z ESG ali trajnostjo. Začni z 'naj uredim, ti pa se ukvarjaj s tem, kar znaš najbolje'.	On govori jezikom IZGOVORA pred zakonom. Nemojte počinjati s ESG-om ili održivošću. Započnite s 'daj da ja to popravim, a ti radi ono što znaš najbolje'.	On govori jezikom IZGOVANjA pred zakonom. Ne počinjite sa ESG-om ili održivošću. Počnite sa 'da ja to popravim, a vi radite ono što najbolje radite'.	
content	data/segmentacija.json	segmentacija:segmenti.0.ce_ni_ta_segment	segmenti.0.ce_ni_ta_segment	Če stranka ima sustainability ekipo ali aktiven ESG vprašalnik — to NI compliance pragmatik. Premakni v ESG-driven.	Ako klijent ima tim za održivost ili aktivan ESG upitnik — to NIJE pragmatičar usklađenosti. Prelazak na upravljanje ESG-om.	Ako klijent ima tim za održivost ili aktivan ESG upitnik — ovo NIJE pragmatičar za usklađenost. Pređite na ESG vođen.	
content	data/segmentacija.json	segmentacija:segmenti.0.indikatorji.0	segmenti.0.indikatorji.0	Sami pravijo: 'kar pač moramo, da nas pustijo na miru'.	Oni sami kažu: 'ono što moramo učiniti je da nas se pusti na miru'.	Oni sami kažu: 'ono što treba da uradimo je da ostanemo sami'.	
content	data/segmentacija.json	segmentacija:segmenti.0.indikatorji.1	segmenti.0.indikatorji.1	Niso aktivno trajnostno angažirani, nimajo ESG strategije.	Ne bave se aktivno održivošću, nemaju ESG strategiju.	Nisu aktivno angažovani na održivosti, nemaju ESG strategiju.	
content	data/segmentacija.json	segmentacija:segmenti.0.indikatorji.2	segmenti.0.indikatorji.2	Imajo HSE / pravno osebo, ki to vodi 'med drugim'.	Imaju HSE / pravnu osobu koja to 'između ostalog' vodi.	Oni imaju HSE / pravno lice koje ga vodi „između ostalog“.	
content	data/segmentacija.json	segmentacija:segmenti.0.indikatorji.3	segmenti.0.indikatorji.3	Pričakujejo, da partner pošlje pripravljen obrazec — ne diskutirajo o filozofiji.	Očekuju da im partner pošalje pripremljen obrazac — ne raspravljaju o filozofiji.	Očekuju da im partner pošalje pripremljen obrazac — ne razgovaraju o filozofiji.	
content	data/segmentacija.json	segmentacija:segmenti.0.kratko	segmenti.0.kratko	Compliance pragmatik	Pragmatičar usklađenosti	Pragmatičar za usklađenost	
content	data/segmentacija.json	segmentacija:segmenti.0.opis	segmenti.0.opis	Pozna EPR obveznosti, ne želi se z njimi ukvarjati. Cilj: 'plačam, vi vse uredite'. Cena pomembna, vendar ne najpomembnejša — pomembnejša je preprostost.	Zna obveze EPR-a, ne želi se time baviti. Cilj: 'Ja plaćam, ti sve dogovoriš'. Cijena je važna, ali ne i najvažnija stvar — važnija je jednostavnost.	On zna obaveze EPR-a, ne želi da se bavi njima. Cilj: 'Ja plaćam, ti sve središ'. Cena je važna, ali ne i najvažnija stvar – jednostavnost je važnija.	
content	data/segmentacija.json	segmentacija:segmenti.0.polni_naziv	segmenti.0.polni_naziv	Pragmatik, ki želi biti skladen s čim manj truda	Pragmatičar koji želi biti popustljiv sa što manje truda	Pragmatičar koji želi da bude usklađen sa što manje napora	
content	data/segmentacija.json	segmentacija:segmenti.0.povezave.ugovori_kategorije.0	segmenti.0.povezave.ugovori_kategorije.0	cena			
content	data/segmentacija.json	segmentacija:segmenti.0.povezave.ugovori_kategorije.1	segmenti.0.povezave.ugovori_kategorije.1	ni-cas			
content	data/segmentacija.json	segmentacija:segmenti.0.povezave.ugovori_kategorije.2	segmenti.0.povezave.ugovori_kategorije.2	podatki			
content	data/segmentacija.json	segmentacija:segmenti.0.povezave.vsebine_teme.0	segmenti.0.povezave.vsebine_teme.0	regulator			
content	data/segmentacija.json	segmentacija:segmenti.0.tipicen_cikel	segmenti.0.tipicen_cikel	1-3 mesece (kratki, jasni)	1-3 mjeseca (kratko, jasno)	1-3 meseca (kratko, jasno)	
content	data/segmentacija.json	segmentacija:segmenti.0.tipicni_odlocevalec	segmenti.0.tipicni_odlocevalec	operativa, finance	operacije, financije	operacije, finansije	
content	data/segmentacija.json	segmentacija:segmenti.1.barva	segmenti.1.barva	amber			
content	data/segmentacija.json	segmentacija:segmenti.1.ce_je_to_segment	segmenti.1.ce_je_to_segment	Pripravi ROI tabelo, primerjavo pred/po, total cost of ownership. Ne začni z 'mi smo strateški partner'. Začni z 'mi vam pokažemo, koliko in zakaj'.	Pripremite ROI tablicu, prije/poslije usporedbe, ukupni trošak vlasništva. Nemojte počinjati s 'mi smo strateški partner'. Počnite s 'pokazat ćemo vam koliko i zašto'.	Pripremite tabelu ROI, pre/posle poređenja, ukupne troškove vlasništva. Nemojte počinjati sa „mi smo strateški partner“. Počnite sa „pokazaćemo vam koliko i zašto“.	
content	data/segmentacija.json	segmentacija:segmenti.1.ce_ni_ta_segment	segmenti.1.ce_ni_ta_segment	Če odločevalec ni iz financ ali jih cena ne zanima toliko kot rezultat — to ni cost-optimizer.	Ako donositelj odluka nije iz financija ili ih ne zanima cijena koliko rezultat — ovo nije optimizator troškova.	Ako donosilac odluka nije iz finansija ili ga ne zanima cena koliko rezultat — ovo nije optimizator troškova.	
content	data/segmentacija.json	segmentacija:segmenti.1.indikatorji.0	segmenti.1.indikatorji.0	Prvo vprašanje: 'koliko stane?'	Prvo pitanje: 'koliko to košta?'	Prvo pitanje: 'koliko to košta?'	
content	data/segmentacija.json	segmentacija:segmenti.1.indikatorji.1	segmenti.1.indikatorji.1	Primerjajo več ponudb hkrati.	Uspoređuju nekoliko ponuda istovremeno.	Oni upoređuju nekoliko ponuda istovremeno.	
content	data/segmentacija.json	segmentacija:segmenti.1.indikatorji.2	segmenti.1.indikatorji.2	Imajo natančno mesečno predračunavanje.	Imaju točnu mjesečnu naplatu.	Imaju tačan mesečni obračun.	
content	data/segmentacija.json	segmentacija:segmenti.1.indikatorji.3	segmenti.1.indikatorji.3	Sodelovanje so začeli zaradi cene, ne odnosa.	U suradnju su krenuli zbog cijene, a ne odnosa.	Započeli su saradnju zbog cene, a ne odnosa.	
content	data/segmentacija.json	segmentacija:segmenti.1.kratko	segmenti.1.kratko	Optimizator stroškov	Optimizator troškova	Optimizator troškova	
content	data/segmentacija.json	segmentacija:segmenti.1.opis	segmenti.1.opis	CFO ali nabavni vodja odloča. Vsaka storitev je merjena z 'koliko nas to stane'. Pripravljen je menjati partnerja za nižjo ceno, vendar ceni stabilnost.	Financijski direktor ili voditelj nabave odlučuje. Svaka usluga se mjeri po tome 'koliko nas košta'. Spreman je promijeniti partnera za nižu cijenu, ali cijeni stabilnost.	Finansijski direktor ili menadžer nabavke odlučuje. Svaka usluga se meri 'koliko nas košta'. Spreman je da promeni partnera za nižu cenu, ali ceni stabilnost.	
content	data/segmentacija.json	segmentacija:segmenti.1.polni_naziv	segmenti.1.polni_naziv	Finančno usmerjen — pričakuje prihranek, ne 'dodano vrednost'	Financijski orijentiran — očekuje uštedu, a ne 'dodanu vrijednost'	Finansijski orijentisan – očekuje uštede, a ne „dodatu vrednost“	
content	data/segmentacija.json	segmentacija:segmenti.1.povezave.ugovori_kategorije.1	segmenti.1.povezave.ugovori_kategorije.1	obstojeci-dobavitelj			
content	data/segmentacija.json	segmentacija:segmenti.1.povezave.ugovori_kategorije.2	segmenti.1.povezave.ugovori_kategorije.2	razlikovanje			
content	data/segmentacija.json	segmentacija:segmenti.1.povezave.vsebine_teme.1	segmenti.1.povezave.vsebine_teme.1	komunikacija			
content	data/segmentacija.json	segmentacija:segmenti.1.tipicen_cikel	segmenti.1.tipicen_cikel	3-6 mesecev (potrebujejo natančne primerjave)	3-6 mjeseci (potrebne su točne usporedbe)	3-6 meseci (potrebna su tačna poređenja)	
content	data/segmentacija.json	segmentacija:segmenti.1.tipicni_odlocevalec	segmenti.1.tipicni_odlocevalec	finance, nabava, CFO	financije, nabava, financijski direktor	finansije, nabavke, finansijski direktor	
content	data/segmentacija.json	segmentacija:segmenti.2.barva	segmenti.2.barva	green			
content	data/segmentacija.json	segmentacija:segmenti.2.ce_je_to_segment	segmenti.2.ce_je_to_segment	Začni z 'mi vam pomagamo odgovoriti na X'. Pokaži referenco s podobnim primerom. Made for Recycling certifikat je glavni 'wedge' za vstop.	Započnite s "pomažemo vam odgovoriti na X". Pokažite referencu sa sličnim primjerom. Certifikat Made for Recycling glavni je 'klin' za ulazak.	Počnite sa „mi vam pomažemo da odgovorite na Ks“. Pokažite referencu sa sličnim primerom. Sertifikat Made for Recicling je glavni 'klin' za ulazak.	
content	data/segmentacija.json	segmentacija:segmenti.2.ce_ni_ta_segment	segmenti.2.ce_ni_ta_segment	Če omenijo ESG kot 'lepo bi bilo', ne pa kot 'moramo' — to še ni ESG-driven. To je še compliance ali cost-optimizer.	Ako spominju ESG kao "bilo bi lijepo", ali ne kao "mora" — to nije vođeno ESG-om. Ovo je također usklađenost ili optimizacija troškova.	Ako pominju ESG kao „bilo bi lepo“, ali ne kao „obavezno“ — to nije vođeno ESG-om. Ovo je takođe usklađenost ili optimizator troškova.	
content	data/segmentacija.json	segmentacija:segmenti.2.indikatorji.0	segmenti.2.indikatorji.0	Omenjajo SAQ, EcoVadis, CSRD, Scope 3, Made for Recycling.	Spominju SAQ, EcoVadis, CSRD, Scope 3, Made for Recycling.	Pominju SAK, EcoVadis, CSRD, Scope 3, Made for Recicling.	
content	data/segmentacija.json	segmentacija:segmenti.2.indikatorji.1	segmenti.2.indikatorji.1	Imajo sustainability manager ali ESG poročilo v pripravi.	Imaju izvješće upravitelja održivosti ili ESG u pripremi.	Imaju menadžera održivosti ili ESG izveštaj u pripremi.	
content	data/segmentacija.json	segmentacija:segmenti.2.indikatorji.2	segmenti.2.indikatorji.2	Pritiska gre od njihovih kupcev, ne od regulative.	Pritisak dolazi od njihovih kupaca, a ne od propisa.	Pritisak dolazi od njihovih kupaca, a ne od regulative.	
content	data/segmentacija.json	segmentacija:segmenti.2.indikatorji.3	segmenti.2.indikatorji.3	Pripravljeni so plačati premium, če to reši njihov B2B problem.	Spremni su platiti premiju ako to riješi njihov B2B problem.	Spremni su da plate premiju ako to reši njihov B2B problem.	
content	data/segmentacija.json	segmentacija:segmenti.2.kratko	segmenti.2.kratko	ESG-driven			
content	data/segmentacija.json	segmentacija:segmenti.2.opis	segmenti.2.opis	Glavni voznik ni notranja motivacija — je B2B kupec, banka, javni naročnik ali matično podjetje. Stranke pridejo z 'morali bomo dokazati X'. Hitrost odločanja je visoka, ker imajo rok.	Glavni pokretač nije unutarnja motivacija — to je B2B kupac, banka, javni klijent ili matična tvrtka. Klijenti dolaze s 'morat ćemo dokazati X'. Brzina donošenja odluka je velika jer imaju rok.	Glavni pokretač nije interna motivacija – to je B2B kupac, banka, javni klijent ili matična kompanija. Klijenti dolaze sa 'moraćemo da dokažemo Ks'. Brzina donošenja odluka je velika jer imaju rok.	
content	data/segmentacija.json	segmentacija:segmenti.2.polni_naziv	segmenti.2.polni_naziv	Pod pritiskom kupcev, bank ali matičnega podjetja	Pod pritiskom kupaca, banaka ili matične tvrtke	Pod pritiskom klijenata, banaka ili matične kompanije	
content	data/segmentacija.json	segmentacija:segmenti.2.povezave.ugovori_kategorije.1	segmenti.2.povezave.ugovori_kategorije.1	nejasna-vrednost			
content	data/segmentacija.json	segmentacija:segmenti.2.povezave.ugovori_kategorije.2	segmenti.2.povezave.ugovori_kategorije.2	regulativna			
content	data/segmentacija.json	segmentacija:segmenti.2.povezave.vsebine_teme.0	segmenti.2.povezave.vsebine_teme.0	ekodizajn			
content	data/segmentacija.json	segmentacija:segmenti.2.povezave.vsebine_teme.1	segmenti.2.povezave.vsebine_teme.1	ppwr			
content	data/segmentacija.json	segmentacija:segmenti.2.tipicen_cikel	segmenti.2.tipicen_cikel	1-4 mesece (rok od kupca = rok pri njih)	1-4 mjeseca (datum dospijeća od kupca = datum dospijeća kod njih)	1-4 meseca (rok od strane kupca = rok kod njih)	
content	data/segmentacija.json	segmentacija:segmenti.2.tipicni_odlocevalec	segmenti.2.tipicni_odlocevalec	sustainability, vodstvo, marketing	održivost, menadžment, marketing	održivost, menadžment, marketing	
content	data/segmentacija.json	segmentacija:segmenti.3.barva	segmenti.3.barva	purple			
content	data/segmentacija.json	segmentacija:segmenti.3.ce_je_to_segment	segmenti.3.ce_je_to_segment	Začni s 'koliko držav, koliko različnih pogodb, koliko različnih kontaktov'. Slika konsolidacije pove več kot številke.	Počnite s 'koliko zemalja, koliko različitih ugovora, koliko različitih kontakata'. Slika okrupnjavanja govori više od brojki.	Počnite sa „koliko zemalja, koliko različitih ugovora, koliko različitih kontakata“. Slika konsolidacije govori više od brojeva.	
content	data/segmentacija.json	segmentacija:segmenti.3.ce_ni_ta_segment	segmenti.3.ce_ni_ta_segment	Če prodajajo samo v eni državi — pomakni v ustrezen segment glede na motivacijo (compliance/cost/ESG).	Ako prodaju samo u jednoj zemlji — prijeđite na odgovarajući segment na temelju motivacije (sukladnost/trošak/ESG).	Ako prodaju samo u jednoj zemlji — pređite na odgovarajući segment na osnovu motivacije (usaglašenost/troškovi/ESG).	
content	data/segmentacija.json	segmentacija:segmenti.3.indikatorji.0	segmenti.3.indikatorji.0	Spletna stran v več jezikih.	Web stranica na više jezika.	Veb stranica na više jezika.	
content	data/segmentacija.json	segmentacija:segmenti.3.indikatorji.1	segmenti.3.indikatorji.1	Skladišča/podružnice v vsaj 2 državah.	Skladišta/podružnice u najmanje 2 zemlje.	Skladišta/filijale u najmanje 2 zemlje.	
content	data/segmentacija.json	segmentacija:segmenti.3.indikatorji.2	segmenti.3.indikatorji.2	Imajo lokalne EPR pogodbe v vsaki državi posebej (kar je trenutno boleče).	Imaju lokalne EPR ugovore u svakoj zemlji zasebno (što je trenutno bolno).	Oni imaju lokalne EPR ugovore u svakoj zemlji posebno (što je trenutno bolno).	
content	data/segmentacija.json	segmentacija:segmenti.3.indikatorji.3	segmenti.3.indikatorji.3	Vodstvo razmišlja regionalno, ne lokalno.	Uprava razmišlja regionalno, a ne lokalno.	Menadžment razmišlja regionalno, a ne lokalno.	
content	data/segmentacija.json	segmentacija:segmenti.3.kratko	segmenti.3.kratko	Multi-Adria igralec	Multi-Adria igrač	Multi-Adria plejer	
content	data/segmentacija.json	segmentacija:segmenti.3.opis	segmenti.3.opis	Kompleksnost regulative v več državah je glavna bolečina. En partner, ena pogodba je glavna prodajna prednost. Cenovna občutljivost je manjša, ker je 'organizacijska bolečina' večja.	Regulatorna složenost u više zemalja glavna je bolna točka. Jedan partner, jedan ugovor glavna je prodajna prednost. Osjetljivost na cijenu je manja jer je 'organizacijska bol' veća.	Složenost propisa u više zemalja je glavna bolna tačka. Jedan partner, jedan ugovor je glavna prodajna tačka. Osetljivost na cenu je manja jer je „organizacioni bol“ veći.	
content	data/segmentacija.json	segmentacija:segmenti.3.polni_naziv	segmenti.3.polni_naziv	Prodaja v vsaj 2 državah Adria regije ali ima EU izvoz	Prodaje se u najmanje 2 zemlje Adria regije ili ima izvoz u EU	Prodaja u najmanje 2 zemlje Adria regiona ili ima izvoz u EU	
content	data/segmentacija.json	segmentacija:segmenti.3.povezave.ugovori_kategorije.2	segmenti.3.povezave.ugovori_kategorije.2	tveganje			
content	data/segmentacija.json	segmentacija:segmenti.3.tipicen_cikel	segmenti.3.tipicen_cikel	4-9 mesecev (več notranjih odločevalcev v različnih državah)	4-9 mjeseci (nekoliko internih donositelja odluka u različitim zemljama)	4-9 meseci (nekoliko internih donosioca odluka u različitim zemljama)	
content	data/segmentacija.json	segmentacija:segmenti.3.tipicni_odlocevalec	segmenti.3.tipicni_odlocevalec	vodstvo, nabava na centrali	upravljanje, nabava u sjedištu	menadžment, nabavka u centrali	
content	data/segmentacija.json	segmentacija:segmenti.4.barva	segmenti.4.barva	stone			
content	data/segmentacija.json	segmentacija:segmenti.4.ce_je_to_segment	segmenti.4.ce_je_to_segment	Najprej preveri obseg težave, šele potem pakete. Ne začni s prodajo — začni s 'kaj točno se je zgodilo'. Eksperti morajo biti v 24 urah na zvezi.	Prvo provjerava opseg problema, a zatim pakete. Nemojte počinjati s prodajom — počnite s 'što se točno dogodilo'. Stručnjaci se moraju javiti unutar 24 sata.	Prvo proverava obim problema, a zatim pakete. Ne počnite sa prodajom – počnite sa „šta se tačno dogodilo“. Stručnjaci moraju biti dežurni u roku od 24 sata.	
content	data/segmentacija.json	segmentacija:segmenti.4.ce_ni_ta_segment	segmenti.4.ce_ni_ta_segment	Po rešitvi problema (3-6 mesecev) postanejo običajno compliance pragmatik ali cost-optimizer. Migracija segmenta.	Nakon rješavanja problema (3-6 mjeseci), obično postaju pragmatičar usklađenosti ili optimizator troškova. Migracija segmenata.	Nakon rešavanja problema (3-6 meseci), obično postaju pragmatičari usklađenosti ili optimizatori troškova. Migracija segmenata.	
content	data/segmentacija.json	segmentacija:segmenti.4.indikatorji.0	segmenti.4.indikatorji.0	Klic 'imamo težavo, lahko pomagate?'	Poziv 'imamo problem, možete li pomoći?'	Poziv 'imamo problem, možete li pomoći?'	
content	data/segmentacija.json	segmentacija:segmenti.4.indikatorji.1	segmenti.4.indikatorji.1	Konkretne časovne stiske — dnevi, ne meseci.	Konkretna vremenska ograničenja — dani, ne mjeseci.	Konkretna vremenska ograničenja — dani, a ne meseci.	
content	data/segmentacija.json	segmentacija:segmenti.4.indikatorji.2	segmenti.4.indikatorji.2	Pripravljeni plačati 'kar je treba', dokler je rešeno.	Spremni platiti 'što god je potrebno' sve dok se to riješi.	Spremni da platite „šta god je potrebno“ sve dok se to reši.	
content	data/segmentacija.json	segmentacija:segmenti.4.indikatorji.3	segmenti.4.indikatorji.3	Lahko pridejo prek konkurenta, ki ni zmogel rešiti.	Mogu doći preko natjecatelja koji nije uspio spasiti.	Oni mogu da prođu preko takmičara koji nije uspeo da spase.	
content	data/segmentacija.json	segmentacija:segmenti.4.kratko	segmenti.4.kratko	Kriza-driven			
content	data/segmentacija.json	segmentacija:segmenti.4.opis	segmenti.4.opis	Stranka je v težavah: opomin ARSO, izgubljen velik kupec, retroaktivno poročanje. Cikel je hiter, vrednost ponudbe višja, vendar je odnos krhek — če rešimo problem, postanejo dolgoročni; če ne, izginejo.	Kupac u problemu: upozorenje ARSO-a, izgubljeni veliki kupac, retroaktivna prijava. Ciklus je brz, vrijednost ponude je veća, ali su odnosi krhki — ako riješimo probleme, oni postaju dugoročni; ako ne, nestaju.	Kupac u nevolji: ARSO upozorenje, izgubljeni glavni kupac, retroaktivno izveštavanje. Ciklus je brz, vrednost ponude je veća, ali je odnos krhak — ako rešimo problem, oni postaju dugoročni; ako ne, nestaju.	
content	data/segmentacija.json	segmentacija:segmenti.4.polni_naziv	segmenti.4.polni_naziv	Pod inšpekcijskim ali kupcev pritiskom — potrebujejo TAKOJ	Pod inspekcijom ili pritiskom kupca — potrebno ODMAH	Pod inspekcijom ili pritiskom kupaca — potrebno ODMAH	
content	data/segmentacija.json	segmentacija:segmenti.4.povezave.ugovori_kategorije.0	segmenti.4.povezave.ugovori_kategorije.0	zakonodaja			
content	data/segmentacija.json	segmentacija:segmenti.4.tipicen_cikel	segmenti.4.tipicen_cikel	1-4 tedne (urgentno)	1-4 tjedna (hitno)	1-4 nedelje (hitno)	
content	data/segmentacija.json	segmentacija:segmenti.4.tipicni_odlocevalec	segmenti.4.tipicni_odlocevalec	vodstvo, pravna služba, HSE	menadžment, pravna služba, HSE	menadžment, pravna služba, HSE	
content	data/segmentacija.json	segmentacija:segmenti.5.ce_je_to_segment	segmenti.5.ce_je_to_segment	Govori v jeziku strategije, ne taktike. Pripravi 3-letno vizijo, ne ponudbe za eno leto. Predlagaj skupne projekte, ki krepijo njihovo blagovno znamko.	On govori jezikom strategije, a ne taktike. Pripremite trogodišnju viziju, a ne jednogodišnju ponudu. Predlažu zajedničke projekte koji jačaju njihov brend.	On govori jezikom strategije, a ne taktike. Pripremite trogodišnju viziju, a ne jednogodišnju ponudu. Predložite zajedničke projekte koji jačaju njihov brend.	
content	data/segmentacija.json	segmentacija:segmenti.5.ce_ni_ta_segment	segmenti.5.ce_ni_ta_segment	Tudi velika podjetja niso vedno strateški partnerji. Če je nakup zgolj prek nabave brez vodstvene angažiranosti — to je le 'veliki cost-optimizer'.	Ni velike tvrtke nisu uvijek strateški partneri. Ako je kupnja samo putem nabave bez uplitanja menadžera — to je samo 'veliki optimizator troškova'.	Čak i velike kompanije nisu uvek strateški partneri. Ako se kupovina vrši samo putem nabavke bez učešća menadžera — to je samo „veliki optimizator troškova“.	
content	data/segmentacija.json	segmentacija:segmenti.5.indikatorji.0	segmenti.5.indikatorji.0	Javno objavljajo trajnostne cilje (Net Zero, krožno gospodarstvo).	Javno objavljuju ciljeve održivosti (Net Zero, kružno gospodarstvo).	Oni javno objavljuju ciljeve održivosti (Net Zero, cirkularna ekonomija).	
content	data/segmentacija.json	segmentacija:segmenti.5.indikatorji.1	segmenti.5.indikatorji.1	Vodstvo aktivno govori o ESG.	Uprava aktivno govori o ESG-u.	Menadžment aktivno govori o ESG-u.	
content	data/segmentacija.json	segmentacija:segmenti.5.indikatorji.2	segmenti.5.indikatorji.2	Sodelujejo z univerzami, javnimi inštitucijami.	Surađuju sa sveučilištima, javnim institucijama.	Oni sarađuju sa univerzitetima, javnim institucijama.	
content	data/segmentacija.json	segmentacija:segmenti.5.indikatorji.3	segmenti.5.indikatorji.3	Pričakujejo, da bomo predlagali, ne le izvajali.	Od nas očekuju da predložimo, a ne samo provedemo.	Od nas očekuju da predlažemo, a ne samo sprovodimo.	
content	data/segmentacija.json	segmentacija:segmenti.5.kratko	segmenti.5.kratko	Strateški partner	Strateški partner	Strateški partner	
content	data/segmentacija.json	segmentacija:segmenti.5.opis	segmenti.5.opis	Najbolj zahteven in najbolj donosen segment. Pričakujejo strateški dialog, ne 'pošljite ponudbo'. Cena je instrument, ne kriterij. Pričakujejo deljenje znanja, prisotnost na njihovih dogodkih, skupne projekte.	Najzahtjevniji i najprofitabilniji segment. Očekuju strateški dijalog, a ne 'slanje ponude'. Cijena je instrument, a ne kriterij. Očekuju razmjenu znanja, prisutnost na njihovim događajima, zajedničke projekte.	Najzahtevniji i najprofitabilniji segment. Oni očekuju strateški dijalog, a ne 'šalju ponudu'. Cena je instrument, a ne kriterijum. Očekuju razmenu znanja, prisustvo na njihovim događajima, zajedničke projekte.	
content	data/segmentacija.json	segmentacija:segmenti.5.polni_naziv	segmenti.5.polni_naziv	Veliki, dolgoročni, trajnostni voditelj v svoji panogi	Veliki, dugoročni, održivi lider u svojoj industriji	Veliki, dugoročni, održivi lider u svojoj industriji	
content	data/segmentacija.json	segmentacija:segmenti.5.tipicen_cikel	segmenti.5.tipicen_cikel	6-18 mesecev (počasni, vendar najtrdnejši)	6-18 mjeseci (sporo ali najčvršće)	6-18 meseci (spor, ali najčvršći)	
content	data/segmentacija.json	segmentacija:segmenti.5.tipicni_odlocevalec	segmenti.5.tipicni_odlocevalec	vodstvo, sustainability lead, board	upravljanje, vodstvo održivosti, odbor	menadžment, vođa održivosti, odbor	
content	data/segmentacija.json	segmentacija:segmenti.6.ce_je_to_segment	segmenti.6.ce_je_to_segment	Glosar je tvoj prijatelj. Onboarding pristop. Začni z izobraževanjem, šele nato s ponudbo. Pošlji jih na vodič in glosar.	Rječnik je vaš prijatelj. Onboarding pristup. Krenite s edukacijom, tek onda s ponudom. Pošaljite ih u vodič i glosar.	Rečnik je vaš prijatelj. Pristup onboardingu. Počnite sa edukacijom, pa tek onda sa ponudom. Pošaljite ih vodiču i rečniku.	
content	data/segmentacija.json	segmentacija:segmenti.6.ce_ni_ta_segment	segmenti.6.ce_ni_ta_segment	Če podjetje že ima EPR pogodbo z drugim — niso 'novi začetnik', so v drugem segmentu.	Ako tvrtka već ima EPR ugovor s drugom — oni nisu 'novi početnici', oni su u drugom segmentu.	Ako kompanija već ima EPR ugovor sa drugom — oni nisu 'novi starter', oni su u drugom segmentu.	
content	data/segmentacija.json	segmentacija:segmenti.6.indikatorji.0	segmenti.6.indikatorji.0	Vprašanja so osnovna: 'kaj sploh je EPR?'	Pitanja su osnovna: 'što je uopće EPR?'	Pitanja su osnovna: 'šta je uopšte EPR?'	
content	data/segmentacija.json	segmentacija:segmenti.6.indikatorji.1	segmenti.6.indikatorji.1	Mladi tim, marketing-driven podjetje.	Mlad tim, marketinški usmjerena tvrtka.	Mlad tim, marketinško vođena kompanija.	
content	data/segmentacija.json	segmentacija:segmenti.6.indikatorji.2	segmenti.6.indikatorji.2	Pred kratkim začeli z izvozom v EU ali rasli prek pragov.	Nedavno je počeo izvoziti u EU ili je prešao pragove.	Nedavno je počeo da izvozi u EU ili prešao pragove.	
content	data/segmentacija.json	segmentacija:segmenti.6.indikatorji.3	segmenti.6.indikatorji.3	Pogosto pridejo prek priporočila ali web search.	Često dolaze putem preporuke ili pretraživanja weba.	Često dolaze kroz preporuku ili veb pretragu.	
content	data/segmentacija.json	segmentacija:segmenti.6.kratko	segmenti.6.kratko	Novi začetnik	Novi starter	Novi starter	
content	data/segmentacija.json	segmentacija:segmenti.6.opis	segmenti.6.opis	Pogosto starter, e-commerce, hitra rast. Niso vedeli, da so zavezanci. Trenutek odkritja je hkrati strah in priložnost. Najprej potrebujejo razumevanje — šele nato ponudbo.	Često početnik, e-trgovina, brzi rast. Nisu znali da su odgovorni. Trenutak otkrića je i strah i prilika. Prvo im je potrebno razumijevanje — a onda ponuda.	Često starter, e-trgovina, brz rast. Nisu znali da su odgovorni. Trenutak otkrića je i strah i prilika. Prvo im je potrebno razumevanje — a onda ponuda.	
content	data/segmentacija.json	segmentacija:segmenti.6.polni_naziv	segmenti.6.polni_naziv	Šele odkriva, da ima EPR obveznosti — potrebuje izobraževanje	On tek otkriva da EPR ima obveze — potrebno mu je obrazovanje	On upravo otkriva da EPR ima obaveze — potrebno mu je obrazovanje	
content	data/segmentacija.json	segmentacija:segmenti.6.povezave.ugovori_kategorije.0	segmenti.6.povezave.ugovori_kategorije.0	ne-razumem			
content	data/segmentacija.json	segmentacija:segmenti.6.povezave.ugovori_kategorije.2	segmenti.6.povezave.ugovori_kategorije.2	majhno			
content	data/segmentacija.json	segmentacija:segmenti.6.tipicen_cikel	segmenti.6.tipicen_cikel	2-4 mesece (zaupanje je glavna ovira, ne cena)	2-4 mjeseca (glavna prepreka je povjerenje, a ne cijena)	2-4 meseca (poverenje je glavna prepreka, a ne cena)	
content	data/segmentacija.json	segmentacija:segmenti.6.tipicni_odlocevalec	segmenti.6.tipicni_odlocevalec	lastnik, vodstvo (1-2 osebi)	vlasnik, menadžment (1-2 osobe)	vlasnik, menadžment (1-2 osobe)	
content	data/ugovori.json	ugovori:_opis	_opis	Najpogostejši ugovori in preverjeni odgovori. Vsak ugovor ima KATEGORIJO za hitro iskanje, KRATEK ODGOVOR za na sestanku, DOLGI ODGOVOR za pripravo in OPOMBO za prodajalca.	Najčešći prigovori i provjereni odgovori. Svaki prigovor ima KATEGORIJU za brzu pretragu, KRATAK ODGOVOR za sastanak, DUGI ODGOVOR za pripremu i NAPOMEN za prodavatelja.	Najčešće primedbe i provereni odgovori. Svaka zamerka ima KATEGORIJU za brzu pretragu, KRATAK ODGOVOR za sastanak, DUGA ODGOVOR za pripremu i NAPOMENA za prodavca.	
content	data/ugovori.json	ugovori:ugovori.0.dolgi_odgovor	ugovori.0.dolgi_odgovor	Razumem, cena je vedno tema. Da pa lahko jaz reagiram pošteno, potrebujem dva podatka: prvič, s katero konkretno alternativo nas primerjate, in drugič, ali primerjate samo storitev ali tudi obseg dela, ki ga sami prevzamemo. Pri večini strank vidimo, da na koncu ni najcenejši ponudnik tisti, ki da najnižjo številko v Excel — ampak tisti, ki vam dejansko zmanjša interno delo, tveganje pri inšpekcijah in skrite stroške. Lahko narediva pošten primerjalni pregled, če mi pošljete konkurenčno ponudbo ali povzetek tega, kar plačujete danes.	Razumijem, cijena je uvijek tema. No, da bih mogao iskreno reagirati, potrebne su mi dvije informacije: prvo, s kojom nas konkretno alternativom uspoređujete, i drugo, uspoređujete li samo uslugu ili i obim poslova koje sami obavljamo. Za većinu kupaca vidimo da na kraju najjeftiniji pružatelj usluga nije onaj koji stavlja najniži broj u Excel — već onaj koji zapravo smanjuje vaš interni rad, rizik inspekcije i skrivene troškove. Možemo napraviti poštenu usporedbu ako mi pošaljete konkurentnu ponudu ili sažetak onoga što plaćate danas.	Razumem, cena je uvek tema. Ali da bih iskreno reagovao, potrebne su mi dve informacije: prvo, sa kojom nas konkretnom alternativom upoređujete, i drugo, da li poredite samo uslugu ili i obim posla koji mi sami preduzimamo. Za većinu kupaca vidimo da na kraju, najjeftiniji dobavljač nije onaj koji stavlja najmanji broj u Ekcel — već onaj koji zapravo smanjuje vaš interni rad, rizik od inspekcije i skrivene troškove. Možemo da napravimo iskreno poređenje ako mi pošaljete konkurentnu ponudu ili sažetak onoga što plaćate danas.	
content	data/ugovori.json	ugovori:ugovori.0.kratek_odgovor	ugovori.0.kratek_odgovor	V primerjavi s čim? Če pogledamo samo postavko, je primerjava enostavna. Če pogledamo, koliko časa in tveganja vam to dejansko prinese, je drugačna zgodba. Predlagam, da pogledava skupaj.	U usporedbi s čime? Gledajući sam predmet, usporedba je laka. Druga je priča kada pogledate koliko vas to zapravo košta vremena i rizika. Predlažem da gledamo zajedno.	U poređenju sa čime? Gledajući samu stavku, poređenje je lako. Gledajući koliko vas to zapravo košta vremena i rizika je druga priča. Predlažem da gledamo zajedno.	
content	data/ugovori.json	ugovori:ugovori.0.opomba	ugovori.0.opomba	Ne padaj v past popusta brez razloga. Najprej razumi, kaj primerjajo.	Nemojte upasti u zamku popusta bez razloga. Prvo, shvatite što uspoređuju.	Nemojte upasti u zamku sniženja bez razloga. Prvo, shvatite šta oni upoređuju.	
content	data/ugovori.json	ugovori:ugovori.0.ugovor	ugovori.0.ugovor	Predragi ste.	Preskupi ste.	Preskupi ste.	
content	data/ugovori.json	ugovori:ugovori.1.dolgi_odgovor	ugovori.1.dolgi_odgovor	Razumem. Sodelovanje, ki dela, ima smisel ohraniti. Naša izkušnja pa je, da imajo večja podjetja pogosto pokrito eno področje, dve pa ne. Najpogostejše vrzeli, ki jih najdemo, so: EE-oprema in baterije (če podjetje uvaža izdelke s temi komponentami), regionalna izvedba (če prodajate v več državah), ESG poročanje za B2B kupce in pomoč pri spremembah zakonodaje, ki ni del osnovne sheme. Predlagam, da 30 minut pogledava skupaj — ne, da boste menjali partnerja, ampak da vidite, kje so vaše dejanske luknje. To je za vas brez obveznosti.	razumijem. Suradnju koja funkcionira ima smisla održavati. Naše je iskustvo, međutim, da veće tvrtke često pokrivaju jedno područje, a ne dva. Najčešći nedostaci koje nalazimo su: EE oprema i baterije (ako tvrtka uvozi proizvode s tim komponentama), regionalna implementacija (ako prodajete u nekoliko zemalja), ESG izvješćivanje za B2B kupce i pomoć kod zakonskih promjena koje nisu dio osnovne sheme. Predlažem da gledamo zajedno 30 minuta — ne da promijenimo partnere, već da vidimo gdje su vaše rupe. Ovo je za vas bez obaveze.	razumem. Saradnju koja funkcioniše ima smisla održavati. Naše iskustvo je, međutim, da veće kompanije često imaju jedno područje, a ne dva. Najčešći nedostaci koje nalazimo su: EE-oprema i baterije (ako kompanija uvozi proizvode sa ovim komponentama), regionalna implementacija (ako prodajete u nekoliko zemalja), ESG izveštavanje za B2B kupce i pomoć u zakonodavnim promenama koje nisu deo osnovne šeme. Predlažem da pogledamo zajedno 30 minuta — ne da bismo menjali partnera, već da bismo videli gde su vaše prave rupe. Ovo je bez obaveza za vas.	
content	data/ugovori.json	ugovori:ugovori.1.kratek_odgovor	ugovori.1.kratek_odgovor	Razumem. Ne predlagam, da jih zamenjate. Predlagam 30 minut pogovora, kjer pogledava, ali so vsi vaši vidiki res pokriti — embalaža, EE-oprema, baterije, poročanje, ESG, regijska prisotnost. Pogosto najdemo eno ali dve področji, kjer obstaja prostor.	razumijem. Ne predlažem njihovu zamjenu. Predlažem 30-minutni razgovor u kojem ćemo vidjeti jesu li stvarno pokriveni svi vaši aspekti — pakiranje, EE oprema, baterije, izvješćivanje, ESG, regionalna prisutnost. Često nalazimo jedno ili dva područja gdje ima prostora.	razumem. Ne predlažem da ih zamenite. Predlažem 30-minutni razgovor gde ćemo videti da li su svi vaši aspekti zaista pokriveni — pakovanje, EE-oprema, baterije, izveštavanje, ESG, regionalno prisustvo. Često nalazimo jednu ili dve oblasti gde ima prostora.	
content	data/ugovori.json	ugovori:ugovori.1.opomba	ugovori.1.opomba	Ne napadaj obstoječega dobavitelja. Išči, kar ne pokrivajo, in nudi to.	Ne napadajte postojećeg dobavljača. Potražite ono što oni ne pokrivaju i pružite to.	Ne napadajte postojećeg dobavljača. Potražite ono što ne pokrivaju i obezbedite to.	
content	data/ugovori.json	ugovori:ugovori.1.ugovor	ugovori.1.ugovor	To že imamo urejeno pri drugem ponudniku.	To smo već dogovorili s drugim ponuđačem.	Ovo smo već dogovorili sa drugim provajderom.	
content	data/ugovori.json	ugovori:ugovori.10.dolgi_odgovor	ugovori.10.dolgi_odgovor	Lokalni odnosi so dragoceni in jih ne morete graditi prek noči — to spoštujemo. Vendar pa lokalni ponudnik tipično pokriva en del: na primer odvoz odpadkov. Stvari, kjer pridemo pogosteje v poštev, so: zahtevnejše EPR sheme (EE-oprema, baterije), regionalna izvedba pri prodaji v več državah, podpora pri ESG poročanju in pravna razlaga zakonodaje. Pogosto delamo skupaj z lokalnimi izvajalci — naša vloga je strateška in poročevalska, njihova izvedbena. Pogovor je smiseln, če ste v eni od teh situacij.	Lokalni odnosi su vrijedni i ne možete ih izgraditi preko noći — mi to poštujemo. Međutim, lokalni dobavljač obično pokriva jedan dio: na primjer, odvoz otpada. Stvari koje češće dolaze u obzir su: zahtjevnije EPR sheme (EE-oprema, baterije), regionalna implementacija kod prodaje u više zemalja, podrška za ESG izvješćivanje i pravno tumačenje zakonodavstva. Često radimo zajedno s lokalnim izvođačima — naša je uloga strateška i izvješćivanje, a njihova provedba. Razgovor ima smisla ako se nalazite u jednoj od ovih situacija.	Lokalni odnosi su vredni i ne možete ih izgraditi preko noći — mi to poštujemo. Međutim, lokalni dobavljač obično pokriva jedan deo: na primer, sakupljanje otpada. Stvari koje se češće pojavljuju su: zahtevnije EPR šeme (EE-oprema, baterije), regionalna primena pri prodaji u nekoliko zemalja, podrška ESG izveštavanju i pravno tumačenje zakonodavstva. Često radimo zajedno sa lokalnim izvođačima — naša uloga je strateška i izveštavanje, njihova implementacija. Razgovor ima smisla ako se nalazite u jednoj od ovih situacija.	
content	data/ugovori.json	ugovori:ugovori.10.kategorija	ugovori.10.kategorija	lokalno			
content	data/ugovori.json	ugovori:ugovori.10.kratek_odgovor	ugovori.10.kratek_odgovor	To je vredno. Vprašanje pa je, ali vas lokalni ponudnik lahko pokrije, ko se širite ali ko vas kupec vpraša za ESG. Lahko sodelujemo z lokalnim partnerjem ali ga dopolnimo.	Vrijedi toga. Ali pitanje je može li vas lokalni pružatelj pokriti kada se proširite ili kada vas kupac pita za ESG. Možemo surađivati ​​ili nadopunjavati lokalnog partnera.	Vredi toga. Ali pitanje je da li vas lokalni provajder može pokriti kada se proširite ili kada vas kupac pita za ESG. Možemo da sarađujemo sa lokalnim partnerom ili da ga dopunimo.	
content	data/ugovori.json	ugovori:ugovori.10.ugovor	ugovori.10.ugovor	Imamo lokalnega ponudnika, ki nas pozna.	Imamo lokalnog dobavljača koji nas poznaje.	Imamo lokalnog provajdera koji nas poznaje.	
content	data/ugovori.json	ugovori:ugovori.11.dolgi_odgovor	ugovori.11.dolgi_odgovor	Razumem, časovni okvir je vedno omejen. Ena majhna stvar, ki vam morda pomaga: EPR obveznosti za to leto zapadajo v poročanje na začetku naslednjega leta — torej karkoli, kar zdaj odložite, postane bolj boleče, ne lažje. Predlagam vmesni korak. Da ne izgubljate časa zdaj: brezplačno vam pripravim oceno, koliko bi pri vašem profilu znašala letna EPR obveznost. Vi to spravite v predal in se odločite, ko vam ustreza. Ko bo trenutek pravi, imate izhodišče in ne začnete od nič.	Razumijem, vremenski okvir je uvijek ograničen. Jedna mala stvar koja bi mogla pomoći: EPR obveze za ovu godinu trebale bi biti objavljene početkom sljedeće godine — tako da sve što sada odgađate postaje bolnije, a ne lakše. Predlažem međukorak. Da ne gubite vrijeme sada: pripremit ću besplatnu procjenu kolika bi bila godišnja EPR obveza za vaš profil. Staviš ga u ladicu i odlučiš kad ti odgovara. Kad je pravi trenutak, imate početnu točku i ne krećete od nule.	Razumem, vremenski okvir je uvek ograničen. Jedna mala stvar koja bi mogla pomoći: obaveze EPR-a za ovu godinu treba da budu prijavljene početkom sledeće godine — tako da sve što sada odložite postaje bolnije, a ne lakše. Predlažem srednji korak. Da sada ne gubite vreme: pripremiću besplatnu procenu kolika bi bila godišnja EPR obaveza za vaš profil. Stavite ga u fioku i odlučite kada vam odgovara. Kada je pravi trenutak, imate početnu tačku i ne počinjete od nule.	
content	data/ugovori.json	ugovori:ugovori.11.kategorija	ugovori.11.kategorija	casovni			
content	data/ugovori.json	ugovori:ugovori.11.kratek_odgovor	ugovori.11.kratek_odgovor	V redu, ampak EPR obveznosti tečejo neodvisno od vaše časovne pripravljenosti. Predlagam, da že zdaj pripraviva osnutek, da boste, ko se odločite, lahko hitro startali.	U redu, ali EPR obveze vrijede neovisno o vašoj dostupnosti vremena. Predlažem da sada pripremimo nacrt, pa kad odlučite, možete brzo krenuti.	U redu, ali EPR obaveze se odvijaju nezavisno od vašeg raspoloživog vremena. Predlažem da sada pripremimo nacrt, pa kad se odlučite, možete brzo da počnete.	
content	data/ugovori.json	ugovori:ugovori.11.opomba	ugovori.11.opomba	Drži stranko 'topel', ne pritiskaj, prevzemi minimalen korak.	Držite klijenta 'toplim', nemojte gurati, napravite minimalni korak.	Održavajte klijenta 'toplim', ne gurajte ga, napravite minimalan korak.	
content	data/ugovori.json	ugovori:ugovori.11.ugovor	ugovori.11.ugovor	To bi morda urejali drugo leto.	Ovo bi se moglo srediti druge godine.	Ovo bi se moglo dogovoriti još godinu dana.	
content	data/ugovori.json	ugovori:ugovori.12.dolgi_odgovor	ugovori.12.dolgi_odgovor	To je pošten ugovor in dobra novica obenem. Najslabši scenarij je, da se za zamenjavo odločate pod časovnim pritiskom v zadnjem mesecu pogodbe. Predlagam pristop, ki nam koristi obema: v naslednjih 60 dneh skupaj pregledava vašo trenutno situacijo, identificirava, kaj deluje in kje so vrzeli. Če bo smiselno nadaljevati z obstoječim ponudnikom — super, imeli boste pripravljene argumente za podaljšanje. Če bo smiselna sprememba — imeli boste 6 mesecev za miren prehod, ne 6 tednov.	Ovo je opravdan prigovor i dobra vijest u isto vrijeme. Najgori mogući scenarij je da se odlučite promijeniti pod vremenskim pritiskom u zadnjem mjesecu ugovora. Predlažem pristup u kojem svi pobjeđuju: tijekom sljedećih 60 dana zajedno pregledavamo vašu trenutnu situaciju, utvrđujemo što funkcionira i gdje su nedostaci. Ako ima smisla nastaviti s postojećim pružateljem — super, imat ćete spremne argumente za proširenje. Ako dođe do značajne promjene — imat ćete 6 mjeseci za miran prijelaz, a ne 6 tjedana.	Ovo je fer prigovor i dobra vest u isto vreme. Najgori scenario je da odlučite da promenite vreme pod pritiskom u poslednjem mesecu ugovora. Predlažem pristup od koga svi dobijaju: Tokom narednih 60 dana, zajedno ćemo pregledati vašu trenutnu situaciju, identifikovati šta funkcioniše i gde su praznine. Ako ima smisla nastaviti sa postojećim provajderom — odlično, imaćete spremne argumente za proširenje. Ako dođe do značajne promene — imaćete 6 meseci za mirnu tranziciju, a ne 6 nedelja.	
content	data/ugovori.json	ugovori:ugovori.12.kategorija	ugovori.12.kategorija	pogodba			
content	data/ugovori.json	ugovori:ugovori.12.kratek_odgovor	ugovori.12.kratek_odgovor	Razumem. To je pravzaprav idealen trenutek za pogovor — imate čas, da v miru ocenite alternative, brez pritiska. Predlagam, da v naslednjih 3 mesecih pripraviva analizo, da ob koncu pogodbe veste, kaj je za vas najbolj smiselno.	razumijem. Ovo je zapravo idealan trenutak za razgovor - imate vremena mirno procijeniti alternative, bez pritiska. Predlažem da u naredna 3 mjeseca napravimo analizu, kako bi na kraju ugovora znali što vam je najsmislenije.	razumem. Ovo je zapravo idealan trenutak za razgovor — imate vremena da mirno procenite alternative, bez pritiska. Predlažem da u naredna 3 meseca pripremimo analizu, kako biste na kraju ugovora znali šta za vas ima najviše smisla.	
content	data/ugovori.json	ugovori:ugovori.12.opomba	ugovori.12.opomba	Pogodbeni rok ni razlog za 'ne', je razlog za 'začniva zdaj'.	Ugovorni rok nije razlog za 'ne', to je razlog za 'počnimo sada'.	Ugovorni rok nije razlog za 'ne', to je razlog za 'ajde da počnemo odmah'.	
content	data/ugovori.json	ugovori:ugovori.12.ugovor	ugovori.12.ugovor	Z obstoječim ponudnikom imamo pogodbo do konca leta.	S postojećim pružateljem imamo ugovor do kraja godine.	Sa postojećim provajderom imamo ugovor do kraja godine.	
content	data/ugovori.json	ugovori:ugovori.13.dolgi_odgovor	ugovori.13.dolgi_odgovor	Skrb je upravičena — videl sem že primere, kjer je nepravilna izvedba prehoda povzročila zamude pri poročanju ali izgubo dokumentacije. Zato imamo standardiziran proces: prvi mesec dokumentiramo trenutno stanje in pripravljamo vse, da vse poteka vzporedno z obstoječim sistemom. Drugi mesec teče paralelni sistem — torej obstoječi in naš hkrati. Šele ko je vse stabilno, izklopimo obstoječi. V tem času je vaša operativa nemotena. Lahko vam pošljem primer našega standardnega prehodnega načrta.	Zabrinutost je opravdana — vidio sam slučajeve u kojima je neispravno izvođenje prijelaza rezultiralo kašnjenjem u izvješćivanju ili gubitkom dokumentacije. Zato imamo standardizirani proces: prvih mjesec dana dokumentiramo trenutno stanje i sve pripremimo da sve ide paralelno s postojećim sustavom. Već drugi mjesec radi paralelni sustav — dakle postojeći i naš sustav u isto vrijeme. Tek kada je sve stabilno, gasimo postojeće. Za to vrijeme vaš rad je neprekinut. Mogu vam poslati primjer našeg standardnog plana prijelaza.	Zabrinutost je opravdana — video sam slučajeve u kojima je nepropisno izvođenje tranzicije dovelo do kašnjenja u prijavljivanju ili gubitka dokumentacije. Zato imamo standardizovan proces: prvi mesec dokumentujemo trenutno stanje i sve pripremamo da sve ide paralelno sa postojećim sistemom. Već drugi mesec radi paralelni sistem — odnosno postojeći sistem i naš u isto vreme. Tek kada je sve stabilno, gasimo postojeći. Tokom ovog vremena, vaša operacija je neprekidna. Mogu vam poslati primer našeg standardnog plana tranzicije.	
content	data/ugovori.json	ugovori:ugovori.13.kratek_odgovor	ugovori.13.kratek_odgovor	Razumem, to je legitimna skrb. Naš prehodni proces je standardiziran — paralelno tečemo z obstoječim ponudnikom 1-2 meseca, dokler ni vse pripravljeno. Stranka v tem času ne čuti razlike.	Shvaćam, to je opravdana zabrinutost. Naš proces tranzicije je standardiziran — radimo paralelno s postojećim pružateljem 1-2 mjeseca dok sve ne bude spremno. Kupac za to vrijeme ne osjeća razliku.	Shvatam, to je legitimna briga. Naš proces tranzicije je standardizovan — radimo paralelno sa postojećim provajderom 1-2 meseca dok sve ne bude spremno. Kupac ne oseća razliku tokom ovog vremena.	
content	data/ugovori.json	ugovori:ugovori.13.opomba	ugovori.13.opomba	Tveganje prehoda je realno — pokaži, da imaš odgovor, ne minimaliziraj.	Rizik prijelaza je stvaran — pokažite da imate odgovor, nemojte ga umanjiti.	Rizik tranzicije je stvaran — pokažite da imate odgovor, nemojte ga umanjiti.	
content	data/ugovori.json	ugovori:ugovori.13.ugovor	ugovori.13.ugovor	Bojim se, da bo prehod prinesel motnje v naše procese.	Bojim se da će tranzicija dovesti do poremećaja u našim procesima.	Bojim se da će tranzicija dovesti do poremećaja u našim procesima.	
content	data/ugovori.json	ugovori:ugovori.14.dolgi_odgovor	ugovori.14.dolgi_odgovor	Hvala, da ste to izpostavili — to je dobro vprašanje in moja napaka, če nisem bil dovolj jasen. Naša rešitev ni univerzalna — pri nekaterih podjetjih ne bi naredila razlike. Predlagam, da pregledava tri specifične stvari: prvič, ali ste zavezanec za katero EPR shemo (embalaža, EE, baterije). Drugič, koliko časa interno porabite za poročanje in dokumentacijo. Tretjič, kakšne so zahteve vaših kupcev ali bank glede trajnosti. Če nobena od teh treh stvari ni za vas relevantna, vam bom iskreno povedal, da Interzero ni prava izbira. Brez pritiska.	Hvala što ste ovo spomenuli — to je dobro pitanje i ja sam kriv što nisam bio dovoljno jasan. Naše rješenje nije univerzalno — za neke tvrtke ne bi bilo ništa. Predlažem da provjerimo tri konkretne stvari: prvo, jeste li odgovorni za bilo koji EPR program (pakiranje, EE, baterije). Drugo, koliko vremena trošite interno na izvješćivanje i dokumentaciju. Treće, koji su zahtjevi održivosti vaših klijenata ili banaka. Ako vam nijedna od ove tri stvari nije relevantna, iskreno ću vam reći da Interzero nije pravi izbor. Bez pritiska.	Hvala što ste ovo spomenuli — to je dobro pitanje i moja greška što nisam bio dovoljno jasan. Naše rešenje nije univerzalno — za neke kompanije ne bi napravilo razliku. Predlažem da proverimo tri konkretne stvari: prvo, da li ste odgovorni za bilo koju EPR šemu (pakovanje, EE, baterije). Drugo, koliko vremena provodite interno na izveštavanje i dokumentaciju. Treće, koji su zahtevi za održivost vaših klijenata ili banaka. Ako vam nijedna od ove tri stvari nije relevantna, iskreno ću vam reći da Interzero nije pravi izbor. Bez pritiska.	
content	data/ugovori.json	ugovori:ugovori.14.kratek_odgovor	ugovori.14.kratek_odgovor	Pošteno vprašanje. To pomeni, da nisem dobro razumel vaše situacije. Lahko mi v 5 minutah razložite, kako pri vas trenutno deluje? Potem vam povem, ali bi vam Interzero res koristil ali ne.	Pošteno pitanje. Znači da nisam dobro razumio tvoju situaciju. Možete li mi objasniti u 5 minuta kako vam to trenutno funkcionira? Tada ću vam reći hoće li vam Interzero doista koristiti ili ne.	Pošteno pitanje. To znači da nisam dobro razumeo vašu situaciju. Možete li mi objasniti za 5 minuta kako vam trenutno radi? Onda ću vam reći da li bi vam Interzero zaista koristio ili ne.	
content	data/ugovori.json	ugovori:ugovori.14.opomba	ugovori.14.opomba	Stranka, ki tega ne razume, je morda zares neprimerna — ali pa premalo informirana. Razlikuj.	Klijent koji to ne razumije može biti doista neprikladan — ili jednostavno neinformiran. Razlikovati.	Klijent koji ovo ne razume može biti zaista neprikladan - ili jednostavno neinformisan. Razlikovati.	
content	data/ugovori.json	ugovori:ugovori.14.ugovor	ugovori.14.ugovor	Ne razumem, zakaj bi sploh potreboval to.	Ne vidim zašto bi mi ovo uopće trebalo.	Ne vidim zašto bi mi ovo uopšte trebalo.	
content	data/ugovori.json	ugovori:ugovori.15.dolgi_odgovor	ugovori.15.dolgi_odgovor	Razumem, pogodbe so včasih nadležne. Vendar za EPR storitve pisna pogodba ni samo formalnost — je dokument, ki dokazuje vašo skladnost ob morebitni inšpekciji. Brez nje bi inšpektor lahko trdil, da niste izpolnili obveznosti, čeprav ste plačali. Naša standardna pogodba je 2 strani, brez 'pravniške navlake' — povzetek, kaj delamo mi, kaj vi, cena, trajanje. Lahko jo pogledava skupaj.	Shvaćam, ugovori su ponekad iritantni. Međutim, za EPR usluge, pisani ugovor je više od puke formalnosti — to je dokument koji dokazuje vašu usklađenost u slučaju inspekcije. Bez njega bi vam inspektor mogao tvrditi da niste izvršili svoje obveze, iako ste platili. Naš standardni ugovor sastoji se od 2 stranice, bez 'pravnih naslovnica' — sažetak onoga što mi radimo, što vi radite, cijena, trajanje. Možemo to gledati zajedno.	Shvatam, ugovori su ponekad dosadni. Međutim, za EPR usluge, pisani ugovor je više od formalnosti — to je dokument koji dokazuje da ste usklađeni u slučaju inspekcije. Bez toga bi inspektor mogao da tvrdi da niste izvršili svoje obaveze, iako ste platili. Naš standardni ugovor je 2 stranice, bez 'legalne korice' — rezime onoga što radimo, čime se bavite, cene, trajanja. Možemo ga gledati zajedno.	
content	data/ugovori.json	ugovori:ugovori.15.kategorija	ugovori.15.kategorija	ddv			
content	data/ugovori.json	ugovori:ugovori.15.kratek_odgovor	ugovori.15.kratek_odgovor	Razumem željo po preprostosti. Vendar EPR storitve so pogodbene — zaradi vaše varnosti in zakonske skladnosti potrebujemo pisno pogodbo. Lahko jo skrajšamo na 2 strani, brez nepotrebne pravniške navlake.	Razumijem želju za jednostavnošću. Međutim, EPR usluge su ugovorne — radi vaše sigurnosti i usklađenosti sa zakonima, potreban nam je pismeni ugovor. Možemo ga skratiti na 2 stranice, bez nepotrebnih pravnih zahvata.	Razumem želju za jednostavnošću. Međutim, usluge EPR-a su ugovorne — za vašu sigurnost i zakonsku usklađenost, potreban nam je pismeni ugovor. Možemo ga skratiti na 2 stranice, bez nepotrebnog pravljenja.	
content	data/ugovori.json	ugovori:ugovori.15.opomba	ugovori.15.opomba	Pogodba ščiti tudi stranko, ne samo nas. Razlagati moramo zakaj.	Ugovor također štiti kupca, a ne samo nas. Moramo objasniti zašto.	Ugovor takođe štiti kupca, a ne samo nas. Moramo objasniti zašto.	
content	data/ugovori.json	ugovori:ugovori.15.ugovor	ugovori.15.ugovor	Ne potrebujemo dodatne pogodbe, samo izstavite račun.	Ne trebamo dodatni ugovor, samo izdavanje računa.	Ne treba nam dodatni ugovor, samo izdajte račun.	
content	data/ugovori.json	ugovori:ugovori.16.dolgi_odgovor	ugovori.16.dolgi_odgovor	Razumem lastnikov pristop — pri manjših podjetjih je to pogosta drža in pravzaprav razumna. Dve pomembni stvari: prvič, EPR obveznosti niso 'naša' obveznost, ampak zakonska. Lastnik jih nosi tako ali tako, ne glede na to, ali ima zunanjega partnerja ali ne. Drugič, lahko storitev začnemo z eno-letno pogodbo z avtomatskim podaljšanjem — tako da lastnik vidi vrednost in se sam odloči, ali nadaljevati. Brez 'zaklenjenosti' za 3-5 let. Bi vam ustrezalo, če pripravim tako verzijo?	Razumijem pristup vlasnika — to je uobičajen stav u manjim tvrtkama i zapravo je razuman. Dvije važne stvari: prvo, EPR obveze nisu 'naša' obveza, već zakonska. Vlasnik ih ionako nosi, bez obzira na to ima li vanjskog partnera ili ne. Drugo, uslugu možemo započeti s jednogodišnjim ugovorom s automatskim obnavljanjem — tako da vlasnik vidi vrijednost i sam odlučuje hoće li nastaviti. Nema 'zaključavanja' 3-5 godina. Bi li vam odgovaralo da pripremim takvu verziju?	Razumem pristup vlasnika — ovo je uobičajen stav u manjim preduzećima, i zapravo razuman. Dve važne stvari: prvo, obaveze EPR-a nisu 'naša' obaveza, već zakonska obaveza. Vlasnik ih nosi na bilo koji način, bez obzira da li ima spoljnog partnera ili ne. Drugo, možemo započeti uslugu sa jednogodišnjim ugovorom sa automatskim obnavljanjem — tako da vlasnik vidi vrednost i sam odlučuje da li će nastaviti. Bez 'zaključavanja' 3-5 godina. Da li bi vam odgovaralo da pripremim takvu verziju?	
content	data/ugovori.json	ugovori:ugovori.16.kategorija	ugovori.16.kategorija	lastnik			
content	data/ugovori.json	ugovori:ugovori.16.kratek_odgovor	ugovori.16.kratek_odgovor	To je razumljivo. EPR obveznosti so po zakonu, ne po naši pogodbi — torej lastnik jih ima ne glede na to, ali nas najame. Mi mu samo zmanjšamo tveganje in čas. Lahko pogodbo postavimo na 1 leto z avtomatskim podaljšanjem, da nima občutka 'zaklenjenosti'.	Ovo je razumljivo. EPR obveze su po zakonu, a ne po našem ugovoru — tako da ih vlasnik ima bez obzira na to je li nas angažirao. Mi samo smanjujemo njegov rizik i vrijeme. Ugovor možemo postaviti na 1 godinu s automatskim obnavljanjem kako se ne bi osjećao 'zaključanim'.	Ovo je razumljivo. Obaveze EPR-a su po zakonu, a ne po našem ugovoru — tako da ih vlasnik ima bez obzira da li nas angažuje. Mi samo smanjujemo njegov rizik i vreme. Možemo podesiti ugovor na godinu dana sa automatskim obnavljanjem tako da se ne oseća „zaključano“.	
content	data/ugovori.json	ugovori:ugovori.16.opomba	ugovori.16.opomba	Lastniki manjših podjetij potrebujejo občutek kontrole. Daj jim ga z izhodno klavzulo.	Vlasnici malih tvrtki trebaju osjećaj kontrole. Dajte im uz izlaznu klauzulu.	Vlasnicima malih preduzeća je potreban osećaj kontrole. Dajte im to sa izlaznom klauzulom.	
content	data/ugovori.json	ugovori:ugovori.16.ugovor	ugovori.16.ugovor	Lastnik podjetja ne mara dolgoročnih obveznosti.	Vlasnik tvrtke ne voli dugoročne obveze.	Vlasnik preduzeća ne voli dugoročne obaveze.	
content	data/ugovori.json	ugovori:ugovori.17.dolgi_odgovor	ugovori.17.dolgi_odgovor	Hvala, da ste to izpostavili — to je najboljši način, da se rešimo nesporazumov. Lahko mi poveste, kaj točno ste slišali in od kogar? Razumel bom dva tipa odgovorov: če je šlo za nesporazum ali konkretno težavo pri eni stranki — povedal bom, kaj smo se naučili in kako preprečujemo ponovitev. Če gre za splošen vtis brez konkretnega vira — predlagam, da kontaktirate 2-3 naših obstoječih strank, ki vam povejo iz prve roke. Imamo dovolj zadovoljnih strank, da vam jih navedemo.	Hvala što ste nam ukazali na ovo — to je najbolji način da se razjasne svi nesporazumi. Možete li mi točno reći što ste čuli i od koga? Razumjet ću dvije vrste odgovora: ako se radilo o nesporazumu ili konkretnom problemu s jednim klijentom — reći ću što smo naučili i kako spriječiti da se to ponovi. Ako je to opći dojam bez konkretnog izvora — predlažem da kontaktirate 2-3 naša postojeća kupca koji će vam to reći iz prve ruke. Imamo dovoljno zadovoljnih kupaca da vam ih nabrojimo.	Hvala vam što ste ovo istakli — to je najbolji način da razjasnite sve nesporazume. Možete li mi reći šta ste tačno čuli i od koga? Razumeću dve vrste odgovora: ako je u pitanju bio nesporazum ili konkretan problem sa jednim klijentom — reći ću šta smo naučili i kako sprečimo da se to ponovi. Ako je to opšti utisak bez konkretnog izvora — predlažem da kontaktirate 2-3 naša postojeća kupca koji će vam reći iz prve ruke. Imamo dovoljno zadovoljnih kupaca da ih navedemo za vas.	
content	data/ugovori.json	ugovori:ugovori.17.kratek_odgovor	ugovori.17.kratek_odgovor	Hvala, da ste to neposredno povedali — bolj kot da bi se s tem ukvarjali za hrbtom. Lahko mi poveste, kaj točno ste slišali? Da vam pošteno odgovorim.	Hvala što ste to rekli izravno - umjesto da pričate o tome iza mojih leđa. Možete li mi točno reći što ste čuli? Da ti iskreno odgovorim.	Hvala što ste to rekli direktno - umesto da pričate o tome iza mojih leđa. Možete li mi reći šta ste tačno čuli? Da vam dam iskren odgovor.	
content	data/ugovori.json	ugovori:ugovori.17.opomba	ugovori.17.opomba	Ne brani se. Pridobi konkretno informacijo, potem se odzovi konkretno.	Nemoj se braniti. Dobijte konkretne informacije, a zatim konkretno odgovorite.	Nemojte se braniti. Dobijte konkretne informacije, a zatim odgovorite konkretno.	
content	data/ugovori.json	ugovori:ugovori.17.ugovor	ugovori.17.ugovor	Slišali smo, da imate težave s kakovostjo storitve.	Čuli smo da imate problema s kvalitetom usluge.	Čuli smo da imate problema sa kvalitetom usluge.	
content	data/ugovori.json	ugovori:ugovori.18.dolgi_odgovor	ugovori.18.dolgi_odgovor	Razumem ta pristop in deloma drži — PPWR ali CSRD direktno ne zadeva manjših podjetij. Vendar ima učinek 'verige': vaši veliki B2B kupci morajo poročati Scope 3 emisije, kar pomeni, da bodo zahtevali podatke od dobaviteljev. Lansko leto smo imeli 7 strank, ki so prišle z 'nujno potrebujemo to do meseca, ker so nam to zahtevali iz [velika veriga / banka / EU kupec]'. V naglici so morali plačati več, kot če bi začeli z mirnim tempom 6 mesecev prej. Predlagam, da pripraviva osnovno strukturo zdaj, ko ni pritiska. Ko vas vprašajo, imate odgovor pripravljen.	Razumijem ovaj pristup i djelomično je točan — PPWR ili CSRD ne tiču ​​se izravno manjih tvrtki. Međutim, to ima 'lančani' učinak: vaši veliki B2B kupci moraju prijaviti emisije Scope 3, što znači da će tražiti podatke od dobavljača. Prošle godine smo imali 7 kupaca koji su došli s 'hitno nam treba ovo do mjeseca jer su nam to tražili od [velikog lanca / banke / kupca iz EU]'. Morali su platiti više u žurbi nego da su počeli laganim tempom 6 mjeseci ranije. Predlažem da pripremimo osnovnu strukturu sada kada je pritisak smanjen. Kad te pitaju, imaš spreman odgovor.	Razumem ovaj pristup i delimično je tačno — PPVR ili CSRD se ne tiču direktno manjih kompanija. Međutim, to ima efekat 'lanca': vaši veliki B2B kupci moraju prijaviti emisije Scope 3, što znači da će tražiti podatke od dobavljača. Prošle godine smo imali 7 klijenata koji su došli sa 'ovo nam hitno treba do meseca, jer su nam to tražili od [velikog lanca / banke / klijenta iz EU]'. Morali su da plate više u žurbi nego da su počeli ležernim tempom 6 meseci ranije. Predlažem da pripremimo osnovnu strukturu sada kada je pritisak isključen. Kada vas pitaju, imate spreman odgovor.	
content	data/ugovori.json	ugovori:ugovori.18.kratek_odgovor	ugovori.18.kratek_odgovor	Razumem, vendar verjetno vaše kupce zadeva — in oni bodo to prenesli na vas. To je naša izkušnja že iz lanskega leta.	Razumijem, ali vjerojatno su vaši klijenti zabrinuti — i oni će to prenijeti vama. To je naše iskustvo od prošle godine.	Razumem, ali je verovatno da su vaši klijenti zabrinuti — i oni će to preneti na vas. Ovo je naše iskustvo od prošle godine.	
content	data/ugovori.json	ugovori:ugovori.18.opomba	ugovori.18.opomba	Regulativa pride v podjetje skozi kupce, ne skozi inšpekcije. To je glavni argument.	Propisi u tvrtku dolaze preko kupaca, a ne kroz inspekcije. Ovo je glavni argument.	Regulacija dolazi u kompaniju preko kupaca, a ne kroz inspekcije. Ovo je glavni argument.	
content	data/ugovori.json	ugovori:ugovori.18.ugovor	ugovori.18.ugovor	PPWR / CSRD / nova regulativa nas ne zadeva, premajhni smo.	PPWR / CSRD / novi propisi nas se ne tiču, premali smo.	PPVR / CSRD / nova regulativa nas se ne tiče, premali smo.	
content	data/ugovori.json	ugovori:ugovori.19.dolgi_odgovor	ugovori.19.dolgi_odgovor	Hvala, da ste to neposredno povedali. Konkurenčne izgube so del posla — še vedno smo izgubili kupca ali dva, predvsem kjer je bila cena edini kriterij in smo se odločili, da v 'cenovno vojno' ne gremo. Kar je za vas pomembna informacija: naša povprečna doba sodelovanja s strankami je [konkretna številka], odstotek strank, ki nadaljujejo več kot 5 let, je [konkretna številka]. Razlog je, ker ne prodajamo najnižje cene — prodajamo zaupanje in dolgoročno mirno spanje. Bi vas zanimalo, da se pogovorite z eno od naših obstoječih strank brez naše prisotnosti?	Hvala što si to rekao izravno. Konkurentski gubici dio su posla — svejedno smo izgubili kupca ili dva, posebno tamo gdje je cijena bila jedini kriterij i odlučili smo ne ulaziti u 'rat cijenama'. Što je za vas važna informacija: Naše prosječno razdoblje angažmana kupca je [određeni broj], postotak kupaca koji nastavljaju više od 5 godina je [određeni broj]. Razlog je što ne prodajemo najnižu cijenu — prodajemo povjerenje i dugotrajan miran san. Biste li bili zainteresirani za razgovor s nekim od naših postojećih kupaca bez naše prisutnosti?	Hvala što ste to rekli direktno. Gubici konkurencije su deo posla — ipak smo izgubili kupca ili dva, posebno tamo gde je cena bila jedini kriterijum i odlučili smo da ne ulazimo u „rat cena“. Šta je važna informacija za vas: Naš prosečan period angažovanja klijenata je [određeni broj], procenat klijenata koji nastavljaju dalje duže od 5 godina je [određeni broj]. Razlog je što ne prodajemo najnižu cenu — mi prodajemo poverenje i dugotrajan miran san. Da li biste bili zainteresovani da razgovarate sa nekim od naših postojećih klijenata bez našeg prisustva?	
content	data/ugovori.json	ugovori:ugovori.19.kategorija	ugovori.19.kategorija	izgubljen-posel			
content	data/ugovori.json	ugovori:ugovori.19.kratek_odgovor	ugovori.19.kratek_odgovor	Hvala za to. Vsaka konkurenčna izguba se zgodi — in iskreno, vsako je za nas priložnost za učenje. Kar pa je za vas pomembno: 95 % naših strank z nami ostaja več kot 5 let. Bi vas zanimal stik s katero?	Hvala na tome. Svaki poraz u natjecanju se događa — i iskreno, svaki je za nas prilika za učenje. Ono što je važno za vas: 95% naših kupaca ostaje s nama više od 5 godina. Biste li bili zainteresirani kontaktirati nekog od njih?	Hvala na tome. Svaki takmičarski gubitak se desi — i iskreno, svaki je prilika za učenje za nas. Ono što je za vas važno: 95% naših kupaca ostaje kod nas više od 5 godina. Da li biste bili zainteresovani da kontaktirate nekog od njih?	
content	data/ugovori.json	ugovori:ugovori.19.opomba	ugovori.19.opomba	Konkurenčne izgube niso katastrofa — so del posla. Glavna metrika je retention, ne win rate.	Konkurentski gubici nisu katastrofa - oni su dio poslovanja. Glavna metrika je zadržavanje, a ne stopa pobjede.	Gubici konkurencije nisu katastrofa – oni su deo posla. Glavni pokazatelj je zadržavanje, a ne dobit.	
content	data/ugovori.json	ugovori:ugovori.19.ugovor	ugovori.19.ugovor	Slišali smo, da ste izgubili tega in tega velikega kupca.	Čuli smo da ste izgubili tog i tog velikog kupca.	Čuli smo da ste izgubili tog i tog velikog kupca.	
content	data/ugovori.json	ugovori:ugovori.2.dolgi_odgovor	ugovori.2.dolgi_odgovor	To je dobro slišati — pomeni, da imate doma znanje, kar je redko. Dve vprašanji vam pomagata oceniti, ali je to dovolj. Prvič: koliko časa na teden vaša HSE ekipa porabi za EPR in odpadke v primerjavi s ostalimi nalogami? Drugič: če ta oseba odide ali je bolna, kdo prevzame? Pri večini podjetij interno znanje obstaja, ampak je odvisno od enega ali dveh ljudi. Naša vloga ni, da nadomestimo vašo HSE ekipo — temveč da poskrbimo za stvari, ki so rutinske in dolgotrajne, da se vaša ekipa lahko ukvarja z zahtevnejšimi odločitvami.	To je dobro čuti — znači da kod kuće imate znanje, što je rijetkost. Dva pitanja vam pomažu da procijenite je li to dovoljno. Prvo: koliko vremena tjedno vaš HSE tim troši na EPR i otpad u usporedbi s drugim zadacima? Drugo: ako ta osoba ode ili je bolesna, tko preuzima? U većini tvrtki interno znanje postoji, ali ono ovisi o jednoj ili dvije osobe. Naša uloga nije zamijeniti vaš HSE tim — nego voditi brigu o stvarima koje su rutinske i dugotrajne kako bi se vaš tim mogao nositi s izazovnijim odlukama.	To je dobro čuti — znači da imate znanje kod kuće, što je retko. Dva pitanja vam pomažu da procenite da li je ovo dovoljno. Prvo: koliko vremena nedeljno vaš HSE tim troši na EPR i otpad u poređenju sa drugim zadacima? Drugo: ako ta osoba ode ili je bolesna, ko preuzima? U većini kompanija interno znanje postoji, ali zavisi od jedne ili dve osobe. Naša uloga nije da zamenimo vaš HSE tim — već da vodimo računa o stvarima koje su rutinske i koje oduzimaju vreme kako bi vaš tim mogao da se nosi sa izazovnijim odlukama.	
content	data/ugovori.json	ugovori:ugovori.2.kategorija	ugovori.2.kategorija	interna-ekipa			
content	data/ugovori.json	ugovori:ugovori.2.kratek_odgovor	ugovori.2.kratek_odgovor	Odlično, da imate interno znanje. Vprašanje je, ali je to njihova primarna vloga ali eno od desetih področij, ki jih pokrivajo. Druga zgodba je, kaj se zgodi, če ta oseba ni na voljo en mesec.	Super što imaš unutarnje znanje. Pitanje je je li to njihova primarna uloga ili jedno od deset područja koja pokrivaju. Što ako ta osoba nije dostupna mjesec dana, druga je priča.	Odlično što imate unutrašnje znanje. Pitanje je da li je to njihova primarna uloga ili jedna od deset oblasti koje pokrivaju. Šta se dešava ako ta osoba bude nedostupna mesec dana, to je druga priča.	
content	data/ugovori.json	ugovori:ugovori.2.opomba	ugovori.2.opomba	Pohvali interno znanje, izpostavi tveganje koncentracije.	Hvali unutarnje znanje, ističe rizik koncentracije.	Hvali unutrašnje znanje, naglašava rizik od koncentracije.	
content	data/ugovori.json	ugovori:ugovori.2.ugovor	ugovori.2.ugovor	To imamo interno urejeno. Naša HSE ekipa to dela.	To smo interno dogovorili. Naš HSE tim to radi.	Ovo smo interno dogovorili. Naš HSE tim to radi.	
content	data/ugovori.json	ugovori:ugovori.20.dolgi_odgovor	ugovori.20.dolgi_odgovor	Pošteno vprašanje. Naj povem, v čem se RAZLIKUJEMO, ker 'boljši' ni nujno pravi izraz. Prvič, pokrivamo celoten EPR ekosistem — embalaža, EE-oprema, baterije, svetovanje — pri enem partnerju. Drugič, smo regionalni: če prodajate v Sloveniji, na Hrvaškem in v Srbiji, imate eno pogodbo, en kontakt. Tretjič, smo svetovalec ne samo izvajalec — pri spremembah zakonodaje vas opozorimo vnaprej. Drugi ponudniki imajo druge prednosti — Slopak je največji, lokalni zbiralci imajo cenovno prednost. Kaj je za vas najpomembnejše?	Pošteno pitanje. Dopustite mi da vam kažem po čemu SMO RAZLIČITI jer 'bolji' nije nužno pravi izraz. Prvo, pokrivamo cijeli EPR ekosustav — pakiranje, EE-oprema, baterije, savjetovanje — s jednim partnerom. Drugo, regionalni smo: ako prodajete u Sloveniji, Hrvatskoj i Srbiji, imate jedan ugovor, jedan kontakt. Treće, mi smo konzultant, a ne samo izvođač — unaprijed vas upozoravamo na promjene u zakonodavstvu. Ostali dobavljači imaju druge prednosti — Slopak je najveći, domaći sakupljači imaju prednost u cijeni. Što vam je najvažnije?	Pošteno pitanje. Dozvolite mi da vam kažem po čemu SMO RAZLIČITI jer 'bolji' nije nužno pravi termin. Prvo, pokrivamo ceo EPR ekosistem — pakovanje, EE-opremu, baterije, konsalting — sa jednim partnerom. Drugo, mi smo regionalni: ako prodajete u Sloveniji, Hrvatskoj i Srbiji, imate jedan ugovor, jedan kontakt. Treće, mi smo konsultant, a ne samo izvođač radova — unapred vas upozoravamo na promene u zakonodavstvu. Drugi provajderi imaju druge prednosti — Slopak je najveći, lokalni sakupljači imaju prednost u ceni. Šta vam je najvažnije?	
content	data/ugovori.json	ugovori:ugovori.20.kratek_odgovor	ugovori.20.kratek_odgovor	Ne bi rekel 'boljši' — drugačni. Tri ključne razlike: pokrivamo več tokov hkrati (embalaža + EE + baterije + svetovanje), regionalna mreža v SI/HR/RS, in svetovalni del — ne samo izvajamo, tudi pomagamo razumeti. Kaj je za vas najpomembnejše?	Ne bih rekao 'bolje' - drugačije. Tri ključne razlike: pokrivamo nekoliko tokova istovremeno (ambalaža + EE + baterije + savjetovanje), regionalna mreža u SI/HR/RS, i savjetodavni dio — ne samo da implementiramo, već i pomažemo razumjeti. Što vam je najvažnije?	Ne bih rekao 'bolje' — drugačije. Tri ključne razlike: pokrivamo nekoliko tokova istovremeno (pakovanje + EE + baterije + konsalting), regionalnu mrežu u SI/HR/RS i konsultantski deo — ne samo da implementiramo, već i pomažemo u razumevanju. Šta vam je najvažnije?	
content	data/ugovori.json	ugovori:ugovori.20.opomba	ugovori.20.opomba	Ne kritiziraj konkurente. Imenuj svoje razlike s konkretnimi primeri. Vrži žogo nazaj — kaj je za stranko najpomembnejše.	Ne kritizirajte svoje konkurente. Navedite svoje razlike konkretnim primjerima. Vratite loptu — što je kupcu najvažnije.	Ne kritikujte svoje konkurente. Navedite svoje razlike na konkretnim primerima. Vratite loptu nazad — ono što je kupcu najvažnije.	
content	data/ugovori.json	ugovori:ugovori.20.ugovor	ugovori.20.ugovor	V čem ste boljši od konkurence?	Po čemu ste bolji od konkurencije?	Šta ste bolji od konkurencije?	
content	data/ugovori.json	ugovori:ugovori.3.dolgi_odgovor	ugovori.3.dolgi_odgovor	To je pošteno. Verjamem vam, da je danes težko. Predlagam dve poti. Prva: dogovorim si datum čez tri mesece, ko bo morda mirneje. Druga: 15 minut zdaj, kjer vam jaz povem dve do tri konkretne stvari, ki bi vam lahko sprostile čas — vi pa ocenite, ali je smiselno iti naprej. Če ni, ne izgubite ničesar. Mene zanima, kaj vam bolj ustreza.	To je pošteno. Vjerujem da ti je danas teško. Predlažem dva načina. Prvo: dogovorit ću spoj za tri mjeseca, kad će možda biti mirnije. Drugo: sada 15 minuta, gdje vam ja kažem dvije do tri konkretne stvari koje bi vam mogle osloboditi vrijeme — a vi procijenite ima li smisla ići dalje. Ako nije, ništa ne gubite. Zanima me što ti više odgovara.	To je pošteno. Verujem da ti je danas teško. Predlažem dva načina. Prvo: dogovoriću sastanak za tri meseca, kada će možda biti mirnije. Drugo: 15 minuta sada, gde ću vam reći dve do tri konkretne stvari koje bi vam mogle osloboditi vreme — a vi procenite da li ima smisla da idete dalje. Ako nije, ništa ne gubite. Zanima me šta ti više odgovara.	
content	data/ugovori.json	ugovori:ugovori.3.kratek_odgovor	ugovori.3.kratek_odgovor	Razumem. Verjetno je to ravno razlog, zakaj bi vam Interzero koristil — ker je naša naloga, da prevzamemo, kar danes požira vaš čas. Lahko se vrnem čez tri mesece, ali pa se v 15 minutah dogovoriva, ali sploh ima smisel pogovor.	razumijem. Zato bi vam vjerojatno Interzero bio od koristi — jer naš je posao preuzeti ono što vam danas oduzima vrijeme. Mogu se vratiti za tri mjeseca ili se za 15 minuta dogovoriti ima li smisla razgovarati.	razumem. Verovatno bi vam zato Interzero bio od koristi — jer je naš posao da preuzmemo ono što vam danas oduzima vreme. Mogu da se vratim za tri meseca, ili da se dogovorimo za 15 minuta da li ima smisla razgovarati.	
content	data/ugovori.json	ugovori:ugovori.3.opomba	ugovori.3.opomba	Ne pritiskaj. Daj jim izhod, ki ne pomeni 'ne'.	Ne guraj. Dajte im odušak koji ne znači 'ne'.	Ne guraj. Dajte im izlaz koji ne znači „ne“.	
content	data/ugovori.json	ugovori:ugovori.3.ugovor	ugovori.3.ugovor	Trenutno nimamo časa za to.	Trenutno nemamo vremena za to.	Trenutno nemamo vremena za to.	
content	data/ugovori.json	ugovori:ugovori.4.dolgi_odgovor	ugovori.4.dolgi_odgovor	To je pošten ugovor in pravzaprav moja napaka, če nisem bil dovolj konkreten. Naj poskusim drugače. Pri stranki vašega tipa se konkretna vrednost ponavadi pokaže v treh točkah: prvič, eno mesečno poročilo namesto petih ločenih virov; drugič, en partner za vse vaše lokacije in države; tretjič, podpora pri spremembah zakonodaje, ne da bi vi morali slediti sami. Če katera od teh treh točk ne nagovori vaše dejanske situacije, mi povejte — mogoče sem narobe razumel, kaj je za vas pomembno.	To je opravdan prigovor i zapravo sam ja kriv što nisam bio dovoljno konkretan. Da pokušam na drugi način. Za klijenta vašeg tipa, konkretna vrijednost pokazuje se u tri točke: prvo, jedno mjesečno izvješće umjesto pet zasebnih izvora; drugo, jedan partner za sve vaše lokacije i zemlje; treće, podrška zakonodavnim promjenama bez potrebe da ih sami slijedite. Ako bilo koja od ove tri točke ne govori o vašoj stvarnoj situaciji, javite mi — možda sam krivo shvatio što vam je važno.	To je poštena primedba, i zapravo moja greška što nisam dovoljno precizan. Dozvolite mi da pokušam na drugi način. Za klijenta vašeg tipa, konkretna vrednost se obično prikazuje u tri tačke: prvo, jedan mesečni izveštaj umesto pet odvojenih izvora; drugo, jedan partner za sve vaše lokacije i zemlje; treće, podrška zakonodavnim promenama bez potrebe da ih sami pratite. Ako bilo koja od ove tri tačke ne govori o vašoj stvarnoj situaciji, javite mi - možda sam pogrešno shvatio šta vam je važno.	
content	data/ugovori.json	ugovori:ugovori.4.kratek_odgovor	ugovori.4.kratek_odgovor	Pošteno vprašanje. Dovolite mi 5 minut, da vam povem tri konkretne primere, kako se to izboljša pri stranki vašega tipa. Če bo še vedno megleno, sva oba boljše vedela, da nima smisla nadaljevati.	Pošteno pitanje. Dopustite mi 5 minuta da vam dam tri konkretna primjera kako se to poboljšava s vašom vrstom klijenta. Ako je još bila magla, oboje smo znali da ne treba nastaviti.	Pošteno pitanje. Dozvolite mi 5 minuta da vam dam tri konkretna primera kako se ovo poboljšava sa vašim tipom klijenta. Ako je još uvek bila magla, oboje smo znali bolje da ne nastavimo.	
content	data/ugovori.json	ugovori:ugovori.4.opomba	ugovori.4.opomba	Ko slišiš ta ugovor, je to znak, da je discovery bil prekratek.	Kad čujete ovaj prigovor, to je znak da je otkriće bilo prekratko.	Kada čujete ovaj prigovor, to je znak da je otkriće bilo prekratko.	
content	data/ugovori.json	ugovori:ugovori.4.ugovor	ugovori.4.ugovor	Ne vidim, kaj točno bi mi vi naredili drugače.	Ne vidim točno što biste učinili drugačije.	Ne vidim tačno šta biste uradili drugačije.	
content	data/ugovori.json	ugovori:ugovori.5.dolgi_odgovor	ugovori.5.dolgi_odgovor	To je popolnoma običajno — približno dve tretjini novih strank nima zbranih podatkov na enem mestu. Naš prvi korak je, da vam pomagamo pripraviti osnovni pregled: kaj dajete na trg, v kakšnih količinah, kje nastajajo odpadki, koliko trenutno plačujete. Za to potrebujemo enostavne stvari — račune dobaviteljev, sezname izdelkov, popis lokacij. V enem do dveh tednih lahko skupaj postaviva osnovno sliko, in šele takrat ima smisel govoriti o konkretni ponudbi.	To je potpuno normalno — oko dvije trećine novih kupaca nema svoje podatke prikupljene na jednom mjestu. Naš prvi korak je pomoći vam pripremiti osnovni pregled: što stavljate na tržište, u kojim količinama, gdje otpad nastaje, koliko trenutno plaćate. Za ovo su nam potrebne jednostavne stvari — fakture dobavljača, popisi proizvoda, popis lokacija. U tjedan do dva možemo složiti osnovnu sliku i tek tada ima smisla razgovarati o konkretnoj ponudi.	Ovo je sasvim normalno — oko dve trećine novih kupaca nema svoje podatke prikupljene na jednom mestu. Naš prvi korak je da vam pomognemo da pripremite osnovni pregled: šta stavljate na tržište, u kojim količinama, gde nastaje otpad, koliko trenutno plaćate. Za ovo su nam potrebne jednostavne stvari — fakture dobavljača, liste proizvoda, inventar lokacija. Za jednu do dve nedelje možemo da sastavimo osnovnu sliku, pa tek onda ima smisla pričati o konkretnoj ponudi.	
content	data/ugovori.json	ugovori:ugovori.5.kratek_odgovor	ugovori.5.kratek_odgovor	Zelo pogosto. Ravno zato delamo prvi pregled mi — vi nam date dostop do podatkov, ki obstajajo, mi pa naredimo začetno oceno. Brez teh podatkov ne morete dobiti realne ponudbe od nikogar.	Vrlo često. Upravo zato radimo početni pregled — vi nam dajete pristup podacima koji postoje, a mi radimo početnu procjenu. Bez ovih informacija ne možete dobiti realnu ponudu ni od koga.	Vrlo često. Upravo zbog toga radimo početni pregled — vi nam dajete pristup podacima koji postoje, a mi vršimo početnu procenu. Bez ovih informacija ne možete dobiti realnu ponudu ni od koga.	
content	data/ugovori.json	ugovori:ugovori.5.opomba	ugovori.5.opomba	To je dejansko priložnost — discovery je naravno opravičilo za naslednji sestanek.	Ovo je zapravo prilika — otkriće je prirodan izgovor za sljedeći sastanak.	Ovo je zapravo prilika — otkriće je prirodan izgovor za sledeći sastanak.	
content	data/ugovori.json	ugovori:ugovori.5.ugovor	ugovori.5.ugovor	Nimamo zbranih podatkov o naši embalaži / odpadkih.	Nemamo prikupljenih podataka o našoj ambalaži/otpadu.	Nemamo prikupljene podatke o našoj ambalaži/otpadu.	
content	data/ugovori.json	ugovori:ugovori.6.dolgi_odgovor	ugovori.6.dolgi_odgovor	Razumem in to je pošteno. Pri tej velikosti odločitve je tako prav. Vprašanje, ki mi pomaga, je: katero gradivo bi za to osebo bilo prepričljivo? ROI tabela, primer iz primerljive panoge, kratek povzetek tveganja, izračun stroškov? Lahko vam pripravim, kar bi vam najbolj pomagalo. Druga možnost je, da na naslednji sestanek povabite tudi to osebo neposredno — pogosto je 30 minutni pogovor s pravo osebo bolj učinkovit kot tedni posrednega prepričevanja.	Razumijem i to je pošteno. S ovom veličinom odluke, to je baš kako treba. Pitanje koje mi pomaže je: Koji bi materijal bio uvjerljiv za ovu osobu? ROI tablica, primjer iz usporedive industrije, kratki sažetak rizika, izračun troškova? Mogu smisliti što bi vam najviše pomoglo. Druga je mogućnost pozvati tu osobu izravno i na sljedeći sastanak — često je 30-minutni razgovor s pravom osobom učinkovitiji od tjedana neizravnog uvjeravanja.	Razumem i to je fer. U ovoj veličini odluke, to je sasvim ispravno. Pitanje koje mi pomaže je: Koji materijal bi bio ubedljiv za ovu osobu? Tabela ROI, primer iz uporedive industrije, kratak rezime rizika, kalkulacija troškova? Mogu da smislim šta bi ti najviše pomoglo. Druga opcija je da i ovu osobu pozovete direktno na sledeći sastanak — često je 30-minutni razgovor sa pravom osobom efikasniji od nedelja indirektnog ubeđivanja.	
content	data/ugovori.json	ugovori:ugovori.6.kratek_odgovor	ugovori.6.kratek_odgovor	Razumem. Predlagam dve stvari: prvič, da skupaj pripraviva gradivo, ki je za to osebo prepričljivo; drugič, da na naslednji sestanek povabite tudi to osebo, če je le mogoče. Brez nje se odločitev ne bo zgodila.	razumijem. Predlažem dvije stvari: prvo, da zajedno pripremimo materijal koji je uvjerljiv za tu osobu; drugo, pozvati i tu osobu na sljedeći sastanak, ako je moguće. Bez toga se odluka neće dogoditi.	razumem. Predlažem dve stvari: prvo, da zajedno pripremimo materijal koji je ubedljiv za ovu osobu; drugo, da pozovete i ovu osobu na sledeći sastanak, ako je moguće. Bez toga, odluka se neće desiti.	
content	data/ugovori.json	ugovori:ugovori.6.opomba	ugovori.6.opomba	Ne pošlji ponudbe v 'črno luknjo'. Ali pride odločevalec, ali pa ti pomagaš sogovorniku, da jo proda interno.	Ne šaljite ponudu u 'crnu rupu'. Ili dolazi donositelj odluka, ili pomažete sugovorniku da to interno proda.	Ne šaljite ponudu u 'crnu rupu'. Ili dolazi donosilac odluke, ili pomažete sagovorniku da to interno proda.	
content	data/ugovori.json	ugovori:ugovori.6.ugovor	ugovori.6.ugovor	Ne morem odločiti sam, potrebujem soglasje [direktor/lastnik/centrala].	Ne mogu sam odlučiti, potrebna mi je suglasnost [direktora/vlasnika/sjedišta].	Ne mogu sam da odlučujem, potrebna mi je saglasnost [direktora/vlasnika/štabnice].	
content	data/ugovori.json	ugovori:ugovori.7.dolgi_odgovor	ugovori.7.dolgi_odgovor	Razumem, da imate občutek, da je to za večja podjetja. V resnici velja obratno: zakonodaja ne razlikuje med malimi in velikimi proizvajalci ali uvozniki — obveznosti so iste, samo količine se razlikujejo. Razlika je, da majhna podjetja običajno nimajo ne časa ne osebja, da bi sami spremljali in poročali. Imamo posebej zasnovane pakete za manjše stranke, ki so cenovno dostopni in vam pri tej velikosti dejansko prihranijo več, kot stanejo.	Razumijem da mislite da je ovo za veće tvrtke. Zapravo je suprotno: zakon ne razlikuje male i velike proizvođače ili uvoznike — obveze su iste, samo se količine razlikuju. Razlika je u tome što mala poduzeća obično nemaju vremena ni osoblja za samostalno praćenje i izvještavanje. Posebno smo osmislili pakete za manje kupce koji su pristupačni i zapravo vam štede više nego što koštaju u ovoj veličini.	Razumem da smatrate da je ovo za veće kompanije. U stvari, tačno je suprotno: zakonodavstvo ne pravi razliku između malih i velikih proizvođača ili uvoznika — obaveze su iste, samo se količine razlikuju. Razlika je u tome što mala preduzeća obično nemaju vremena ili osoblja da sami prate i izveštavaju. Imamo posebno dizajnirane pakete za manje kupce koji su pristupačni i zapravo vam uštede više nego što koštaju u ovoj veličini.	
content	data/ugovori.json	ugovori:ugovori.7.kratek_odgovor	ugovori.7.kratek_odgovor	Velikost ni ovira — obveznosti so enake, samo količine drugačne. Pravzaprav majhna podjetja največ pridobijo, ker nimajo internih ekip za to in jih to najbolj odvrača.	Veličina nije prepreka — obveze su iste, samo su količine različite. Zapravo, male tvrtke najviše dobivaju jer nemaju interne timove koji to rade i time su najviše obeshrabrene.	Veličina nije prepreka — obaveze su iste, samo su količine različite. U stvari, mala preduzeća najviše dobijaju jer nemaju interne timove da to urade i zbog toga su najviše obeshrabrena.	
content	data/ugovori.json	ugovori:ugovori.7.opomba	ugovori.7.opomba	Ne podcenjuj malih strank — pogosto je odločitveni cikel krajši in lojalnost večja.	Ne podcjenjujte male kupce — često je ciklus odlučivanja kraći, a lojalnost veća.	Ne potcenjujte male kupce — često je ciklus odlučivanja kraći, a lojalnost veća.	
content	data/ugovori.json	ugovori:ugovori.7.ugovor	ugovori.7.ugovor	Mi smo premajhno podjetje za to.	Mi smo premala firma za to.	Premala smo kompanija za to.	
content	data/ugovori.json	ugovori:ugovori.8.dolgi_odgovor	ugovori.8.dolgi_odgovor	Zanimivo vprašanje, ker je odgovor ravno obraten. Če zakonodaja stoji, lahko vsako podjetje samo prebere zakon in se prilagodi. Ker pa se zakonodaja spreminja — in se bo zlasti v naslednjih dveh letih, ker Slovenija usklajuje s EU pravili o krožnem gospodarstvu in razširjeni odgovornosti — potrebujete nekoga, ki ima to kot primarno delo. To je natanko naša vloga: spremljamo, prevedemo v vaše konkretne obveznosti in vas vnaprej opozorimo, kaj morate prilagoditi. Brez tega skoraj zagotovo nekaj zamudite.	Zanimljivo pitanje jer je odgovor upravo suprotan. Ako zakon stoji, svaka tvrtka može samo pročitati zakon i prilagoditi se. No budući da se zakonodavstvo mijenja, a bit će osobito u sljedeće dvije godine, kako se Slovenija usklađuje s pravilima EU o kružnom gospodarstvu i proširenoj odgovornosti, treba vam netko kome je to primarni posao. Upravo je to naša uloga: pratimo, prevodimo u vaše konkretne obveze i unaprijed vas upozoravamo što trebate prilagoditi. Bez toga, gotovo sigurno nešto propuštate.	Zanimljivo pitanje jer je odgovor upravo suprotan. Ako zakon stoji, svaka kompanija može samo da pročita zakon i da se prilagodi. Ali pošto se zakonodavstvo menja — a to će biti posebno u naredne dve godine, kako se Slovenija usklađuje sa pravilima EU o cirkularnoj ekonomiji i proširenoj odgovornosti — potreban vam je neko ko ima ovo kao primarni posao. Upravo to je naša uloga: pratimo, prevodimo u vaše konkretne obaveze i unapred vas upozoravamo šta treba da prilagodite. Bez toga, gotovo sigurno nešto nedostaje.	
content	data/ugovori.json	ugovori:ugovori.8.kratek_odgovor	ugovori.8.kratek_odgovor	Ravno zato. Če imate partnerja, ki spremljanja prevzame nase, ne kupujete trenutne rešitve — kupujete dolgoročno mirno spanje. Brez tega vi sledite vsaki spremembi sami.	Upravo zato. Ako imate partnera koji preuzima nadzor, ne kupujete trenutačno rješenje — kupujete dugoročno miran san. Bez toga sami pratite svaku promjenu.	Upravo zato. Ako imate partnera koji preuzima nadzor, ne kupujete trenutno rešenje – kupujete dugotrajan miran san. Bez toga, sami pratite svaku promenu.	
content	data/ugovori.json	ugovori:ugovori.8.opomba	ugovori.8.opomba	Uporabi to kot razlog za prodajo, ne kot oviro.	Iskoristite ovo kao razlog za prodaju, a ne kao prepreku.	Koristite ovo kao razlog za prodaju, a ne kao prepreku.	
content	data/ugovori.json	ugovori:ugovori.8.ugovor	ugovori.8.ugovor	Zakonodaja se itak ves čas spreminja, nima smisla zdaj urejati.	Zakonodavstvo se ionako stalno mijenja, nema smisla to sada regulirati.	Zakonodavstvo se ionako stalno menja, nema smisla to sada regulisati.	
content	data/ugovori.json	ugovori:ugovori.9.dolgi_odgovor	ugovori.9.dolgi_odgovor	To je popolnoma legitimna pozicija danes. Vendar imamo zanimiv vzorec: stranke, ki so to rekle pred 18 meseci, zdaj večinoma pridejo nazaj — ne zato, ker so se sami odločili, ampak ker je njihov največji B2B kupec, banka ali velika trgovska veriga začela zahtevati ESG podatke. V tem trenutku je delo pod pritiskom in pod rokom. Naš pristop je, da osnovno strukturo postavimo zdaj, ko ni naglice, da imate, ko vas vprašajo, vse pripravljeno. Nas to ne stane veliko časa, ker je del naših rednih storitev.	To je danas sasvim legitiman stav. Ali imamo zanimljiv obrazac: kupci koji su to rekli prije 18 mjeseci sada se uglavnom vraćaju — ne zato što su sami donijeli odluku, već zato što je njihov najveći B2B kupac, banka ili veliki trgovački lanac, počeo tražiti ESG podatke. Trenutno je posao pod pritiskom i rokovima. Naš pristup je da osnovnu strukturu postavimo sada, kada nema žurbe, da kada vas zatraže imate sve spremno. To nas ne košta puno vremena jer je dio naših redovnih usluga.	Ovo je danas sasvim legitiman stav. Ali imamo zanimljiv obrazac: kupci koji su ovo rekli pre 18 meseci sada se uglavnom vraćaju - ne zato što su sami doneli odluku, već zato što je njihov najveći B2B klijent, banka ili veliki maloprodajni lanac, počeo da traži ESG podatke. Trenutno je posao pod pritiskom i pod rokom. Naš pristup je da osnovnu strukturu postavimo sada, kada nema žurbe, tako da kada vas pitaju, imate sve spremno. Ne košta nas mnogo vremena jer je deo naših redovnih usluga.	
content	data/ugovori.json	ugovori:ugovori.9.kratek_odgovor	ugovori.9.kratek_odgovor	Razumem. Vendar bo vaš največji kupec to verjetno zahteval prej, kot mislite. Ko vas vprašajo, je bolje, da imate odgovor pripravljen, kot pa da to delate v paniki.	razumijem. Međutim, vaš najveći kupac vjerojatno će to tražiti prije nego što mislite. Na pitanje je bolje imati spreman odgovor nego to činiti u panici.	razumem. Međutim, vaš najveći kupac će to verovatno tražiti ranije nego što mislite. Kada se pita, bolje je imati spreman odgovor nego to učiniti u panici.	
content	data/ugovori.json	ugovori:ugovori.9.opomba	ugovori.9.opomba	Ne moraliziraj. Govori jezik posla in pripravljenosti.	Ne moraliziraj. On govori jezikom poslovanja i pripravnosti.	Ne moralizujte. Govori jezikom poslovanja i spremnosti.	
content	data/ugovori.json	ugovori:ugovori.9.ugovor	ugovori.9.ugovor	ESG nam ni prioriteta.	ESG nam nije prioritet.	ESG nam nije prioritet.	
content	data/vodic.json	vodic:_opis	_opis	Vodič po prodajnem razgovoru. Sledi po vrsti. Za vsako fazo: cilj, ključne točke, dobesedni govori, kaj narediti če stranka reagira drugače, tipične napake.	Vodič za razgovor o prodaji. Slijedi redom. Za svaku fazu: cilj, ključne točke, doslovno, što učiniti ako kupac reagira drugačije, tipične pogreške.	Vodič za intervju za prodaju. Sledi redom. Za svaku fazu: cilj, ključne tačke, doslovno, šta uraditi ako kupac reaguje drugačije, tipične greške.	
content	data/vodic.json	vodic:faze.0.branche.0.ce_stranka	faze.0.branche.0.ce_stranka	Ti je pred sestankom poslala konkretno vprašanje ali zahtevo.	Poslala vam je konkretno pitanje ili zahtjev prije sastanka.	Poslala vam je konkretno pitanje ili zahtev pre sastanka.	
content	data/vodic.json	vodic:faze.0.branche.0.ti_naredi	faze.0.branche.0.ti_naredi	Pripravi odgovor, vendar ne začni sestanka z odgovorom — najprej razumi širši kontekst, šele potem se vrni na njihovo vprašanje.	Pripremite odgovor, ali nemojte započeti sastanak odgovorom — prvo razumite širi kontekst, a zatim se vratite na njihovo pitanje.	Pripremite odgovor, ali nemojte započinjati sastanak odgovorom – prvo shvatite širi kontekst, a zatim se vratite na njihovo pitanje.	
content	data/vodic.json	vodic:faze.0.cilj	faze.0.cilj	Priti na sestanek z osnovno hipotezo, ne s slepim katalogom storitev.	Dođite na sastanak s osnovnom hipotezom, a ne slijepim katalogom usluga.	Dođite na sastanak sa osnovnom hipotezom, a ne slepim katalogom usluga.	
content	data/vodic.json	vodic:faze.0.id	faze.0.id	pred-sestankom			
content	data/vodic.json	vodic:faze.0.kljucne_tocke.0	faze.0.kljucne_tocke.0	Preveri spletno stran stranke — kaj proizvajajo, koliko lokacij, kakšen je njihov javni nastop o trajnosti.	Provjerite kupčevu web stranicu — što proizvode, koliko lokacija, koji je njihov cilj održivosti.	Proverite veb stranicu korisnika — šta proizvode, koliko lokacija, kakva je njihova održivost.	
content	data/vodic.json	vodic:faze.0.kljucne_tocke.1	faze.0.kljucne_tocke.1	Identificiraj panogo in tipične bolečine v modulu Priprava — to ti da hipotezo, ne odgovore.	Identificirajte industriju i tipične bolne točke u modulu Priprema — to vam daje hipotezu, a ne odgovore.	Identifikujte industriju i tipične bolne tačke u modulu Priprema — ovo vam daje hipotezu, a ne odgovore.	
content	data/vodic.json	vodic:faze.0.kljucne_tocke.2	faze.0.kljucne_tocke.2	Pripravi 3 konkretne zgodbe iz primerljivih strank (anonimizirano, če nimaš dovoljenja).	Pripremite 3 specifične priče od usporedivih kupaca (anonimizirane ako nemate dopuštenje).	Pripremite 3 konkretne priče od uporedivih kupaca (anonimno ako nemate dozvolu).	
content	data/vodic.json	vodic:faze.0.kljucne_tocke.3	faze.0.kljucne_tocke.3	Identificiraj verjetne 3 ugovore za to panogo in pripravi odgovore.	Identificirajte 3 vjerojatna prigovora ovoj industriji i pripremite odgovore.	Identifikujte 3 verovatne primedbe na ovu industriju i pripremite odgovore.	
content	data/vodic.json	vodic:faze.0.kljucne_tocke.4	faze.0.kljucne_tocke.4	Postavi si cilj sestanka: kaj je realen naslednji korak? (Ne 'podpis pogodbe' po prvem sestanku.)	Postavite cilj za sastanak: koji je realan sljedeći korak? (Ne 'potpisivanje ugovora' nakon prvog sastanka.)	Postavite cilj za sastanak: šta je realan sledeći korak? (Ne 'potpisivanje ugovora' nakon prvog sastanka.)	
content	data/vodic.json	vodic:faze.0.naziv	faze.0.naziv	Pred sestankom	Prije sastanka	Pre sastanka	
content	data/vodic.json	vodic:faze.0.signal_konca	faze.0.signal_konca	Imaš 3-5 hipotez, ki jih boš testiral na sestanku, in 2-3 zgodbe za primerljive stranke.	Imate 3-5 hipoteza koje ćete testirati na sastanku i 2-3 priče za usporedive kupce.	Imate 3-5 hipoteza koje ćete testirati na sastanku i 2-3 priče za uporedive kupce.	
content	data/vodic.json	vodic:faze.0.tipicne_napake.0	faze.0.tipicne_napake.0	Pripraviš predstavitev vseh storitev Interzero in jih nameravaš predstaviti po vrsti.	Pripremate prezentaciju svih Interzero usluga i planirate ih prezentirati redom.	Pripremate prezentaciju svih Interzero servisa i planirate da ih predstavite po redu.	
content	data/vodic.json	vodic:faze.0.tipicne_napake.1	faze.0.tipicne_napake.1	Ne preveriš osnov: koliko je velika stranka, v katerih trgih je prisotna, kateri sektor.	Ne provjeravate ono osnovno: koliki je kupac, na kojim tržištima je prisutan, u kojem sektoru.	Ne proveravate osnove: koliki je kupac, na kojim tržištima je prisutan, u kom sektoru.	
content	data/vodic.json	vodic:faze.0.tipicne_napake.2	faze.0.tipicne_napake.2	Greš na sestanek brez konkretnega cilja, kaj bi želel doseči.	Idete na sastanak bez konkretnog cilja što biste željeli postići.	Odlazite na sastanak bez konkretnog cilja šta biste želeli da postignete.	
content	data/vodic.json	vodic:faze.0.trajanje	faze.0.trajanje	30 minut priprave dan prej	30 minuta pripreme dan ranije	30 minuta pripreme prethodnog dana	
content	data/vodic.json	vodic:faze.1.branche.0.ce_stranka	faze.1.branche.0.ce_stranka	Ima pripravljen seznam svojih vprašanj in želi začeti z njimi.	Ima spreman popis svojih pitanja i želi započeti s njima.	Ima spreman spisak svojih pitanja i želi da počne sa njima.	
content	data/vodic.json	vodic:faze.1.branche.0.ti_naredi	faze.1.branche.0.ti_naredi	Spusti svoj načrt. Reci: 'Odlično, povejte mi vaša vprašanja, da razumem, kaj je za vas pomembno. Potem se vrneva.' Najprej posluša, potem se vrne k strukturi.	Odustanite od svog plana. Recite: 'Odlično, recite mi svoja pitanja kako bih shvatio što vam je važno. Onda se vraćamo.' Prvo sluša, a zatim se vraća strukturi.	Odustani od plana. Recite: „Odlično, recite mi svoja pitanja da bih razumeo šta vam je važno. Onda se vraćamo.' Prvo sluša, a zatim se vraća strukturi.	
content	data/vodic.json	vodic:faze.1.branche.1.ce_stranka	faze.1.branche.1.ce_stranka	Reče: 'Veste, mi imamo malo časa, povejte mi takoj, kaj ponujate.'	Kaže on: 'Znate, nemamo vremena, recite mi odmah što imate za ponuditi.'	Kaže, 'Znaš, nemamo vremena, reci mi odmah šta imaš da ponudiš.'	
content	data/vodic.json	vodic:faze.1.branche.1.ti_naredi	faze.1.branche.1.ti_naredi	Reci: 'Razumem. Naj v eni minuti povem, potem pa imam tri vprašanja, brez katerih vam ne morem reči nič koristnega. Ali vam ustreza?' Tako zaščitiš čas za discovery.	Reci: 'Razumijem. Reći ću vam za koji trenutak, ali onda imam tri pitanja bez kojih vam ne mogu reći ništa korisno. Odgovara li ti?' Na taj način čuvate vrijeme za otkrivanje.	Reci: 'Razumem. Dozvolite mi da vam kažem za minut, ali onda imam tri pitanja bez kojih ne mogu da vam kažem ništa korisno. Da li ti odgovara?' Na ovaj način štitite vreme za otkrivanje.	
content	data/vodic.json	vodic:faze.1.branche.2.ce_stranka	faze.1.branche.2.ce_stranka	Začne z 'pošljite mi cenik / ponudbo'.	Počinje s 'pošalji mi cjenik / ponudu'.	Počinje sa 'pošalji mi cenovnik/ponudu'.	
content	data/vodic.json	vodic:faze.1.branche.2.ti_naredi	faze.1.branche.2.ti_naredi	Reci: 'Lahko, vendar splošen cenik vam ne bo koristil — vsako podjetje ima drugačno embalažo, lokacije, obveznosti. Predlagam 15 minut pogovora, potem vam pošljem nekaj, kar je za vas dejansko relevantno.'	Recite: 'Možete, ali opći cjenik vam neće pomoći - svaka tvrtka ima različita pakiranja, lokacije, obveze. Predlažem 15 minuta razgovora, a zatim ti šaljem nešto što ti je stvarno bitno.'	Recite: „Možete, ali opšti cenovnik vam neće pomoći — svaka kompanija ima drugačiju ambalažu, lokacije, obaveze. Predlažem 15 minuta razgovora, pa ti pošaljem nešto što je za tebe relevantno.'	
content	data/vodic.json	vodic:faze.1.cilj	faze.1.cilj	Postaviti pričakovanja, dobiti stranko v aktiven način razmišljanja, ne v pasivnega poslušalca.	Postavite očekivanja, navedite klijenta na aktivan način razmišljanja, a ne na pasivnog slušatelja.	Postavite očekivanja, navedite klijenta na aktivan način razmišljanja, a ne na pasivnog slušaoca.	
content	data/vodic.json	vodic:faze.1.govori.0.kdaj	faze.1.govori.0.kdaj	Po pozdravu in zahvali za čas	Nakon pozdrava i hvala na vašem vremenu	Posle pozdrava i hvala na vašem vremenu	
content	data/vodic.json	vodic:faze.1.govori.0.tekst	faze.1.govori.0.tekst	Predlagam, da delava takole: jaz vam v dveh minutah razložim, kdo smo in s kakšnimi podjetji delamo, potem pa bi rad razumel vašo situacijo — kaj imate trenutno urejeno, kje vas zatika in kaj bi želeli izboljšati. Na koncu se bova dogovorila, ali je smiselno iti naprej, in če ja, kako. Vam to ustreza?	Predlažem da radimo ovako: u dvije minute ću vam objasniti tko smo i s kakvim tvrtkama surađujemo, a zatim bih želio razumjeti vašu situaciju — što trenutno imate u redu, gdje ste zapeli i što biste htjeli poboljšati. Na kraju ćemo se dogovoriti ima li smisla ići dalje i ako ima kako. Odgovara li ti to?	Predlažem da radimo ovako: za dva minuta ću vam objasniti ko smo i sa kakvim kompanijama sarađujemo, a zatim bih želeo da razumem vašu situaciju — šta trenutno imate u redu, gde ste zaglibili i šta biste želeli da poboljšate. Na kraju ćemo se dogovoriti da li ima smisla ići dalje, i ako da, kako. Da li vam to odgovara?	
content	data/vodic.json	vodic:faze.1.govori.1.kdaj	faze.1.govori.1.kdaj	Kratka predstavitev Interzero (1 minuta, ne več)	Kratka prezentacija Interzero (1 minuta, ne više)	Kratka prezentacija Interzero (1 minut, ne više)	
content	data/vodic.json	vodic:faze.1.govori.1.tekst	faze.1.govori.1.tekst	Interzero ureja EPR obveznosti, ravnanje z odpadki, embalažo, sekundarne surovine in poročanje za podjetja, ki dajejo izdelke ali embalažo na trg. V regiji delujemo v Sloveniji, na Hrvaškem in v Srbiji. To pomeni, da če prodajate v več državah, je vse na enem mestu.	Interzero regulira EPR obveze, gospodarenje otpadom, ambalažom, sekundarnim sirovinama i izvješćivanje za tvrtke koje proizvode ili ambalažu stavljaju na tržište. U regiji poslujemo u Sloveniji, Hrvatskoj i Srbiji. To znači da ako prodajete u više zemalja, sve je na jednom mjestu.	Interzero reguliše EPR obaveze, upravljanje otpadom, ambalažom, sekundarnim sirovinama i izveštavanjem za kompanije koje proizvode ili ambalažu plasiraju na tržište. U regionu poslujemo u Sloveniji, Hrvatskoj i Srbiji. To znači da ako prodajete u nekoliko zemalja, sve je na jednom mestu.	
content	data/vodic.json	vodic:faze.1.id	faze.1.id	uvod			
content	data/vodic.json	vodic:faze.1.kljucne_tocke.0	faze.1.kljucne_tocke.0	Prvih 30 sekund določa preostanek sestanka. Stranka v tem času oceni, ali si profesionalec ali prodajalec.	Prvih 30 sekundi definiraju ostatak sastanka. Za to vrijeme kupac procjenjuje jeste li profesionalac ili prodavač.	Prvih 30 sekundi definiše ostatak sastanka. Za to vreme kupac procenjuje da li ste profesionalac ili prodavac.	
content	data/vodic.json	vodic:faze.1.kljucne_tocke.1	faze.1.kljucne_tocke.1	Predstavi sebe in podjetje v dveh stavkih — ne več.	Predstavite sebe i svoju tvrtku u dvije rečenice — ne više.	Predstavite sebe i svoje društvo u dve rečenice — ne više.	
content	data/vodic.json	vodic:faze.1.kljucne_tocke.2	faze.1.kljucne_tocke.2	Dogovori se o poteku sestanka — to ti da kontrolo nad ritmom.	Dogovorite se o tijeku sastanka — to vam daje kontrolu nad ritmom.	Dogovorite se o toku sastanka — ovo vam daje kontrolu nad ritmom.	
content	data/vodic.json	vodic:faze.1.kljucne_tocke.3	faze.1.kljucne_tocke.3	Pridobi 'da' na strukturo sestanka, preden začneš discovery.	Dobijte 'da' za strukturu sastanka prije nego počnete s otkrivanjem.	Dobijte „da“ strukturi sastanka pre nego što počnete da otkrivate.	
content	data/vodic.json	vodic:faze.1.naziv	faze.1.naziv	Uvod (prvih 5 minut)	Uvod (prvih 5 minuta)	Uvod (prvih 5 minuta)	
content	data/vodic.json	vodic:faze.1.signal_konca	faze.1.signal_konca	Stranka je sprejela predlagano strukturo in razmišlja, kaj ti bo povedala. Pripravljena je na vprašanja.	Klijent je prihvatio predloženu strukturu i razmišlja što će vam reći. Spremna je za pitanja.	Klijent je prihvatio predloženu strukturu i razmišlja šta da vam kaže. Spremna je za pitanja.	
content	data/vodic.json	vodic:faze.1.tipicne_napake.0	faze.1.tipicne_napake.0	Predolga predstavitev podjetja (več kot 2 minuti) — stranka izgubi pozornost, preden začneš poslušati.	Preduga prezentacija tvrtke (više od 2 minute) — kupac gubi pozornost prije nego počnete slušati.	Preduga prezentacija kompanije (više od 2 minuta) — kupac gubi pažnju pre nego što počnete da slušate.	
content	data/vodic.json	vodic:faze.1.tipicne_napake.1	faze.1.tipicne_napake.1	Skok takoj v predstavitev storitev brez postavljanja okvirja sestanka.	Skočite odmah na prezentaciju usluga bez postavljanja okvira sastanka.	Pređite pravo na prezentaciju usluga bez postavljanja okvira sastanka.	
content	data/vodic.json	vodic:faze.1.tipicne_napake.2	faze.1.tipicne_napake.2	Pozabljen 'mehki cilj': pridobi 'da' na strukturo sestanka, da imaš kontrolo nad ritmom.	Zaboravljeni 'meki cilj': prihvatite 'da' strukturi sastanka tako da imate kontrolu nad ritmom.	Zaboravljeni 'meki cilj': dajte 'da' strukturi sastanka tako da imate kontrolu nad ritmom.	
content	data/vodic.json	vodic:faze.1.trajanje	faze.1.trajanje	5 minut	5 minuta	5 minuta	
content	data/vodic.json	vodic:faze.2.branche.0.ce_stranka	faze.2.branche.0.ce_stranka	Odgovarja s kratkimi enobesednimi odgovori ('da', 'ne', 'normalno').	Odgovara kratkim odgovorima od jedne riječi ('da', 'ne', 'normalno').	Odgovara kratkim odgovorima od jedne reči („da“, „ne“, „normalno“).	
content	data/vodic.json	vodic:faze.2.branche.0.ti_naredi	faze.2.branche.0.ti_naredi	Postavljaj odprta vprašanja: 'Kako bi to opisali?' 'Lahko mi malo več razložite, kaj mislite s tem?' Daj jim prostor.	Postavljajte otvorena pitanja: 'Kako biste to opisali?' 'Možete li malo detaljnije objasniti što time mislite?' Dajte im prostora.	Postavljajte otvorena pitanja: „Kako biste to opisali?“ „Možete li malo više da objasnite šta mislite pod tim?“ Dajte im prostora.	
content	data/vodic.json	vodic:faze.2.branche.1.ce_stranka	faze.2.branche.1.ce_stranka	Začne govoriti o stvareh, ki ne pripadajo Interzero (njihova proizvodnja, kadrovske težave).	Počinje pričati o stvarima koje ne pripadaju Interzeru (njihova proizvodnja, kadrovski problemi).	Počinje da priča o stvarima koje ne pripadaju Interzerou (njihova proizvodnja, kadrovski problemi).	
content	data/vodic.json	vodic:faze.2.branche.1.ti_naredi	faze.2.branche.1.ti_naredi	Posluša 2-3 minute, ne prekinjaj. Pogosto je to način, kako te testira, ali si pravi sogovornik. Nato se mehko vrni: 'Razumem. Vrnimo se za trenutek k embalaži in odpadkom — kako pa pri tem...'	Sluša 2-3 minute, ne prekidaj. Često je to način na koji vas testiraju da vide jeste li prava osoba s kojom možete razgovarati. Zatim tiho uzvraća: 'Razumijem. Vratimo se na trenutak pakiranju i otpadu — što kažete na to...'	Sluša 2-3 minuta, ne prekidajte. Često je ovo način da vas testiramo da li ste prava osoba za razgovor. Zatim se tiho vraća: „Razumem. Vratimo se na trenutak ambalaži i otpadu — šta kažete na to...'	
content	data/vodic.json	vodic:faze.2.branche.2.ce_stranka	faze.2.branche.2.ce_stranka	Reče: 'Nimamo težav, vse je v redu.'	Kaže: 'Nemamo problema, sve je u redu.'	Kaže: 'Nemamo problema, sve je u redu.'	
content	data/vodic.json	vodic:faze.2.branche.2.ti_naredi	faze.2.branche.2.ti_naredi	Ne nasprotuj. Reci: 'To je dobro slišati. Iz radovednosti — če bi nekaj lahko izboljšali, kaj bi bilo to? Ne pravim, da je problem, ampak kaj bi se vam zdelo lepo, če bi delovalo še bolje?'	Ne proturječi. Reci: 'To je dobro čuti. Iz znatiželje — da možete nešto poboljšati, što bi to bilo? Ne kažem da je to problem, ali što mislite da bi bilo lijepo da radi još bolje?'	Ne protivreči. Recite: 'To je dobro čuti. Iz radoznalosti — ako biste mogli nešto da poboljšate, šta bi to bilo? Ne kažem da je to problem, ali šta biste mislili da bi bilo dobro da radi još bolje?'	
content	data/vodic.json	vodic:faze.2.branche.3.ce_stranka	faze.2.branche.3.ce_stranka	Pove ti specifično bolečino, ki je ne morete rešiti.	Govori vam o specifičnoj boli koju ne možete riješiti.	To vam govori o specifičnom bolu koji ne možete da rešite.	
content	data/vodic.json	vodic:faze.2.branche.3.ti_naredi	faze.2.branche.3.ti_naredi	Bodi pošten. Reci: 'To je legitimna težava, ampak iskreno, to ni naše glavno področje. Lahko vam svetujem, kam pogledati. Vrnimo pa se k [drugi temi, ki jo lahko rešimo].' Iskrenost gradi zaupanje.	Budite pošteni. Recite: 'To je legitiman problem, ali iskreno, to nije naše glavno područje. Mogu vam savjetovati gdje da tražite. Ali vratimo se [još jednoj temi kojom se možemo baviti].' Iskrenost gradi povjerenje.	Budite iskreni. Recite: 'To je legitiman problem, ali iskreno, to nije naša glavna oblast. Mogu vam savetovati gde da tražite. Ali da se vratimo na [drugu temu kojom se možemo baviti].' Iskrenost gradi poverenje.	
content	data/vodic.json	vodic:faze.2.cilj	faze.2.cilj	Razumeti dejansko situacijo stranke, ne potrjevati svoje hipoteze. 80 % govori stranka, 20 % ti.	Shvatite stvarnu situaciju klijenta, a ne potvrdite svoju hipotezu. 80% kupaca govori, 20% vi.	Razumeti stvarnu situaciju klijenta, a ne potvrditi svoju hipotezu. 80% mušterija govori, 20% vi.	
content	data/vodic.json	vodic:faze.2.govori.0.kdaj	faze.2.govori.0.kdaj	Prvo vprašanje — odpiraš	Prvo pitanje - otvarate	Prvo pitanje — otvorite	
content	data/vodic.json	vodic:faze.2.govori.0.tekst	faze.2.govori.0.tekst	Da bi vam jaz danes res nekaj koristnega povedal, mi pomagajte razumeti, kako vi to danes urejate. Kdo pri vas trenutno skrbi za EPR obveznosti, embalažo, odpadke — je to ena oseba ali več?	Kako bih vam danas stvarno mogao reći nešto korisno, pomozite mi da shvatim kako to danas uspijevate. Tko trenutno kod vas brine o EPR obvezama, ambalaži, otpadu — je li to jedna osoba ili više njih?	Da bih vam danas zaista mogao reći nešto korisno, pomozite mi da shvatim kako to danas upravljate. Ko kod vas trenutno brine o obavezama EPR-a, ambalaži, otpadu — da li je to jedna osoba ili više?	
content	data/vodic.json	vodic:faze.2.govori.1.kdaj	faze.2.govori.1.kdaj	Sondiranje bolečin	Ispitivanje boli	Ispitivanje bola	
content	data/vodic.json	vodic:faze.2.govori.1.tekst	faze.2.govori.1.tekst	Kaj danes dela najbolje? Kje vas pa zatakne?	Što danas najbolje radi? Gdje ste zapeli?	Šta danas najbolje radi? Gde te zaglavi?	
content	data/vodic.json	vodic:faze.2.govori.2.kdaj	faze.2.govori.2.kdaj	Razumeti posledice	Shvatite posljedice	Shvatite posledice	
content	data/vodic.json	vodic:faze.2.govori.2.tekst	faze.2.govori.2.tekst	Ko se to zgodi, kaj to pomeni za vas? [Posluša] In koliko časa približno na mesec porabite za to?	Kada se to dogodi, što to znači za vas? [Sluša] I koliko otprilike vremena mjesečno trošite na ovo?	Kada se ovo desi, šta to znači za vas? [Sluša] I koliko otprilike vremena mesečno trošite na ovo?	
content	data/vodic.json	vodic:faze.2.govori.3.kdaj	faze.2.govori.3.kdaj	Razumeti motivacijo za spremembo	Razumjeti motivaciju za promjenu	Shvatite motivaciju za promenu	
content	data/vodic.json	vodic:faze.2.govori.3.tekst	faze.2.govori.3.tekst	Kaj se je spremenilo, da o tem zdaj razmišljate? Je nekdo notranje rekel, da se mora to urediti, ali je razlog kje drugje?	Što se promijenilo da sada razmišljate o tome? Je li netko interno rekao da to treba popraviti ili je razlog negdje drugdje?	Šta se promenilo da biste sada razmišljali o tome? Da li je neko interno rekao da ovo treba da se popravi ili je razlog negde drugde?	
content	data/vodic.json	vodic:faze.2.govori.4.kdaj	faze.2.govori.4.kdaj	Razumeti odločitveni proces	Razumjeti proces donošenja odluka	Razumeti proces donošenja odluka	
content	data/vodic.json	vodic:faze.2.govori.4.tekst	faze.2.govori.4.tekst	Če bi se zdaj odločali za novega partnerja na tem področju, kako bi pri vas to potekalo? Kdo bi moral dati zeleno luč?	Da se sada odlučujete za novog partnera na ovom području, kako bi vam to išlo? Tko bi trebao dati zeleno svjetlo?	Da se ​​sada odlučujete za novog partnera u ovoj oblasti, kako bi to išlo za vas? Ko treba da da zeleno svetlo?	
content	data/vodic.json	vodic:faze.2.govori.5.kdaj	faze.2.govori.5.kdaj	Aktivni povzetek vmes	Aktivni sažetak između	Aktivni rezime između	
content	data/vodic.json	vodic:faze.2.govori.5.tekst	faze.2.govori.5.tekst	Naj povzamem, da preverim, ali razumem prav. Slišal sem tri stvari: prvič [bolečina A], drugič [bolečina B], tretjič [bolečina C]. Sem kaj zgrešil ali izpustil?	Dopustite mi da rezimiram da vidim jesam li dobro razumio. Čuo sam tri stvari: prvo [bol A], drugo [bol B], treće [bol C]. Jesam li nešto propustio ili izostavio?	Dozvolite mi da sumiram da vidim da li sam dobro razumeo. Čuo sam tri stvari: prvu [bol A], drugu [bol B], treću [bol C]. Da li sam nešto propustio ili izostavio?	
content	data/vodic.json	vodic:faze.2.id	faze.2.id	discovery			
content	data/vodic.json	vodic:faze.2.kljucne_tocke.0	faze.2.kljucne_tocke.0	Začni splošno (kaj urejate, kdo to vodi), potem zoži (specifične bolečine, posledice).	Započnite općenito (što uređujete, tko to vodi), zatim suzite (konkretne bolne točke, posljedice).	Počnite uopšteno (šta uređujete, ko to vodi), a zatim suzite (konkretne bolne tačke, posledice).	
content	data/vodic.json	vodic:faze.2.kljucne_tocke.1	faze.2.kljucne_tocke.1	Ne pripravljaj naslednjega vprašanja, medtem ko stranka govori — POSLUŠAJ.	Ne pripremajte sljedeće pitanje dok klijent govori — SLUŠAJTE.	Ne pripremajte sledeće pitanje dok klijent govori — SLUŠAJTE.	
content	data/vodic.json	vodic:faze.2.kljucne_tocke.2	faze.2.kljucne_tocke.2	Aktivno povzemaj: 'Razumem prav, da...' To pokaže, da poslušaš, in stranki da možnost popravka.	Aktivno sažimajte: 'Razumijem da...' Time pokazujete da slušate i dajete korisniku priliku da se ispravi.	Aktivno rezimirajte: „Razumem da...“ Ovo pokazuje da slušate i daje kupcu priliku da se ispravi.	
content	data/vodic.json	vodic:faze.2.kljucne_tocke.3	faze.2.kljucne_tocke.3	Iskaj 'kako veste, da to deluje' in 'kakšna bi bila vaša idealna rešitev' — to so zlate stranke.	Potražite "kako znate da ovo radi" i "koje bi bilo vaše idealno rješenje" — to su zlatni kupci.	Potražite „kako znate da ovo funkcioniše“ i „šta bi bilo vaše idealno rešenje“ — ovo su zlatni kupci.	
content	data/vodic.json	vodic:faze.2.kljucne_tocke.4	faze.2.kljucne_tocke.4	Ne prodajaj med discoveryjem. Ne reagiraj z 'mi to tudi delamo' na vsako njihovo težavo.	Nemojte prodavati tijekom otkrivanja. Ne reagirajte s 'i mi to radimo' na svaki njihov problem.	Nemojte prodavati tokom otkrivanja. Nemojte reagovati sa „i mi to radimo“ na svaki njihov problem.	
content	data/vodic.json	vodic:faze.2.naziv	faze.2.naziv	Discovery (25 minut)	Otkriće (25 minuta)	Otkriće (25 minuta)	
content	data/vodic.json	vodic:faze.2.signal_konca	faze.2.signal_konca	Identificiral si 2-4 konkretne bolečine s posledicami. Stranka je potrdila povzetek. Veš, kdo odloča in po katerem procesu.	Identificirali ste 2-4 konkretne boli s posljedicama. Klijent je odobrio sažetak. Zna se tko odlučuje i kojim postupkom.	Identifikovali ste 2-4 konkretna bola sa posledicama. The client approved the summary. You know who decides and by what process.	
content	data/vodic.json	vodic:faze.2.tipicne_napake.0	faze.2.tipicne_napake.0	Govoriš več kot stranka. Če sledi sestanka kažejo, da si govoril več kot 30 %, si zgrešil discovery.	Vi govorite više od kupca. Ako tragovi sastanka pokazuju da ste razgovarali više od 30%, propustili ste otkriće.	Govorite više od mušterije. Ako zapisi sastanka pokazuju da ste govorili više od 30%, propustili ste otkriće.	
content	data/vodic.json	vodic:faze.2.tipicne_napake.1	faze.2.tipicne_napake.1	Pripravljaš naslednje vprašanje, medtem ko stranka govori — opaziti je, ker tvoji odgovori ne kažejo, da si poslušal.	Pripremate sljedeće pitanje dok kupac govori — to je vidljivo jer vaši odgovori ne pokazuju da ste slušali.	Pripremate sledeće pitanje dok klijent govori — to je primetno jer vaši odgovori ne pokazuju da ste slušali.	
content	data/vodic.json	vodic:faze.2.tipicne_napake.2	faze.2.tipicne_napake.2	Prodajaš vmes: 'Aha, mi to imamo zelo dobro pokrito.' To prekine miselni tok stranke in jo postavi v defenzivni način.	Vi prodajete između: 'Ah, to smo dobro pokrili.' To prekida klijentov tijek misli i stavlja ga u obrambeni način.	Prodajete između: 'Ah, imamo to vrlo dobro pokriveno.' Ovo prekida klijentov tok misli i stavlja ga u odbrambeni režim.	
content	data/vodic.json	vodic:faze.2.tipicne_napake.3	faze.2.tipicne_napake.3	Postavljaš zaprta vprašanja, na katera se odgovori z 'da/ne'. 'Imate težave z odpadki?' = slabo. 'Kako vam danes deluje ravnanje z odpadki?' = dobro.	Postavljate zatvorena pitanja na koja se odgovara s 'da/ne'. 'Imate li problema s otpadom?' = loše. 'Kako vam danas ide gospodarenje otpadom?' = dobro.	Postavljate zatvorena pitanja na koja se odgovara sa 'da/ne'. 'Da li imate problem sa otpadom?' = loše. 'Kako upravljanje otpadom funkcioniše za vas danas?' = dobro.	
content	data/vodic.json	vodic:faze.2.tipicne_napake.4	faze.2.tipicne_napake.4	Pozabljaš povzeti. Brez povzetka stranka misli, da nisi poslušal, in ne ve, kaj si si zapomnil.	Zaboravljate rezimirati. Bez sažetka, klijent misli da niste slušali i ne zna čega ste se sjetili.	Zaboravljate da rezimirate. Bez rezimea, klijent misli da niste slušali i ne zna šta ste zapamtili.	
content	data/vodic.json	vodic:faze.2.trajanje	faze.2.trajanje	25 minut — največji del sestanka	25 minuta — najdulji dio sastanka	25 minuta — najduži deo sastanka	
content	data/vodic.json	vodic:faze.3.cilj	faze.3.cilj	Mostiti od poslušanja k predstavljanju. Ne preskakuj te faze.	Most od slušanja do zamišljanja. Nemojte preskočiti ovu fazu.	Bridge from listening to imagining. Ne preskačite ovu fazu.	
content	data/vodic.json	vodic:faze.3.govori.0.kdaj	faze.3.govori.0.kdaj	Standardni prehod	Standardna propusnica	Standardna propusnica	
content	data/vodic.json	vodic:faze.3.govori.0.tekst	faze.3.govori.0.tekst	Hvala, da ste mi to razložili. Zdaj bolje razumem vašo situacijo. Predlagam, da vam v 10 minutah pokažem, kako bi Interzero pristopil k vsem trem stvarem, ki ste jih izpostavili — [naštej 3]. Če bo vmes karkoli nejasnega ali se bom oddaljil od vaše situacije, me prosim ustavite. Vam to ustreza?	Hvala što si mi ovo objasnio. Sada bolje razumijem vašu situaciju. Predlažem da vam za 10 minuta pokažem kako bi Interzero pristupio svim trima stvarima koje ste pokrenuli — [popis 3]. Ako nešto između nije jasno ili ako odlutam od vaše situacije, molim vas da me zaustavite. Odgovara li ti to?	Hvala što ste mi ovo objasnili. Sada bolje razumem tvoju situaciju. Predlažem da vam za 10 minuta pokažem kako bi Interzero pristupio sve tri stvari koje ste pokrenuli — [lista 3]. Ako je nešto između toga nejasno ili ako se udaljim od vaše situacije, molim vas zaustavite me. Da li vam to odgovara?	
content	data/vodic.json	vodic:faze.3.id	faze.3.id	tranzicija			
content	data/vodic.json	vodic:faze.3.kljucne_tocke.0	faze.3.kljucne_tocke.0	Ta prehod loči profesionalca od trgovca.	Ovaj prijelaz odvaja profesionalca od trgovca.	Ova tranzicija odvaja profesionalca od trgovca.	
content	data/vodic.json	vodic:faze.3.kljucne_tocke.1	faze.3.kljucne_tocke.1	Eksplicitno povej, da prehajaš v predstavitev.	Izričito recite da prelazite na prezentaciju.	Izričito recite da prelazite na prezentaciju.	
content	data/vodic.json	vodic:faze.3.kljucne_tocke.2	faze.3.kljucne_tocke.2	Vežo predstavitev na to, kar si slišal — ne na svoj katalog.	Povežite prezentaciju s onim što ste čuli - ne s vašim katalogom.	Povežite prezentaciju sa onim što ste čuli - ne sa svojim katalogom.	
content	data/vodic.json	vodic:faze.3.naziv	faze.3.naziv	Prehod v predstavitev	Prijelaz na prezentaciju	Prelazak na prezentaciju	
content	data/vodic.json	vodic:faze.3.signal_konca	faze.3.signal_konca	Stranka je odobrila prehod in pričakuje, da boš nagovoril tri stvari, ki jih je povedala.	Klijent je odobrio prijelaz i očekuje da se pozabavite trima stvarima koje je rekla.	Klijent je odobrio prelazak i očekuje da se pozabavite tri stvari koje je rekla.	
content	data/vodic.json	vodic:faze.3.tipicne_napake.0	faze.3.tipicne_napake.0	Brez prehoda začneš z 'Naj vam povem, kaj delamo...' — stranka takoj zazna, da nisi poslušal.	Bez prijelaza, počinjete s 'Da vam kažem što radimo...' — kupac odmah osjeti da ga niste slušali.	Bez prelaza, počinjete sa „Dozvolite mi da vam kažem šta radimo...“ — kupac odmah oseti da niste slušali.	
content	data/vodic.json	vodic:faze.3.tipicne_napake.1	faze.3.tipicne_napake.1	Predstavljaš celoten katalog namesto treh stvari, ki jih je stranka izpostavila.	Predstavljate cijeli katalog umjesto tri stvari koje je kupac istaknuo.	Predstavljate ceo katalog umesto tri stvari koje je kupac istakao.	
content	data/vodic.json	vodic:faze.3.trajanje	faze.3.trajanje	1-2 minuti	1-2 minute	1-2 minuta	
content	data/vodic.json	vodic:faze.4.branche.0.ce_stranka	faze.4.branche.0.ce_stranka	Vpraša: 'Koliko to stane?'	On pita: 'Koliko to košta?'	On pita: 'Koliko to košta?'	
content	data/vodic.json	vodic:faze.4.branche.0.ti_naredi	faze.4.branche.0.ti_naredi	Ne izogibaj se, vendar ne podaj končne številke prehitro. Reci: 'Pošteno vprašanje. Da vam dam realno številko, potrebujem [konkreten podatek — količine, lokacije, obstoječi stroški]. Lahko vam pa zdaj povem razpon: pri stranki vaše velikosti se ponavadi gibljemo med [X in Y] letno. Je to v razponu, ki ga pričakujete?'	Nemojte bježati, ali nemojte prebrzo dati konačnu brojku. Reci: 'Pošteno pitanje. Kako bih vam dao realan broj, trebam [konkretne informacije — količine, lokacije, postojeći troškovi]. Ali sada vam mogu reći raspon: za klijenta vaše veličine obično imamo između [X i Y] godišnje. Je li to u rasponu koji očekujete?'	Nemojte zazirati, ali ne dajte konačan broj prebrzo. Recite: 'Pošteno pitanje. Da bih vam dao realan broj, trebaju mi [konkretne informacije — količine, lokacije, postojeći troškovi]. Ali sada vam mogu reći opseg: za klijenta vaše veličine, obično smo između [Ks i I] godišnje. Da li je to u opsegu koji očekujete?'	
content	data/vodic.json	vodic:faze.4.branche.1.ce_stranka	faze.4.branche.1.ce_stranka	Med predstavitvijo začne ugovarjati ('to že imamo').	Tijekom izlaganja počinje prigovarati ('to već imamo').	Tokom izlaganja počinje da prigovara ('to već imamo').	
content	data/vodic.json	vodic:faze.4.branche.1.ti_naredi	faze.4.branche.1.ti_naredi	Ne brani se. Reci: 'Razumem. Lahko mi razložite, kako trenutno to delate, da vidim, kje se mogoče razlikujemo?' Vrni se v discovery za to specifično točko.	Nemoj se braniti. Reci: 'Razumijem. Možete li mi objasniti kako to trenutno radite kako bih mogao vidjeti gdje bismo se mogli razlikovati?' Povratak na otkriće za ovu određenu točku.	Nemojte se braniti. Reci: 'Razumem. Možete li mi objasniti kako to trenutno radite da bih mogao da vidim u čemu se možemo razlikovati?' Vratite se na otkriće za ovu konkretnu tačku.	
content	data/vodic.json	vodic:faze.4.branche.2.ce_stranka	faze.4.branche.2.ce_stranka	Postavi tehnično vprašanje, ki ga ne znaš odgovoriti.	Postavite tehničko pitanje na koje ne možete odgovoriti.	Postavite tehničko pitanje na koje ne možete odgovoriti.	
content	data/vodic.json	vodic:faze.4.branche.2.ti_naredi	faze.4.branche.2.ti_naredi	NIKOLI ne ugibaj. Reci: 'To je zelo specifično vprašanje. Ne želim ugibati. Naj ga zapišem in vam pošljem odgovor v 24 urah s konkretno številko/dokumentom.' Iskrenost > pretveza znanja.	NIKADA ne pogađajte. Recite: 'To je vrlo specifično pitanje. Ne želim nagađati. Dopustite mi da to zapišem i pošaljem vam odgovor u roku od 24 sata s određenim brojem/dokumentom.' Poštenje > pretvaranje znanja.	NIKAD ne pogađaj. Recite: 'To je vrlo specifično pitanje. Ne želim da nagađam. Dozvolite mi da to zapišem i pošaljem vam odgovor u roku od 24 sata sa određenim brojem/dokumentom.' Iskrenost > pretvaranje znanja.	
content	data/vodic.json	vodic:faze.4.cilj	faze.4.cilj	Pokazati, kako Interzero rešuje tri specifične bolečine, ki si jih slišal. Nič več.	Pokazati kako Interzero rješava tri specifične bolne točke koje ste čuli. Ništa više.	Da pokažete kako Interzero rešava tri specifične bolne tačke koje ste čuli. Ništa više.	
content	data/vodic.json	vodic:faze.4.govori.0.kdaj	faze.4.govori.0.kdaj	Začetek predstavitve	Početak prezentacije	Početak prezentacije	
content	data/vodic.json	vodic:faze.4.govori.0.tekst	faze.4.govori.0.tekst	Naj začnem s prvo stvarjo, ki ste jo izpostavili — [bolečina A]. Pri stranki vašega profila to tipično rešimo tako, da [konkreten korak]. Konkreten primer: pri [panoga, brez imena] smo začeli z [začetno stanje], v 3 mesecih dosegli [konkreten rezultat]. Ali to zveni razumno za vašo situacijo?	Dopustite mi da počnem s prvom stvari koju ste spomenuli — [bol A]. Za klijenta vašeg profila to obično rješavamo [specifičnim korakom]. Konkretan primjer: u [industriji, bez imena] počeli smo s [početnom bilansom], postigli [konkretan rezultat] u 3 mjeseca. Zvuči li to razumno za vašu situaciju?	Dozvolite mi da počnem sa prvom stvari koju ste spomenuli — [bol A]. Za klijenta vašeg profila to obično rešavamo [konkretnim korakom]. Konkretan primer: u [industriji, bez imena] počeli smo sa [početno stanje], postigli [specifičan rezultat] za 3 meseca. Da li ovo zvuči razumno za vašu situaciju?	
content	data/vodic.json	vodic:faze.4.govori.1.kdaj	faze.4.govori.1.kdaj	Sredina, preverjanje	Sredina, provjera	Sredina, provera	
content	data/vodic.json	vodic:faze.4.govori.1.tekst	faze.4.govori.1.tekst	Preden grem naprej — ali to, kar sem opisal, ustreza temu, kar ste imeli v mislih, ali je vaš primer drugačen?	Prije nego što nastavim — odgovara li ono što sam opisao onome što ste imali na umu ili je vaš slučaj drugačiji?	Pre nego što nastavim dalje — da li se ono što sam opisao poklapa sa onim što ste imali na umu ili je vaš slučaj drugačiji?	
content	data/vodic.json	vodic:faze.4.govori.2.kdaj	faze.4.govori.2.kdaj	Konec predstavitve	Kraj prezentacije	Kraj prezentacije	
content	data/vodic.json	vodic:faze.4.govori.2.tekst	faze.4.govori.2.tekst	Na kratko, kar predlagam, je tole: [3 točke]. Vse to lahko sestavimo v en paket, en mesečni račun, en kontakt. Kaj od tega je za vas najpomembnejše — če bi morali izbrati eno?	Ukratko, ono što predlažem je sljedeće: [3 boda]. Sve to možemo spojiti u jedan paket, jedan mjesečni račun, jedan kontakt. Koji vam je najvažniji — ako biste morali izabrati jedan?	Ukratko, ono što predlažem je ovo: [3 boda]. Sve ovo možemo da spojimo u jedan paket, jedan mesečni račun, jedan kontakt. Šta vam je najvažnije — ako biste morali da izaberete jedan?	
content	data/vodic.json	vodic:faze.4.kljucne_tocke.0	faze.4.kljucne_tocke.0	Tri stvari, ne deset. Več kot tri stvari = stranka se ne spomni ničesar.	Tri stvari, ne deset. Više od tri stvari = kupac se ničega ne sjeća.	Tri stvari, ne deset. Više od tri stvari = kupac se ničega ne seća.	
content	data/vodic.json	vodic:faze.4.kljucne_tocke.1	faze.4.kljucne_tocke.1	Vsaka točka: njihova bolečina → kako jo rešujemo → konkreten primer iz primerljive stranke.	Svaka točka: njihova bol → kako to rješavamo → konkretan primjer usporedivog kupca.	Svaka tačka: njihov bol → kako ga rešavamo → konkretan primer od uporedivog kupca.	
content	data/vodic.json	vodic:faze.4.kljucne_tocke.2	faze.4.kljucne_tocke.2	Med predstavitvijo dva-trikrat preveri: 'Ali to nagovori vašo situacijo?'	Tijekom prezentacije dva ili tri puta provjerite: 'Odgovara li ovo vašoj situaciji?'	Tokom prezentacije, proverite dva ili tri puta: „Da li ovo odgovara vašoj situaciji?“	
content	data/vodic.json	vodic:faze.4.kljucne_tocke.3	faze.4.kljucne_tocke.3	Cena se običajno NE pove na prvem sestanku, razen če stranka eksplicitno vpraša.	Cijena se obično NE spominje na prvom sastanku, osim ako to klijent izričito ne traži.	Cena se obično NE pominje na prvom sastanku, osim ako klijent izričito ne pita.	
content	data/vodic.json	vodic:faze.4.naziv	faze.4.naziv	Predstavitev rešitve (10 minut)	Prezentacija rješenja (10 minuta)	Prezentacija rešenja (10 minuta)	
content	data/vodic.json	vodic:faze.4.signal_konca	faze.4.signal_konca	Stranka je potrdila, da rešitev nagovarja njihove bolečine. Pripravljena je razmišljati o naslednjem koraku.	Kupac je potvrdio da je rješenje riješilo njihove bolne točke. Spremna je razmišljati o sljedećem koraku.	Kupac je potvrdio da rešenje rešava njihove bolne tačke. Spremna je da razmišlja o sledećem koraku.	
content	data/vodic.json	vodic:faze.4.tipicne_napake.0	faze.4.tipicne_napake.0	Predstavitev preraste v katalog: 'imamo še... in tudi... in poleg tega...' Stranka se zmede.	Prezentacija se pretvara u katalog: 'imamo i mi... i također... i još k tome...' Kupac je zbunjen.	Prezentacija se pretvara u katalog: 'imamo i... i još... i pored toga...' Kupac je zbunjen.	
content	data/vodic.json	vodic:faze.4.tipicne_napake.1	faze.4.tipicne_napake.1	Preskočiš preverjanje med predstavitvijo. Govoriš 10 minut, ne da bi vedel, ali ti še sledijo.	Preskačete provjeru tijekom prezentacije. Razgovarate 10 minuta, a da ne znate prate li vas još uvijek.	Preskačete verifikaciju tokom prezentacije. Pričate 10 minuta, a da ne znate da li vas još uvek prate.	
content	data/vodic.json	vodic:faze.4.tipicne_napake.2	faze.4.tipicne_napake.2	Daš ceno prehitro, brez kvalifikacije obsega. Stranka jo primerja z napačnim kontekstom.	Prebrzo dajete cijenu, bez kvalificiranja opsega. Kupac to uspoređuje s pogrešnim kontekstom.	Prebrzo dajete cenu, bez kvalifikacije obima. Kupac to upoređuje sa pogrešnim kontekstom.	
content	data/vodic.json	vodic:faze.4.tipicne_napake.3	faze.4.tipicne_napake.3	Govoriš o značilnostih (mi imamo X), ne o koristih (vam to pomeni Y).	Govorite o značajkama (mi imamo X), a ne o prednostima (vama to znači Y).	Govorite o karakteristikama (mi imamo Ks), a ne o prednostima (to vam znači I).	
content	data/vodic.json	vodic:faze.4.trajanje	faze.4.trajanje	10 minut	10 minuta	10 minuta	
content	data/vodic.json	vodic:faze.5.branche.0.ce_stranka	faze.5.branche.0.ce_stranka	Ugovor je o ceni.	Prigovor se odnosi na cijenu.	Zamerka se odnosi na cenu.	
content	data/vodic.json	vodic:faze.5.branche.0.ti_naredi	faze.5.branche.0.ti_naredi	Ne padaj v popust. Vprašaj: 'V primerjavi s čim?' Pogosto stranka primerja jabolka in hruške. Razjasni, kaj točno primerjajo.	Ne nasjedajte na popust. Pitajte: 'U usporedbi s čime?' Često kupac uspoređuje jabuke i kruške. Neka bude jasno što točno uspoređuju.	Ne nasedajte na popust. Pitajte: 'U poređenju sa čime?' Često kupac upoređuje jabuke i kruške. Neka bude jasno šta tačno upoređuju.	
content	data/vodic.json	vodic:faze.5.branche.1.ce_stranka	faze.5.branche.1.ce_stranka	Ugovor je o obstoječem dobavitelju ('imamo že koga').	Prigovor se odnosi na postojećeg dobavljača ('imamo već nekoga').	Prigovor se odnosi na postojećeg dobavljača ('već imamo nekoga').	
content	data/vodic.json	vodic:faze.5.branche.1.ti_naredi	faze.5.branche.1.ti_naredi	Ne napadi konkurenta. Vprašaj: 'Kako sodelujete? Kaj dela dobro? Kaj bi želeli izboljšati?' Iščeš vrzeli, ne razlogov za zamenjavo.	Ne napadajte svog konkurenta. Pitajte: 'Kako radite zajedno? Što čini dobro? Što biste željeli poboljšati?' Tražite praznine, a ne razloge za promjenu.	Ne napadajte svog konkurenta. Pitajte: 'Kako radite zajedno? Šta radi dobro? Šta biste želeli da poboljšate?' Tražite praznine, a ne razloge za promjenu.	
content	data/vodic.json	vodic:faze.5.branche.2.ce_stranka	faze.5.branche.2.ce_stranka	Ugovor je o času ('ni časa zdaj').	Prigovor se odnosi na vrijeme ('sada nema vremena').	Prigovor se odnosi na vreme ('sada nema vremena').	
content	data/vodic.json	vodic:faze.5.branche.2.ti_naredi	faze.5.branche.2.ti_naredi	Ne pritiskaj. Daj jim izhod: 'Razumem. Lahko se vrnem čez 3 mesece. Ali pa 15 minut zdaj, da vidite, ali sploh ima smisel.' Stranka, ki nima časa danes, lahko ima jutri.	Ne guraj. Dajte im oduška: 'Razumijem. Mogu se vratiti za 3 mjeseca. Ili 15 minuta sada da vidim ima li uopće smisla.' Kupac koji nema vremena danas, može imati vremena sutra.	Ne guraj. Dajte im izlaz: „Razumem. Mogu se vratiti za 3 meseca. Ili 15 minuta da vidimo da li uopšte ima smisla.' Mušterija koja danas nema vremena može imati vremena sutra.	
content	data/vodic.json	vodic:faze.5.cilj	faze.5.cilj	Ugovor ni ovira — je signal interesa. Stranka, ki ugovarja, razmišlja. Tiha stranka je nevarnejša.	Prigovor nije prepreka - on je znak interesa. Stranka koja prigovara razmišlja. Tiha stranka je opasnija.	Prigovor nije prepreka – to je znak interesovanja. Strana koja se protivi razmišlja. Tiha zabava je opasnija.	
content	data/vodic.json	vodic:faze.5.govori.0.kdaj	faze.5.govori.0.kdaj	Standardna formula AVO	Standardna AVO formula	Standardna AVO formula	
content	data/vodic.json	vodic:faze.5.govori.0.tekst	faze.5.govori.0.tekst	[Acknowledge] Razumem, to je legitimno vprašanje / pošten ugovor. [Vprašaj] Lahko mi malo več razložite, kaj točno mislite s tem? Da vam odgovorim na pravo stvar. [Posluša]. [Odgovori] Glede na to, kar ste povedali, [konkreten odgovor].	[Potvrda] Razumijem, ovo je legitimno pitanje / pošten prigovor. [Ask] Možete li malo više objasniti što točno mislite pod tim? Da odgovorim na pravu stvar. [Sluša]. [Odgovori] Na temelju onoga što ste rekli, [konkretan odgovor].	[Potvrdi] Razumem, ovo je legitimno pitanje/fer prigovor. [Pitajte] Možete li malo više da objasnite šta tačno mislite pod tim? Da odgovorim na pravu stvar. [Sluša]. [Odgovori] Na osnovu onoga što ste rekli, [konkretni odgovor].	
content	data/vodic.json	vodic:faze.5.govori.1.kdaj	faze.5.govori.1.kdaj	Univerzalni začetek pri težkem ugovoru	Univerzalni početak za težak prigovor	Univerzalni početak za težak prigovor	
content	data/vodic.json	vodic:faze.5.govori.1.tekst	faze.5.govori.1.tekst	Hvala, da ste to izpostavili. Bolje, da se o tem pogovoriva zdaj, kot da bi vas to pestilo kasneje.	Hvala što ste ovo istaknuli. Bolje razgovarati o tome sada nego dopustiti da vas kasnije smeta.	Hvala što ste ovo istakli. Bolje je da pričate o tome sada nego da dozvolite da vam to smeta kasnije.	
content	data/vodic.json	vodic:faze.5.id	faze.5.id	ugovori			
content	data/vodic.json	vodic:faze.5.kljucne_tocke.0	faze.5.kljucne_tocke.0	Formula 'A-V-O': Acknowledge (priznaj) → Vprašaj (kaj točno) → Odgovori.	Formula 'A-V-O': Potvrdi → Pitaj (što točno) → Odgovori.	Formula 'A-V-O': Potvrdi → Pitaj (šta tačno) → Odgovori.	
content	data/vodic.json	vodic:faze.5.kljucne_tocke.1	faze.5.kljucne_tocke.1	Nikoli takoj ne argumentiraj proti ugovoru. To je defenzivno in proti tebi.	Nikada nemojte odmah argumentirati prigovor. To je obrambeno i protiv vas.	Nikada nemojte odmah raspravljati protiv prigovora. To je defanzivno i protiv vas.	
content	data/vodic.json	vodic:faze.5.kljucne_tocke.2	faze.5.kljucne_tocke.2	Knjižnica vseh ugovorov je v modulu Ugovori — odpri ga med pripravo.	Biblioteka svih prigovora nalazi se u modulu Prigovori — otvorite je tijekom pripreme.	Biblioteka svih primedbi nalazi se u modulu Primedbe — otvorite je tokom pripreme.	
content	data/vodic.json	vodic:faze.5.naziv	faze.5.naziv	Soočenje z ugovori	Suočavanje s prigovorima	Rešavanje prigovora	
content	data/vodic.json	vodic:faze.5.signal_konca	faze.5.signal_konca	Stranka je sprejela tvoj odgovor (ne nujno strinjala se) in pogovor lahko gre naprej.	Kupac je prihvatio vaš odgovor (ne nužno složio) i razgovor može nastaviti.	Kupac je prihvatio vaš odgovor (nije nužno saglasan) i razgovor može da se nastavi.	
content	data/vodic.json	vodic:faze.5.tipicne_napake.0	faze.5.tipicne_napake.0	Začneš odgovarjati, preden si razumel, kaj točno je ugovor. 'Predragi ste' lahko pomeni 5 različnih stvari.	Počinjete odgovarati prije nego što shvatite o čemu se točno radi. 'Preskup si' može značiti 5 različitih stvari.	Počinjete da odgovarate pre nego što shvatite šta je tačno prigovor. „Preskupi ste“ može značiti 5 različitih stvari.	
content	data/vodic.json	vodic:faze.5.tipicne_napake.1	faze.5.tipicne_napake.1	Postaneš defenziven. Ko stranka ugovarja, jo motivira tvoja reakcija, ne argument.	Postajete obrambeni. Kada se kupac usprotivi, motiviran je vašom reakcijom, a ne argumentom.	Postajete defanzivni. Kada mušterija prigovori, motivisana je vašom reakcijom, a ne argumentom.	
content	data/vodic.json	vodic:faze.5.tipicne_napake.2	faze.5.tipicne_napake.2	Pridiguješ. Stranka ne potrebuje predavanja, potrebuje rešitev.	Vi propovijedate. Kupac ne treba predavanje, treba mu rješenje.	Ti propovedaš. Kupcu nije potrebno predavanje, potrebno mu je rešenje.	
content	data/vodic.json	vodic:faze.5.trajanje	faze.5.trajanje	Sproti, ne v ločeni fazi	U tijeku, ne u posebnoj fazi	U toku, ne u posebnoj fazi	
content	data/vodic.json	vodic:faze.6.branche.0.ce_stranka	faze.6.branche.0.ce_stranka	Reče: 'Razmislili bomo in se vam oglasimo.'	On kaže: 'Razmislit ćemo o tome i javit ćemo vam se.'	On kaže: 'Razmislićemo o tome i javiti vam se.'	
content	data/vodic.json	vodic:faze.6.branche.0.ti_naredi	faze.6.branche.0.ti_naredi	Ne sprejmi tega kot konec. Reci: 'Razumem, da potrebujete čas. Da ne ostane v zraku — lahko se vseeno dogovoriva za 15-minutni klic, recimo prihodnji teden? Tako vidite, kje smo, in jaz vem, kdaj pričakovati odgovor. Vam ustreza četrtek ob 10h?'	Nemojte ovo shvatiti kao kraj. Reci: 'Razumijem da ti treba vremena. Da ne bude u zraku — možemo li ipak zakazati 15-minutni razgovor, recimo sljedeći tjedan? Na taj način možete vidjeti gdje smo i znam kada mogu očekivati ​​odgovor. Odgovara li vam četvrtak u 10 sati?'	Nemojte ovo shvatiti kao kraj. Recite: „Razumem da vam treba vremena. Da to ne bi bilo u vazduhu — možemo li i dalje zakazati 15-minutni poziv, recimo sledeće nedelje? Tako možete videti gde smo i znam kada da očekujem odgovor. Odgovara li vam četvrtak u 10 sati?'	
content	data/vodic.json	vodic:faze.6.branche.1.ce_stranka	faze.6.branche.1.ce_stranka	Reče: 'Pošljite mi ponudbo / gradivo.'	Piše: 'Pošalji mi ponudu / materijal.'	Piše: 'Pošaljite mi ponudu / materijal.'	
content	data/vodic.json	vodic:faze.6.branche.1.ti_naredi	faze.6.branche.1.ti_naredi	Reci: 'Lahko, ampak najprej ena stvar. Predlagam, da ponudbo pripravim na podlagi konkretnih podatkov, ne splošno. Lahko mi do [datum] pošljete [konkreten seznam]? Ponudbo dobite v [rok]. Po tem se slišiva 15 minut, da pregleva.' Brez pošljatve v črno luknjo.	Reci: 'Naravno, ali prvo nešto. Predlažem da ponudu napravite na temelju konkretnih podataka, a ne općih informacija. Možete li mi poslati [određeni popis] do [datum]? Dobijte ponudu do [rok]. Nakon toga razgovaramo 15 minuta da se družimo.' Nema slanja u crnu rupu.	Recite: „Naravno, ali prvo. Predlažem da ponudu napravite na osnovu konkretnih podataka, a ne opštih informacija. Možete li mi poslati [određenu listu] do [datum]? Dobijte ponudu do [roka]. Posle toga razgovaramo 15 minuta da se družimo.' Nema slanja u crnu rupu.	
content	data/vodic.json	vodic:faze.6.branche.2.ce_stranka	faze.6.branche.2.ce_stranka	Reče: 'Pošljite, mogoče bomo, mogoče ne.'	Kaže, 'Pošalji, možda hoćemo, možda ne'.	Kaže: 'Pošalji, možda hoćemo, možda ne.'	
content	data/vodic.json	vodic:faze.6.branche.2.ti_naredi	faze.6.branche.2.ti_naredi	Bodi pošten: 'Razumem. Naj iskreno vprašam — ali je smiselno, da nadaljujemo, ali je trenutek napačen? Oba odgovora sta zame koristna, ker ne želim, da se vsi vmes mučimo.' Pošteno vprašanje pogosto razkrije resnico.	Budite iskreni: 'Razumijem. Iskreno da pitam — ima li smisla nastaviti ili je trenutak pogrešan? Oba odgovora su mi korisna jer ne želim da se svi mučimo između.' Iskreno pitanje često otkriva istinu.	Budite iskreni: „Razumem. Iskreno da pitam — ima li smisla nastaviti, ili je trenutak pogrešan? Oba odgovora su mi korisna jer ne želim da se svi mučimo između.' Iskreno pitanje često otkriva istinu.	
content	data/vodic.json	vodic:faze.6.branche.3.ce_stranka	faze.6.branche.3.ce_stranka	Reče: 'Moramo dobiti soglasje [vodstva / centrale / lastnika].'	Kaže: 'Moramo dobiti suglasnost [uprave/glavnog ureda/vlasnika].'	On kaže: 'Moramo dobiti saglasnost [menadžmenta / sjedišta / vlasnika].'	
content	data/vodic.json	vodic:faze.6.branche.3.ti_naredi	faze.6.branche.3.ti_naredi	Reci: 'Razumem. Lahko jaz pomagam — ali pripravim povzetek, ki vam pomaga to interno predstaviti, ali pa se priključim sestanku z njimi za 20 minut. Kaj bi bilo bolj koristno?'	Reci: 'Razumijem. Mogu pomoći — ili pripremite sažetak koji će vam pomoći da ovo interno predstavite, ili se pridružite sastanku s njima na 20 minuta. Što bi bilo korisnije?'	Reci: 'Razumem. Mogu vam pomoći — ili pripremite rezime koji će vam pomoći da ovo interno predstavite ili se pridružite sastanku sa njima na 20 minuta. Šta bi bilo korisnije?'	
content	data/vodic.json	vodic:faze.6.cilj	faze.6.cilj	Pridobiti konkreten naslednji korak z DATUMOM. Sestanek brez naslednjega koraka je izgubljen sestanek.	Napravite konkretan sljedeći korak uz DATUM. Sastanak bez sljedećeg koraka izgubljen je sastanak.	Napravite konkretan sledeći korak sa DATE. Sastanak bez sledećeg koraka je izgubljen sastanak.	
content	data/vodic.json	vodic:faze.6.govori.0.kdaj	faze.6.govori.0.kdaj	Povzetek pred zaključkom	Sažetak prije zaključka	Rezime pre zaključka	
content	data/vodic.json	vodic:faze.6.govori.0.tekst	faze.6.govori.0.tekst	Da povzamem, na čem sva. Slišal sem, da je za vas najpomembnejše [glavna bolečina]. Predlagam, da [konkreten naslednji korak]. Da bo to delovalo, mi vi pošljete [konkreten podatek — količine, lokacije, dokument]. Jaz vam pripravim [konkreten rezultat — predračun, analizo, primerjavo] do [datum]. Potem se vidimo še za 30 minut, da pregleva. Vam to ustreza?	Da rezimiramo gdje smo. Čuo sam da je za tebe najvažnija [glavna bol]. Predlažem [specifičan sljedeći korak]. Kako bi ovo funkcioniralo, pošaljite mi [specifične informacije — količine, lokacije, dokument]. Za vas ću pripremiti [konkretan rezultat — procjena, analiza, usporedba] do [datum]. Onda se vidimo još 30 minuta da se družimo. Odgovara li ti to?	Da sumiramo gde smo. Čuo sam da ti je najvažnije [glavni bol]. Predlažem [konkretni sledeći korak]. Da bi ovo funkcionisalo, pošaljite mi [konkretne informacije — količine, lokacije, dokument]. Pripremiću [konkretan rezultat — procena, analiza, poređenje] za vas do [datum]. Onda se vidimo još 30 minuta da se družimo. Da li vam to odgovara?	
content	data/vodic.json	vodic:faze.6.govori.1.kdaj	faze.6.govori.1.kdaj	Postavljanje datuma	Postavljanje datuma	Podešavanje datuma	
content	data/vodic.json	vodic:faze.6.govori.1.tekst	faze.6.govori.1.tekst	Predlagam, da se zdaj že dogovoriva za naslednji sestanek, da ne izgubimo časa s pošiljanjem terminov. Koledar imam tukaj. Kaj vam ustreza — torek 5. ali sreda 6.?	Predlažem da sada dogovorimo sljedeći sastanak da ne gubimo vrijeme na slanje termina. Ovdje imam kalendar. Što vam odgovara — utorak 5. ili srijeda 6.?	Predlažem da odmah dogovorimo sledeći sastanak kako ne bismo gubili vreme na slanje termina. Imam kalendar ovde. Šta vam odgovara — utorak 5. ili sreda 6.?	
content	data/vodic.json	vodic:faze.6.govori.2.kdaj	faze.6.govori.2.kdaj	Zaključno preverjanje	Konačna provjera	Konačna provera	
content	data/vodic.json	vodic:faze.6.govori.2.tekst	faze.6.govori.2.tekst	Še zadnja stvar — ali je še kaj, kar bi se vam zdelo pomembno, da pred naslednjim sestankom razrešim ali pripravim?	Posljednja stvar — postoji li još nešto što mislite da je važno da riješim ili pripremim prije sljedećeg sastanka?	Još jedna stvar — da li mislite da je još nešto važno da se obratim ili pripremim pre sledećeg sastanka?	
content	data/vodic.json	vodic:faze.6.id	faze.6.id	zakljucek			
content	data/vodic.json	vodic:faze.6.kljucne_tocke.0	faze.6.kljucne_tocke.0	Naslednji korak ne sme biti 'razmislili bomo' ali 'kontaktirali se bomo'. Mora imeti datum.	Sljedeći korak ne bi trebao biti 'razmislit ćemo o tome' ili 'kontaktirat ćemo vas'. Mora imati datum.	Sledeći korak ne bi trebalo da bude „razmislićemo o tome“ ili „kontaktirat ćemo vas“. Mora da ima datum.	
content	data/vodic.json	vodic:faze.6.kljucne_tocke.1	faze.6.kljucne_tocke.1	Predlagaj ti, ne čakaj, da bo stranka.	Vi predložite, ne čekajte mušteriju.	Predlažeš, ne čekaj mušteriju.	
content	data/vodic.json	vodic:faze.6.kljucne_tocke.2	faze.6.kljucne_tocke.2	Pridobi commitment, ne odprtih emailov.	Obvezujte se, a ne otvarajte e-poštu.	Budite posvećeni, a ne otvarajte mejlove.	
content	data/vodic.json	vodic:faze.6.kljucne_tocke.3	faze.6.kljucne_tocke.3	Pred koncem povzemi, da si na isti strani.	Prije kraja rezimirajte da ste na istoj stranici.	Pre kraja rezimirajte da ste na istoj strani.	
content	data/vodic.json	vodic:faze.6.naziv	faze.6.naziv	Zaključek in naslednji korak (10 minut)	Zaključak i sljedeći korak (10 minuta)	Zaključak i sledeći korak (10 minuta)	
content	data/vodic.json	vodic:faze.6.signal_konca	faze.6.signal_konca	Imaš konkreten naslednji korak z DATUMOM v koledarju in dogovorjen seznam stvari, ki jih pošlje stranka.	Imate konkretan sljedeći korak s DATUMOM u svom kalendaru i dogovorenim popisom stvari koje klijent treba poslati.	Imate konkretan sledeći korak sa DATUMOM u kalendaru i dogovorenom listom stvari koje klijent treba da pošalje.	
content	data/vodic.json	vodic:faze.6.tipicne_napake.0	faze.6.tipicne_napake.0	Sprejmeš 'oglasili se bomo' brez datuma. Več kot 80 % takih primerov se ne vrne.	Prihvaćate 'javit ćemo vam se' bez datuma. Više od 80% takvih slučajeva se ne vrati.	Prihvatate da ćemo vam se javiti bez datuma. Više od 80% takvih slučajeva se ne vraća.	
content	data/vodic.json	vodic:faze.6.tipicne_napake.1	faze.6.tipicne_napake.1	Pošlješ ponudbo brez dogovorjenega datuma za pregled. Stranka jo prebere v 2 minutah in se odloči brez tebe.	Šaljete ponudu bez dogovorenog datuma na uvid. Kupac to pročita u 2 minute i donese odluku bez vas.	Šaljete ponudu bez dogovorenog datuma za pregled. Kupac ga pročita za 2 minuta i donese odluku bez vas.	
content	data/vodic.json	vodic:faze.6.tipicne_napake.2	faze.6.tipicne_napake.2	Pozabiš seznam podatkov, ki jih stranka pošlje. Brez tega ne moreš pripraviti realne ponudbe.	Zaboravili ste popis podataka koje kupac šalje. Bez toga ne možete pripremiti realnu ponudu.	Zaboravljate listu podataka koje klijent šalje. Bez toga ne možete pripremiti realnu ponudu.	
content	data/vodic.json	vodic:faze.6.tipicne_napake.3	faze.6.tipicne_napake.3	Pomesh sestanek s 'in oglasil se bom v naslednjih dneh' — preveč mehko, brez datuma.	Pomiješajte sastanak s 'javit ćemo se sljedećih nekoliko dana' — previše meko, bez datuma.	Pomešajte termin sa „i javićemo vam se u narednih nekoliko dana“ — previše meko, bez datuma.	
content	data/vodic.json	vodic:faze.7.branche.0.ce_stranka	faze.7.branche.0.ce_stranka	Ne odgovori v 7 dneh kljub dogovoru.	Ne odgovara u roku od 7 dana unatoč dogovoru.	Ne odgovara u roku od 7 dana uprkos dogovoru.	
content	data/vodic.json	vodic:faze.7.branche.0.ti_naredi	faze.7.branche.0.ti_naredi	Pošlji kratek opomnik. Ne sprašuj 'ste prejeli moj email' — predpostavlja, da je krivda na njihovi strani. Reci: 'Vračam se k temu, da ne ostane pozabljeno. Še vedno aktualno?'	Pošaljite kratki podsjetnik. Ne pitajte 'jeste li dobili moju e-poštu' — pretpostavlja se da je greška na njihovoj strani. Reci: 'Vraćam se tome da se ne zaboravi. Još uvijek relevantno?'	Pošaljite kratak podsetnik. Ne pitajte 'da li ste dobili moju e-poštu' — pretpostavlja se da je greška na njihovoj strani. Reci: 'Vraćam se tome da se ne zaboravi. Još uvek relevantno?'	
content	data/vodic.json	vodic:faze.7.branche.1.ce_stranka	faze.7.branche.1.ce_stranka	Pošlje vse podatke kot dogovorjeno.	Šalje sve podatke po dogovoru.	Šalje sve informacije prema dogovoru.	
content	data/vodic.json	vodic:faze.7.branche.1.ti_naredi	faze.7.branche.1.ti_naredi	Potrdi prejem v 24 urah, tudi če ponudba še ni gotova. 'Vse prejeto, pripravljam, dobite do [datum].' Tišina = stranka misli, da si pozabil.	Potvrdite primitak u roku od 24 sata, čak i ako ponuda još nije sigurna. 'Sve primljeno, pripremam, do [datum].' Tišina = kupac misli da ste zaboravili.	Potvrdite prijem u roku od 24 sata, čak i ako ponuda još nije sigurna. 'Sve primljeno, pripremam se, nabavite do [datum].' Tišina = kupac misli da ste zaboravili.	
content	data/vodic.json	vodic:faze.7.cilj	faze.7.cilj	Cementirati dogovor s pisno potrditvijo, zapisati znanje v CRM, premakniti se proti naslednjemu koraku.	Zacementirajte ugovor pisanom potvrdom, zabilježite znanje u CRM, krenite prema sljedećem koraku.	Zacementirajte ugovor pismenom potvrdom, zapišite znanje u CRM, idite na sledeći korak.	
content	data/vodic.json	vodic:faze.7.govori.0.kdaj	faze.7.govori.0.kdaj	Follow-up email — predloga	Naknadna e-pošta — predložak	Naknadna e-pošta — šablon	
content	data/vodic.json	vodic:faze.7.id	faze.7.id	po-sestanku			
content	data/vodic.json	vodic:faze.7.kljucne_tocke.0	faze.7.kljucne_tocke.0	Follow-up email v 24 urah ni vljudnost, je profesionalna obveznost.	Naknadna e-poruka u roku od 24 sata nije ljubaznost, to je profesionalna obveza.	Naknadni email u roku od 24 sata nije ljubaznost, to je profesionalna obaveza.	
content	data/vodic.json	vodic:faze.7.kljucne_tocke.1	faze.7.kljucne_tocke.1	CRM zapis v 24 urah — ne na koncu tedna. Spomin zbledi.	CRM zapis unutar 24 sata — ne vikendom. Sjećanje blijedi.	CRM zapis u roku od 24 sata — ne vikendom. Sećanje bledi.	
content	data/vodic.json	vodic:faze.7.kljucne_tocke.2	faze.7.kljucne_tocke.2	Razmisli: kaj se je naučil za naslednji sestanek? Kaj bi naredil drugače?	Razmislite: što je naučio za sljedeći sastanak? Što biste učinili drugačije?	Razmislite: šta je naučio za sledeći sastanak? Šta biste uradili drugačije?	
content	data/vodic.json	vodic:faze.7.naziv	faze.7.naziv	Po sestanku (24 ur)	Nakon sastanka (24 sata)	Nakon sastanka (24 sata)	
content	data/vodic.json	vodic:faze.7.signal_konca	faze.7.signal_konca	Email poslan, CRM zapisan, koledar ima datum naslednjega koraka, ti pa eno vrstico osebne lekcije.	E-pošta poslana, CRM spremljen, kalendar ima datum sljedećeg koraka i imate jedan redak osobne lekcije.	E-pošta je poslata, CRM sačuvan, kalendar ima datum sledećeg koraka, a vi imate jedan red lične lekcije.	
content	data/vodic.json	vodic:faze.7.tipicne_napake.0	faze.7.tipicne_napake.0	Follow-up email šele čez 3-5 dni. Stranka že pozabi kontekst.	Naknadna e-pošta tek za 3-5 dana. Klijent već zaboravlja kontekst.	E-poruka za praćenje samo za 3-5 dana. Klijent već zaboravlja kontekst.	
content	data/vodic.json	vodic:faze.7.tipicne_napake.1	faze.7.tipicne_napake.1	CRM zapis ostane v glavi ali v Excelu. Vodja prodaje ne ve, kje je posel. Tudi ti ne, čez en mesec.	CRM zapis ostaje u zaglavlju ili u Excelu. Voditelj prodaje ne zna gdje je posao. Ni ti, za mjesec dana.	CRM zapis ostaje u zaglavlju ili u Ekcel-u. Menadžer prodaje ne zna gde je posao. Ni ti, za mesec dana.	
content	data/vodic.json	vodic:faze.7.tipicne_napake.2	faze.7.tipicne_napake.2	Ne narediš osebne refleksije: kaj je delovalo, kaj ne, kaj bi naredil drugače.	Ne razmišljate osobno: što je uspjelo, što nije, što biste učinili drugačije.	Ne bavite se ličnim razmišljanjem: šta je uspelo, šta nije, šta biste uradili drugačije.	
content	data/vodic.json	vodic:faze.7.trajanje	faze.7.trajanje	30 minut v 24 urah	30 minuta u 24 sata	30 minuta za 24 sata	
content	data/vodic.json	vodic:principi.0.naslov	principi.0.naslov	Razmerje 80/20	Omjer 80/20	80/20 odnos	
content	data/vodic.json	vodic:principi.0.vsebina	principi.0.vsebina	Med sestankom 80 % časa govori stranka, 20 % ti. Če je obratno, si zgrešil discovery in stranka ti ne zaupa.	Tijekom sastanka, 80% vremena govori klijent, 20% vi. Ako je obrnuto, propustili ste otkriće i klijent vam ne vjeruje.	Tokom sastanka, 80% vremena klijent govori, 20% vi. Ako je obrnuto, propustili ste otkriće i klijent vam ne veruje.	
content	data/vodic.json	vodic:principi.1.naslov	principi.1.naslov	Aktivni povzetek	Aktivni sažetak	Aktivni rezime	
content	data/vodic.json	vodic:principi.1.vsebina	principi.1.vsebina	Vsakih 5-10 minut povzemi, kar si slišal. 'Razumem prav, da...' To gradi zaupanje in daje stranki priložnost popravka.	Svakih 5-10 minuta sažmite ono što ste čuli. 'Razumijem da...' Ovo gradi povjerenje i daje korisniku priliku da se iskupi.	Sumirajte šta ste čuli svakih 5-10 minuta. „Razumem da...“ Ovo gradi poverenje i daje mušteriji priliku da se iskupi.	
content	data/vodic.json	vodic:principi.2.naslov	principi.2.naslov	Ne prodajaj med discoveryjem	Nemojte prodavati tijekom otkrivanja	Nemojte prodavati tokom otkrivanja	
content	data/vodic.json	vodic:principi.2.vsebina	principi.2.vsebina	Ko slišiš bolečino, ne reci 'mi to delamo zelo dobro'. Reci: 'Razumem. Kako to vpliva na vas?' Globlje vprašanje, ne plitva prodaja.	Kad čujete bol, nemojte reći 'mi to radimo jako dobro'. Reci: 'Razumijem. Kako to utječe na tebe?' Dublje pitanje, a ne plitka prodaja.	Kada čujete bol, nemojte reći „mi to radimo veoma dobro“. Reci: 'Razumem. Kako ovo utiče na vas?' Dublje pitanje, a ne plitka prodaja.	
content	data/vodic.json	vodic:principi.3.naslov	principi.3.naslov	Tri stvari, ne deset	Tri stvari, ne deset	Tri stvari, ne deset	
content	data/vodic.json	vodic:principi.3.vsebina	principi.3.vsebina	V predstavitvi reši tri specifične bolečine, ki si jih slišal. Ne kataloga storitev. Stranka se spomni treh stvari, ne desetih.	U prezentaciji riješite tri specifične bolne točke koje ste čuli. Ne servisni katalog. Kupac pamti tri stvari, a ne deset.	U prezentaciji rešite tri specifične bolne tačke koje ste čuli. Ne katalog usluga. Mušterija pamti tri stvari, a ne deset.	
content	data/vodic.json	vodic:principi.4.naslov	principi.4.naslov	Naslednji korak z datumom	Sljedeći korak s datumom	Sledeći korak sa datumom	
content	data/vodic.json	vodic:principi.4.vsebina	principi.4.vsebina	Brez datuma ni naslednjega koraka. 'Oglasili se bomo' = posel je izgubljen v 80 % primerov. Vedno predlagaj konkreten datum.	Bez datuma nema sljedećeg koraka. 'Javit ćemo vam se' = posao je izgubljen u 80% slučajeva. Uvijek predložite određeni datum.	Bez datuma, nema sledećeg koraka. „Javićemo vam se“ = posao je izgubio 80% vremena. Uvek predložite određeni datum.	
content	data/vodic.json	vodic:principi.5.naslov	principi.5.naslov	Iskrenost pred pretvezo	Iskrenost ispred pretvaranja	Iskrenost nad pretvaranjem	
content	data/vodic.json	vodic:principi.5.vsebina	principi.5.vsebina	Če nečesa ne veš, povej. 'Tega ne vem, vam pošljem v 24 urah s konkretnim podatkom.' Iskrenost gradi zaupanje, ugibanje ga uniči.	Ako nešto ne znaš, reci. 'Ne znam, poslat ću vam konkretne informacije u roku od 24 sata.' Iskrenost gradi povjerenje, nagađanje ga uništava.	Ako nešto ne znaš, reci. „Ne znam, poslaću vam konkretne informacije u roku od 24 sata.“ Iskrenost gradi poverenje, pogađanje ga uništava.	
content	data/vodic.json	vodic:principi.6.naslov	principi.6.naslov	Ugovor je signal interesa	Prigovor je znak interesa	Prigovor je znak interesovanja	
content	data/vodic.json	vodic:principi.6.vsebina	principi.6.vsebina	Tiha stranka je nevarnejša od stranke, ki ugovarja. Ugovor pomeni, da razmišlja. Pozdravi ga.	Tiha stranka opasnija je od one koja se protivi. Prigovor znači da razmišlja. Pozdravite ga.	Tiha zabava je opasnija od stranke koja se protivi. Prigovor znači da on razmišlja. Pozdravi ga.	
content	data/vodic.json	vodic:uvod	uvod	Prodajni razgovor ima ritem. Če ga uloviš, stranka sama pripelje pogovor do točke, kjer ji pomaga. Če ga zgrešiš, postaneš trgovec, ki potiska. Spodaj je preverjena pot. Ni edina pravilna, je pa varna izbira — zlasti za nove komercialiste.	Prodajni razgovor ima ritam. Ako ga uhvatite, kupac sam dovodi razgovor do točke u kojoj mu to pomaže. Ako ga propustite, postajete push trader. Ispod je provjerena ruta. To nije jedini ispravan izbor, ali je siguran izbor — posebno za nove komercijaliste.	Intervju o prodaji ima ritam. Ako ga uhvatite, kupac sam dovede razgovor do tačke u kojoj im to pomaže. Ako to propustite, postajete push trgovac. Ispod je verifikovana ruta. To nije jedini ispravan izbor, ali je siguran izbor — posebno za nove komercijaliste.	
content	data/vsebine.json	vsebine:_opis	_opis	Koledar vsebinskih predlogov za LinkedIn objave Interzero ekipe. 40 tem, 12 tednov, 7 avtorjev, 4 teme. Hooki napisani za vsak trg posebej (ne dobesedni prevodi).	Kalendar prijedloga sadržaja za LinkedIn objave Interzero tima. 40 tema, 12 tjedana, 7 autora, 4 teme. Udice napisane za svako tržište zasebno (ne doslovni prijevodi).	Kalendar predloga sadržaja za LinkedIn postove od strane Interzero tima. 40 tema, 12 nedelja, 7 autora, 4 teme. Kuke napisane za svako tržište posebno (ne bukvalni prevodi).	
content	data/vsebine.json	vsebine:_ritem	_ritem	Pon, tor, sre, pet — dnevi z največjim B2B engagementom.	Pon, uto, srijeda, pet — dani s najvećim B2B angažmanom.	Pon, Uto, Sre, Pet — dani sa najvećim B2B angažovanjem.	
content	data/vsebine.json	vsebine:_uporaba	_uporaba	Koordinator predlaga, avtor potrdi, Interzero pravna služba preveri, objavi se v dogovoru.	Koordinator predlaže, autor potvrđuje, pravna služba Interzero provjerava, stoji u ugovoru.	Koordinator predlaže, autor potvrđuje, pravna služba Interzero proverava, objavljeno je u sporazumu.	
content	data/vsebine.json	vsebine:avtorji.koord.ime	avtorji.koord.ime	Koordinator			
content	data/vsebine.json	vsebine:avtorji.lead-hr.ime	avtorji.lead-hr.ime	Country lead HR	Glavni HR u zemlji	HR vodeći u zemlji	
content	data/vsebine.json	vsebine:avtorji.lead-rs.ime	avtorji.lead-rs.ime	Country lead RS	Država vodeća RS	Država vodi RS	
content	data/vsebine.json	vsebine:avtorji.lead-si.ime	avtorji.lead-si.ime	Country lead SI	Voditelj države SI	Država vodi SI	
content	data/vsebine.json	vsebine:avtorji.regulator.ime	avtorji.regulator.ime	Regulatorni ekspert	Regulatorni stručnjak	Stručnjak za regulativu	
content	data/vsebine.json	vsebine:avtorji.senior-hr.ime	avtorji.senior-hr.ime	Senior prodajalec HR	Viši HR prodavač	Senior HR Salesperson	
content	data/vsebine.json	vsebine:avtorji.senior-si.ime	avtorji.senior-si.ime	Senior prodajalec SI	SI viši prodavač	SI Senior Salesman	
content	data/vsebine.json	vsebine:predlogi.0.dan	predlogi.0.dan	ponedeljek			
content	data/vsebine.json	vsebine:predlogi.0.hook_si	predlogi.0.hook_si	Veliko podjetij misli, da PPWR začne veljati 'nekje 2030'. V resnici prvi cutoff datumi padejo že v 2027 — in pripravljen moraš biti prej, ne takrat. Spodaj tabela ključnih datumov.	Mnoge tvrtke misle da PPWR stupa na snagu 'negdje 2030.'. Zapravo, prvi granični datumi padaju već 2027. — i morate biti spremni ranije, a ne tada. Ispod je tablica ključnih datuma.	Mnoge kompanije misle da PPVR stupa na snagu „negde 2030. godine“. U stvari, prvi granični datumi padaju već 2027. godine — i morate biti spremni ranije, a ne tada. Ispod je tabela ključnih datuma.	
content	data/vsebine.json	vsebine:predlogi.0.naslov	predlogi.0.naslov	PPWR cutoff 2027: kaj se zares spreminja	PPWR cutoff 2027: što se stvarno mijenja	PPVR cutoff 2027: šta se zaista menja	
content	data/vsebine.json	vsebine:predlogi.0.status	predlogi.0.status	objavljeno			
content	data/vsebine.json	vsebine:predlogi.1.avtor	predlogi.1.avtor	senior-si			
content	data/vsebine.json	vsebine:predlogi.1.dan	predlogi.1.dan	sreda			
content	data/vsebine.json	vsebine:predlogi.1.hook_si	predlogi.1.hook_si	Pri pivovarni s 5 ključnimi produkti smo letos srečali nepričakovan problem: PET steklenica je bila tehnično recyclable, etiketa pa je vse pokvarila. 3 mesece dela, en rešen problem. Kaj smo se naučili.	U pivovari s 5 ključnih proizvoda ove smo se godine susreli s neočekivanim problemom: PET boca se tehnički mogla reciklirati, no etiketa je sve pokvarila. 3 mjeseca rada, jedan problem riješen. Što smo naučili.	U pivari sa 5 ključnih proizvoda, naišli smo na neočekivani problem ove godine: PET boca se tehnički mogla reciklirati, ali je etiketa sve pokvarila. 3 meseca rada, jedan problem rešen. Ono što smo naučili.	
content	data/vsebine.json	vsebine:predlogi.1.naslov	predlogi.1.naslov	Slovenska pivovarna in problem barvane etikete	Slovenska pivovara i problem obojene etikete	Slovenačka pivara i problem obojene etikete	
content	data/vsebine.json	vsebine:predlogi.10.hook_si	predlogi.10.hook_si	Article 7 PPWR uvaja A-do-E klasifikacijo recyclabilityja embalaže. Po cutoffu 2030 lahko embalaža razred D ali E sploh ne bo več dovoljena na trgu. Tu je, kako sploh ugotoviš, v katerem razredu si.	Članak 7. PPWR uvodi A-do-E klasifikaciju mogućnosti recikliranja ambalaže. Nakon ograničenja 2030., ambalaža klase D ili E možda više uopće neće biti dopuštena na tržištu. Evo kako ćete uopće saznati u koji ste razred.	Član 7 PPVR uvodi A-to-E klasifikaciju recikliranja ambalaže. Nakon 2030. godine, ambalaža klase D ili E možda više neće biti dozvoljena na tržištu. Evo kako da saznate u kom ste razredu.	
content	data/vsebine.json	vsebine:predlogi.10.naslov	predlogi.10.naslov	Article 7 PPWR: recyclability v praksi	Članak 7. PPWR: mogućnost recikliranja u praksi	Član 7 PPVR: mogućnost reciklaže u praksi	
content	data/vsebine.json	vsebine:predlogi.10.status	predlogi.10.status	osnutek			
content	data/vsebine.json	vsebine:predlogi.11.hook_si	predlogi.11.hook_si	Pri hrvaški kozmetiki s 200+ SKU-ji smo začeli analizo recyclabilityja brez sistema. Po tednu dni je bilo jasno: pristop je napačen. Pristopili smo drugače in v 6 tednih pokrili vse. Tu je pristop.	U Hrvatskoj kozmetici s 200+ SKU-ova krenuli smo u analizu mogućnosti recikliranja bez sustava. Nakon tjedan dana bilo je jasno: pristup je pogrešan. Imali smo drugačiji pristup i pokrili sve u 6 tjedana. Evo pristupa.	U hrvatskoj kozmetici sa 200+ SKU-a započeli smo analizu mogućnosti recikliranja bez sistema. Posle nedelju dana bilo je jasno: pristup je pogrešan. Zauzeli smo drugačiji pristup i sve smo pokrili za 6 nedelja. Evo pristupa.	
content	data/vsebine.json	vsebine:predlogi.11.naslov	predlogi.11.naslov	Kozmetika in 200+ SKU-jev: kako voditi recyclability analizo	Kozmetika i 200+ SKU-ova: kako provesti analizu mogućnosti recikliranja	Kozmetika i 200+ SKU-a: kako izvršiti analizu mogućnosti recikliranja	
content	data/vsebine.json	vsebine:predlogi.12.hook_si	predlogi.12.hook_si	Slovenska uredba je pred prenovo. V zadnjih mesecih sem v razgovoru z resorjem zbral nekaj signalov — niso uradni, vendar nakazujejo smer. Tu je, na kaj se velja pripravljati.	Slovenska regulativa je pred revizijom. Posljednjih mjeseci prikupio sam neke signale u razgovoru s odjelom — oni nisu službeni, ali pokazuju smjer. Evo na što se pripremiti.	Slovenačka uredba je pred revizijom. Poslednjih meseci prikupio sam neke signale u razgovoru sa resorom — nisu zvanični, ali ukazuju na pravac. Evo za šta da se pripremite.	
content	data/vsebine.json	vsebine:predlogi.12.naslov	predlogi.12.naslov	Slovenska Uredba o embalaži 2026: kaj se obeta	Slovenska uredba o ambalaži 2026: što se sprema	Slovenačka uredba o ambalaži 2026: šta se sprema	
content	data/vsebine.json	vsebine:predlogi.13.hook_si	predlogi.13.hook_si	Industrijska barvanja PET steklenice (zelena, modra, opacna) so vizualno všeč, vendar so recyclability nočna mora. Pojasnjujem, zakaj — in kaj naredijo eco-design ekipe, ki to razumejo.	Industrijske boje PET boca (zelena, plava, neprozirna) su vizualno ugodne, ali su noćna mora za recikliranje. Objašnjavam zašto — i što rade timovi za ekološki dizajn koji to razumiju.	Industrijske boje PET boca (zelena, plava, neprozirna) su vizuelno prijatne, ali su noćna mora za reciklažu. Objašnjavam zašto - i šta rade timovi eko-dizajna koji to razumeju.	
content	data/vsebine.json	vsebine:predlogi.13.naslov	predlogi.13.naslov	Barvana PET steklenica: zakaj jo recikler ne mara	PET boca u boji: zašto se ne sviđa recikliraču	PET boca u boji: zašto se recikleru ne sviđa	
content	data/vsebine.json	vsebine:predlogi.14.hook_si	predlogi.14.hook_si	Tako kot v Sloveniji se bo tudi v Hrvaški PPWR neposredno uveljavil. Vendar so razlike pri uveljavitvi: Hrvaška ima e-ONTO, depozitni sustav, in svoje specifike. Tu je primerjava.	Kao iu Sloveniji, PPWR će se izravno provoditi iu Hrvatskoj. Ipak, postoje razlike u implementaciji: Hrvatska ima e-ONTO, depozitni sustav i svoje specifičnosti. Evo usporedbe.	Kao iu Sloveniji, PPVR će se direktno implementirati iu Hrvatskoj. Međutim, postoje razlike u implementaciji: Hrvatska ima e-ONTO, depozitni sistem i njegove specifičnosti. Evo poređenja.	
content	data/vsebine.json	vsebine:predlogi.14.naslov	predlogi.14.naslov	PPWR vs hrvaška uredba: praktična primerjava	PPWR vs hrvatski propisi: praktična usporedba	PPVR protiv hrvatske regulative: praktično poređenje	
content	data/vsebine.json	vsebine:predlogi.15.hook_si	predlogi.15.hook_si	Srbski klient z 8 SKU-ji je imel 6 različnih embalažnih dobaviteljev. V 4 mesecih smo to znižali na 2 dobavitelja in 3 enotne materiale. Marže navzgor, recyclability navzgor. Kako smo to naredili.	Srbijanski klijent s 8 SKU-ova imao je 6 različitih dobavljača pakiranja. U 4 mjeseca to smo sveli na 2 dobavljača i 3 uniformna materijala. Margins up, recyclability up. Kako smo to uspjeli.	Srpski klijent sa 8 SKU-a imao je 6 različitih dobavljača ambalaže. Za 4 meseca ovo smo sveli na 2 dobavljača i 3 uniformna materijala. Povišene marže, povećana mogućnost recikliranja. Kako smo to uradili.	
content	data/vsebine.json	vsebine:predlogi.15.naslov	predlogi.15.naslov	Konsolidacija embalaže pri srbski stranki	Konsolidacija ambalaže kod srpskog kupca	Konsolidacija pakovanja kod srpskog kupca	
content	data/vsebine.json	vsebine:predlogi.16.hook_si	predlogi.16.hook_si	Številna podjetja iz tretjih držav, ki prodajajo v EU prek spletnih platform, ne vedo, da potrebujejo EU pooblaščenega zastopnika za EPR namene. Tu je pregled: koga to zadeva, kdaj, in kakšne so kazni.	Mnoge tvrtke iz trećih zemalja koje prodaju u EU-u putem internetskih platformi ne znaju da trebaju ovlaštenog predstavnika EU-a za potrebe EPR-a. Evo pregleda: tko je pogođen, kada i koje su kazne.	Mnoge kompanije iz trećih zemalja koje prodaju u EU putem onlajn platformi ne znaju da im je potreban ovlašćeni predstavnik EU za potrebe EPR-a. Evo pregleda: ko je pogođen, kada i koje su kazne.	
content	data/vsebine.json	vsebine:predlogi.16.naslov	predlogi.16.naslov	EU pooblaščeni zastopnik (Authorized Representative): koga zares zadeva	Ovlašteni predstavnik EU: Koga se to zapravo tiče	Ovlašćeni predstavnik EU: Koga se to zaista tiče	
content	data/vsebine.json	vsebine:predlogi.17.hook_si	predlogi.17.hook_si	Kompozitna embalaža (tube, multi-layer) je za nekatere izdelke nepogrešljiva, za druge pa lenost iz preteklosti. Tu je odločitveni okvir, kdaj iskati alternativo in kdaj sprejeti, da je kompozit pravi izbor.	Kompozitna ambalaža (tuba, višeslojna) je nezamjenjiva za neke proizvode, ali za druge lijenost iz prošlosti. Ovdje je okvir za odlučivanje o tome kada potražiti alternativu, a kada prihvatiti da je kompozit pravi izbor.	Kompozitna ambalaža (tuba, višeslojna) je za neke proizvode neophodna, a za druge lenjost iz prošlosti. Evo okvira za odlučivanje kada tražiti alternativu i kada prihvatiti da je kompozit pravi izbor.	
content	data/vsebine.json	vsebine:predlogi.17.naslov	predlogi.17.naslov	Kompoziti: kdaj odpovedati, kdaj poiskati alternativo	Kompoziti: kada odustati, kada tražiti alternativu	Kompoziti: kada odustati, kada tražiti alternativu	
content	data/vsebine.json	vsebine:predlogi.18.hook_si	predlogi.18.hook_si	Vsak teden slišim iste napačne predstave o PPWR. 'Velja samo za velike.' 'Ne zadeva Srbije.' 'Cutoff je 2030, mirne še 4 leta.' Tu je top 5 mitov — in resnica zadaj.	Svaki tjedan slušam iste zablude o PPWR-u. 'Odnosi se samo na velike.' 'To se ne tiče Srbije'. 'Prekid je 2030., mirno još 4 godine.' Evo 5 glavnih mitova — i istina iza njih.	Svake nedelje slušam iste zablude o PPVR-u. „Odnosi se samo na velike.“ „To se Srbije ne tiče. 'Glavna granica je 2030., mir još 4 godine.' Evo 5 najboljih mitova - i istina iza njih.	
content	data/vsebine.json	vsebine:predlogi.18.naslov	predlogi.18.naslov	5 mitov o PPWR, ki krožijo na sestankih	5 mitova o PPWR-u koji kruže sastancima	5 mitova o PPVR-u koji kruže na sastancima	
content	data/vsebine.json	vsebine:predlogi.19.hook_si	predlogi.19.hook_si	Letos sem imel razgovor, ki ga ne pozabim. Stranka, ki je 3 leta zamujala s poročanjem, je dobila opomin ARSO. Klicali so v paniki. Tu je, kako smo to pripeljali do prijaznega zaključka — z lekcijo, ki velja za vse.	Imao sam intervju ove godine koji nikada neću zaboraviti. Klijent koji je kasnio s prijavom 3 godine dobio je opomenu od ARSO-a. Zvali su u panici. Evo kako smo to doveli do sretnog završetka — s lekcijom koja se odnosi na sve.	Ove godine sam imao intervju koji nikada neću zaboraviti. Klijent koji je kasnio 3 godine sa prijavom dobio je upozorenje od ARSO. Zvali su u panici. Evo kako smo to doveli do srećnog zaključka — uz lekciju koja se odnosi na sve.	
content	data/vsebine.json	vsebine:predlogi.19.naslov	predlogi.19.naslov	Najtežji razgovor leta: stranka v zamudi 3 leta	Najteži intervju godine: klijent kasni 3 godine	Najteži intervju godine: Klijent kasni 3 godine	
content	data/vsebine.json	vsebine:predlogi.2.avtor	predlogi.2.avtor	lead-hr			
content	data/vsebine.json	vsebine:predlogi.2.dan	predlogi.2.dan	torek			
content	data/vsebine.json	vsebine:predlogi.2.hook_si	predlogi.2.hook_si	Hrvaška zakonodaja za odpadke je v zadnjem letu doživela 3 manjše dopolnitve. Za slovenske podjetnike, ki prodajajo v HR, je relevantnih predvsem ena — e-ONTO obveznosti. Pojasnjujem.	U prošloj godini hrvatsko zakonodavstvo o otpadu doživjelo je 3 manje izmjene. Za slovenske poduzetnike koji prodaju u HR jedno je posebno važno — obveze e-ONTO-a. Objašnjavam.	U prošloj godini hrvatsko zakonodavstvo o otpadu pretrpjelo je 3 manje izmjene. Za slovenačke preduzetnike koji prodaju u HR, jedna stvar je posebno relevantna — e-ONTO obaveze. objašnjavam.	
content	data/vsebine.json	vsebine:predlogi.2.naslov	predlogi.2.naslov	Zakon o gospodarenju otpadom 84/2021: kaj se je spremenilo v zadnjem letu	Zakon o gospodarenju otpadom 84/2021: što se promijenilo u posljednjih godinu dana	Zakon o upravljanju otpadom 84/2021: šta se promenilo u poslednjih godinu dana	
content	data/vsebine.json	vsebine:predlogi.20.hook_si	predlogi.20.hook_si	CSRD direktno ne zadeva srbskih podjetij. Njihovi EU kupci pa morajo zbirati Scope 3 podatke — torej tudi od srbskih dobaviteljev. Tu je, kaj se obeta in kako se pripraviti.	CSRD se ne tiče izravno srpskih tvrtki. Njihovi kupci u EU, međutim, moraju prikupljati podatke Scope 3 — dakle, i od srpskih dobavljača. Evo što nas čeka i kako se pripremiti.	CSRD se ne tiče direktno srpskih kompanija. Njihovi kupci iz EU, međutim, moraju da prikupljaju podatke iz opsega 3 — to jest, takođe od srpskih dobavljača. Evo šta predstoji i kako se pripremiti.	
content	data/vsebine.json	vsebine:predlogi.20.naslov	predlogi.20.naslov	CSRD za srbska podjetja: posredni vpliv, ki ga večina podcenjuje	CSRD za srpska poduzeća: neizravan utjecaj koji većina podcjenjuje	CSRD za srpske kompanije: indirektni uticaj koji većina potcenjuje	
content	data/vsebine.json	vsebine:predlogi.21.hook_si	predlogi.21.hook_si	'Made for Recycling' je marketinški certifikat za nekatere, tehnični proces za nas. Tu je seznam vsega, kar preverimo pri analizi — od materialov do lepil, od barv do velikosti. Brez magije, samo tehnika.	'Made for Recycling' za neke je marketinška potvrda, za nas tehnički proces. Ovdje je popis svega što provjeravamo u našoj analizi — od materijala do ljepila, od boja do veličina. Nema magije, samo tehnika.	„Napravljeno za reciklažu“ je za neke marketinški sertifikat, a za nas tehnički proces. Evo liste svega što proveravamo u našoj analizi — od materijala do lepkova, od boja do veličina. Bez magije, samo tehnika.	
content	data/vsebine.json	vsebine:predlogi.21.naslov	predlogi.21.naslov	Made for Recycling: kaj točno preverjamo (tehnično)	Napravljeno za recikliranje: što točno provjeravamo (tehnički)	Napravljeno za reciklažu: šta tačno proveravamo (tehnički)	
content	data/vsebine.json	vsebine:predlogi.22.hook_si	predlogi.22.hook_si	Spletna prodaja prinaša dodatno EPR zmedo: kdo je 'proizvajalec'? Spletna platforma, prodajalec, ali kupec, ki uvozi? PPWR daje jasen odgovor, vendar je v SI, HR in RS implementacija drugačna. Pregled.	Online prodaja donosi dodatnu EPR zbrku: tko je 'proizvođač'? Online platforma, prodavač ili kupac uvozi? PPWR daje jasan odgovor, ali u SI, HR i RS implementacija je drugačija. Pregled.	Online prodaja donosi dodatnu EPR zabunu: ko je 'proizvođač'? Online platforma, prodavac ili kupac uvozi? PPVR daje jasan odgovor, ali u SI, HR i RS implementacija je drugačija. Pregled.	
content	data/vsebine.json	vsebine:predlogi.22.naslov	predlogi.22.naslov	PPWR in spletna prodaja: kdo je odgovoren v Adria regiji	PPWR i online prodaja: tko je odgovoran u Adria regiji	PPVR i online prodaja: ko je odgovoran u Adria regionu	
content	data/vsebine.json	vsebine:predlogi.23.hook_si	predlogi.23.hook_si	Slovenska stranka je dobila ESG vprašalnik velikega nemškega kupca s 5-dnevnim rokom. Brez priprave bi to vzelo 3 tedne. Kako smo to spravili v okvir — in kako se na to pripravlja smiselno vnaprej.	Slovenski naručitelj dobio je ESG upitnik od velikog njemačkog kupca s rokom od 5 dana. Bez pripreme trajalo bi 3 tjedna. Kako ga stavljamo u okvir — i kako se za to razumno unaprijed priprema.	Slovenački klijent je dobio ESG upitnik od velikog nemačkog kupca sa rokom od 5 dana. Bez pripreme bi trebalo 3 nedelje. Kako ga stavljamo u okvir — i kako se za to razumno priprema unapred.	
content	data/vsebine.json	vsebine:predlogi.23.naslov	predlogi.23.naslov	ESG vprašalnik v 5 dneh: kako odgovorimo	ESG upitnik za 5 dana: kako odgovoriti	ESG upitnik za 5 dana: kako odgovoriti	
content	data/vsebine.json	vsebine:predlogi.24.hook_si	predlogi.24.hook_si	Italijanski CONAI sistem upravljanja embalažo je v Evropi pogosto naveden kot primer dobre prakse. Kaj točno delajo drugače in kaj bi se Slovenija, Hrvaška in Srbija lahko naučile? Spodaj 4 točke.	Talijanski sustav upravljanja ambalažom CONAI često se navodi kao primjer dobre prakse u Europi. Što zapravo rade drugačije i što bi Slovenija, Hrvatska i Srbija mogle naučiti? 4 boda ispod.	Italijanski CONAI sistem upravljanja ambalažom često se navodi kao primer dobre prakse u Evropi. Šta tačno rade drugačije i od čega bi Slovenija, Hrvatska i Srbija mogle da nauče? 4 poena ispod.	
content	data/vsebine.json	vsebine:predlogi.24.naslov	predlogi.24.naslov	Italijanski CONAI: primer dobre prakse za regijo	Talijanski CONAI: primjer dobre prakse za regiju	Italijanski CONAI: primer dobre prakse za region	
content	data/vsebine.json	vsebine:predlogi.25.hook_si	predlogi.25.hook_si	Po 2030 bo PPWR zahteval določene minimalne deleže recikliranega vsebka. Tu je tabela: kateri material, koliko %, kdaj. Brez tega podatka ne moreš resno načrtovati embalaže za naslednjih 5 let.	Nakon 2030. PPWR će zahtijevati određene minimalne udjele recikliranog sadržaja. Evo tabele: koji materijal, koliko %, kada. Bez ovih informacija ne možete ozbiljno planirati svoju ambalažu za sljedećih 5 godina.	Nakon 2030. godine, PPVR će zahtevati određene minimalne proporcije recikliranog sadržaja. Evo tabele: koji materijal, koliko %, kada. Bez ovih informacija ne možete ozbiljno planirati svoju ambalažu za narednih 5 godina.	
content	data/vsebine.json	vsebine:predlogi.25.naslov	predlogi.25.naslov	Reciklabilnost po PPWR cutoffu: minimalne stopnje, ki jih boš moral doseči	Mogućnost recikliranja nakon prekida PPWR: minimalne razine koje ćete morati postići	Reciklabilnost nakon PPVR isključenja: minimalni nivoi koje ćete morati da postignete	
content	data/vsebine.json	vsebine:predlogi.26.hook_si	predlogi.26.hook_si	Najpogostejše vprašanje malih proizvajalcev: 'PPWR ima oprostitve za male, ne?' Odgovor je niansiran. Določene zahteve veljajo neodvisno od velikosti. Tu je pregled — z mejnimi vrednostmi in datumi.	Najčešće pitanje malih proizvođača: 'PPWR ima male iznimke, zar ne?' Odgovor je nijansiran. Određeni zahtjevi vrijede bez obzira na veličinu. Evo pregleda — s graničnim vrijednostima i datumima.	Najčešće postavljano pitanje malih proizvođača: 'PPVR ima mala izuzeća, zar ne?' Odgovor je nijansiran. Određeni zahtevi važe bez obzira na veličinu. Evo pregleda — sa presecima i datumima.	
content	data/vsebine.json	vsebine:predlogi.26.naslov	predlogi.26.naslov	PPWR in mali proizvajalci: ali sploh velja zame?	PPWR i mali proizvođači: odnosi li se uopće na mene?	PPVR i mali proizvođači: da li se to uopšte odnosi na mene?	
content	data/vsebine.json	vsebine:predlogi.27.hook_si	predlogi.27.hook_si	Ko pregledujem poročila novih strank, vidim eno napako spet in spet: deklarirane tonaže ne sovpadajo z dejansko proizvodnjo/uvozom. Razlika med 20 in 35 % je običajna. Tu je, kako jo najti.	Kada pregledavam nova izvješća kupaca, uvijek iznova vidim jednu pogrešku: deklarirane tonaže ne odgovaraju stvarnoj proizvodnji/uvozu. Razlika između 20 i 35% je normalna. Evo kako ga pronaći.	Kada pregledam izveštaje novih kupaca, uvek iznova vidim jednu grešku: deklarisane tonaže ne odgovaraju stvarnoj proizvodnji/uvozu. Razlika između 20 i 35% je normalna. Evo kako da ga pronađete.	
content	data/vsebine.json	vsebine:predlogi.27.naslov	predlogi.27.naslov	Tonaže vs PRO neujemanje: najpogostejša napaka v poročilih	Neusklađenost tonaže i PRO: najčešća pogreška u izvješćima	Neusklađenost tonaže i PRO: najčešća greška u izveštajima	
content	data/vsebine.json	vsebine:predlogi.28.hook_si	predlogi.28.hook_si	Gradbeništvo proizvede največji volumen odpadkov v regiji, pa je EPR pristop tu šibko razvit. Hrvaška je sprejela nova pravila — kaj se obeta v SI in RS? Pregled, kjer so priložnosti za podjetja.	Građevinarstvo proizvodi najveću količinu otpada u regiji, ali EPR pristup je ovdje slabo razvijen. Hrvatska usvojila nova pravila — što čeka SI i RS? Pregled gdje su poslovne prilike.	Izgradnja proizvodi najveću količinu otpada u regionu, ali EPR pristup je ovde slabo razvijen. Hrvatska usvojila nova pravila — šta čeka SI i RS? Pregled poslovnih mogućnosti.	
content	data/vsebine.json	vsebine:predlogi.28.naslov	predlogi.28.naslov	Gradbeni odpadki: nova pravila in priložnosti	Građevinski otpad: nova pravila i mogućnosti	Građevinski otpad: nova pravila i mogućnosti	
content	data/vsebine.json	vsebine:predlogi.29.hook_si	predlogi.29.hook_si	Eco-design ne sme biti samo HSE / sustainability tema. Najboljši primeri so tisti, kjer marketing in dizajn aktivno sodelujeta. Tu je, kako postaviti tak proces — in česa se izogniti.	Eko-dizajn ne bi trebao biti samo HSE / tema održivosti. Najbolji primjeri su oni u kojima marketing i dizajn aktivno surađuju. Evo kako postaviti takav proces—i što izbjegavati.	Eko-dizajn ne bi trebalo da bude samo tema HSE/održivosti. Najbolji primeri su oni gde marketing i dizajn aktivno rade zajedno. Evo kako da postavite takav proces — i šta da izbegavate.	
content	data/vsebine.json	vsebine:predlogi.29.naslov	predlogi.29.naslov	Embalaža kot del blagovne znamke: sodelovanje z marketingom	Ambalaža kao dio brenda: suradnja s marketingom	Ambalaža kao deo brenda: saradnja sa marketingom	
content	data/vsebine.json	vsebine:predlogi.3.avtor	predlogi.3.avtor	senior-hr			
content	data/vsebine.json	vsebine:predlogi.3.dan	predlogi.3.dan	petek			
content	data/vsebine.json	vsebine:predlogi.3.hook_si	predlogi.3.hook_si	Letos smo opravili več kot 40 Made for Recycling analiz. Pet vzorcev se ponavlja — in vse petih bi lahko proizvajalci preprečili, če bi tako razmišljali ŽE pri načrtovanju, ne šele po prvi proizvodnji.	Ove smo godine proveli više od 40 analiza Made for Recycling. Pet uzoraka se ponavlja — i svih pet bi se moglo spriječiti da proizvođači razmišljaju na ovaj način VEĆ u dizajnu, a ne nakon prve proizvodnje.	Ove godine smo uradili više od 40 analiza Napravljeno za reciklažu. Pet šablona se ponavljaju — i svih pet bi se moglo sprečiti da su proizvođači razmišljali na ovaj način VEĆ u dizajnu, a ne nakon prve proizvodnje.	
content	data/vsebine.json	vsebine:predlogi.3.naslov	predlogi.3.naslov	Made for Recycling: 5 najpogostejših napak v procesu	Napravljeno za recikliranje: 5 najčešćih pogrešaka u procesu	Napravljeno za reciklažu: 5 najčešćih grešaka u procesu	
content	data/vsebine.json	vsebine:predlogi.30.hook_si	predlogi.30.hook_si	PPWR določa minimalne deleže recyclata v plastični embalaži. To ni samo eco-design vprašanje — to je sourcing izziv. Kje dobiš recyclate, kakšne kakovosti, in kako se to dogovori s dobavitelji.	PPWR određuje minimalne udjele reciklata u plastičnoj ambalaži. To nije samo problem ekološkog dizajna - to je izazov u pronalaženju izvora. Gdje nabavljate reciklirani otpad, koje kvalitete i kako se to dogovara s dobavljačima.	PPVR određuje minimalne proporcije reciklata u plastičnoj ambalaži. To nije samo pitanje eko-dizajna – to je izazov za nabavku. Gde se dobija reciklaža, kakvog kvaliteta i kako je to dogovoreno sa dobavljačima.	
content	data/vsebine.json	vsebine:predlogi.30.naslov	predlogi.30.naslov	Vsebnost recyclata pri plastiki: kako pripraviti dobavno verigo	Reciklirani sadržaj plastike: kako pripremiti opskrbni lanac	Reciklirajte sadržaj plastike: kako pripremiti lanac snabdevanja	
content	data/vsebine.json	vsebine:predlogi.31.hook_si	predlogi.31.hook_si	Avstrijska oblast je lani izrekla opomin podjetju, ki je dajalo izdelke na avstrijski trg, ne da bi vedelo, da potrebuje lokalno EPR registracijo. Prek nemškega kupca smo bili vključeni v reševanje. Lekcija za vsako podjetje, ki izvaža.	Prošle su godine austrijske vlasti izdale upozorenje tvrtki koja je stavljala proizvode na austrijsko tržište ne znajući da joj je potrebna lokalna EPR registracija. U spašavanje smo bili uključeni preko njemačkog kupca. Lekcija za svaku izvoznu tvrtku.	Austrijske vlasti su prošle godine izdale upozorenje kompaniji koja je plasirala proizvode na austrijsko tržište ne znajući da joj je potrebna lokalna EPR registracija. U spasavanje smo učestvovali preko nemačkog kupca. Lekcija za svaku izvoznu kompaniju.	
content	data/vsebine.json	vsebine:predlogi.31.naslov	predlogi.31.naslov	Avstrijsko podjetje, ki je dobilo opomin — in kaj smo se naučili	Austrijska tvrtka koja je dobila upozorenje - i što smo saznali	Austrijska kompanija koja je dobila upozorenje — i šta smo saznali	
content	data/vsebine.json	vsebine:predlogi.32.hook_si	predlogi.32.hook_si	Nemški VerpackG je za regijo pomemben, ker veliko naših strank prodaja v Nemčiji. V 2026 prihajajo dopolnitve, ki bodo zahtevale dodatne podatke od dobaviteljev. Tu je, kaj se obeta.	Njemački VerpackG važan je za regiju jer mnogi naši kupci prodaju u Njemačkoj. Dopune dolaze 2026. godine koje će zahtijevati dodatne podatke od dobavljača. Evo što vas čeka.	Nemački VerpackG je važan za region jer mnogi naši kupci prodaju u Nemačkoj. U 2026. stižu dodaci koji će zahtevati dodatne podatke od dobavljača. Evo šta se sprema.	
content	data/vsebine.json	vsebine:predlogi.32.naslov	predlogi.32.naslov	Nemški VerpackG: kaj se spreminja in zakaj nas to zanima	Njemački VerpackG: što se mijenja i zašto nam je stalo	Nemački VerpackG: šta se menja i zašto nam je stalo	
content	data/vsebine.json	vsebine:predlogi.33.hook_si	predlogi.33.hook_si	Recyclability zagovorniki rečejo: 'vedno mono-material'. Marketing reče: 'multi-layer zadrži aromo'. Resnica je niansirana. Tu je odločitveni okvir — kdaj je mono pravi, kdaj je multi sprejemljiv.	Zagovornici mogućnosti recikliranja kažu: 'uvijek monomaterijal'. Marketing kaže: 'višeslojno zadržava aromu'. Istina je nijansirana. Ovdje je okvir za odlučivanje — kada je mono ispravno, kada je više prihvatljivo.	Zagovornici recikliranja kažu: 'uvek monomaterijali'. Marketing kaže: 'višeslojno zadržava aromu'. Istina je nijansirana. Evo okvira za odlučivanje — kada je mono u pravu, kada je multi prihvatljivo.	
content	data/vsebine.json	vsebine:predlogi.33.naslov	predlogi.33.naslov	Mono-materiali vs multi-layer: kaj izbrati?	Monomaterijali naspram višeslojnih: što odabrati?	Mono-materijali protiv višeslojnih: šta odabrati?	
content	data/vsebine.json	vsebine:predlogi.34.hook_si	predlogi.34.hook_si	PPWR zahteva, da podjetja zbirajo specifične podatke o embalaži (Article 12+). Brez teh podatkov ne moreš poročati. Tu je seznam, kaj zbrati ZDAJ, da ne boš v zadnji minuti.	PPWR zahtijeva od tvrtki prikupljanje posebnih podataka o pakiranju (članak 12+). Ne možete izvješćivati ​​bez ovih podataka. Evo popisa onoga što možete prikupiti SADA kako ne biste bili u zadnji tren.	PPVR zahteva od kompanija da prikupe specifične podatke o ambalaži (član 12+). Ne možete prijaviti bez ovih podataka. Evo liste šta da prikupite SADA da ne biste bili u poslednjem trenutku.	
content	data/vsebine.json	vsebine:predlogi.34.naslov	predlogi.34.naslov	PPWR in dataset Article: kako pripraviti podatke	PPWR i skup podataka Članak: kako pripremiti podatke	PPVR i skup podataka Članak: kako pripremiti podatke	
content	data/vsebine.json	vsebine:predlogi.35.hook_si	predlogi.35.hook_si	Prejšnji teden je ena naših strank imela inšpekcijo ARSO. 4 ure, brez ugotovitev. Pred 3 leti, ko še niso bili stranka, je bila inšpekcija manjša katastrofa. Kaj smo skupaj naredili med tem.	Prošli tjedan jedan naš klijent bio je u inspekciji ARSO-a. 4 sata, nema nalaza. Prije 3 godine, kada još nisu bili kupac, inspekcija je bila mala katastrofa. Što smo radili zajedno tijekom ovoga.	Prošle nedelje jedan od naših klijenata je imao ARSO inspekciju. 4 sata, bez nalaza. Pre 3 godine, kada još nisu bili kupac, inspekcija je bila manja katastrofa. Šta smo radili zajedno tokom ovoga.	
content	data/vsebine.json	vsebine:predlogi.35.naslov	predlogi.35.naslov	Inšpekcija ARSO: kako se pripravimo (in kako ne)	Inspekcija ARSO-a: kako se pripremiti (a kako ne)	ARSO inspekcija: kako se pripremiti (a kako ne)	
content	data/vsebine.json	vsebine:predlogi.36.hook_si	predlogi.36.hook_si	Po 100+ analizah embalaže smo identificirali 7 napak, ki se ponavljajo, ne glede na panogo ali velikost. Niso tehnične — so organizacijske. Tu so, in kako jih ekipa preprečuje pri sebi.	Nakon 100+ analiza pakiranja, identificirali smo 7 ponavljajućih pogrešaka, bez obzira na industriju ili veličinu. Oni nisu tehnički - oni su organizacijski. Evo ih i kako ih tim drži podalje.	Posle 100+ analiza pakovanja, identifikovali smo 7 grešaka koje se ponavljaju, bez obzira na industriju ili veličinu. Oni nisu tehnički – oni su organizacioni. Evo ih, i kako ih tim drži podalje.	
content	data/vsebine.json	vsebine:predlogi.36.naslov	predlogi.36.naslov	Najpogostejše napake v eco-designu: 7 vzorcev iz prakse	Najčešće pogreške u eko dizajnu: 7 primjera iz prakse	Najčešće greške u eko-dizajnu: 7 primera iz prakse	
content	data/vsebine.json	vsebine:predlogi.37.hook_si	predlogi.37.hook_si	PPWR ne grozi z denarnimi kaznimi v prvi vrsti. Hujše je: prepoved dajanja na trg. Tu je profil podjetij, ki tvegajo, da pristanejo na 'črni listi' — in kako se temu izogniti.	PPWR prije svega ne prijeti novčanim kaznama. Još je gore: zabrana marketinga. Evo profila tvrtki kojima prijeti opasnost da budu stavljene na crnu listu — i kako to izbjeći.	PPVR uopšte ne preti kaznama. Još gore: zabrana marketinga. Evo profila kompanija u riziku da budu na crnoj listi — i kako to izbeći.	
content	data/vsebine.json	vsebine:predlogi.37.naslov	predlogi.37.naslov	Kdo bo na črni listi PPWR — in zakaj ne želiš biti tam	Tko će biti na crnoj listi PPWR-a — i zašto ne želite biti tamo	Ko će biti na crnoj listi PPVR-a — i zašto ne želite da budete tamo	
content	data/vsebine.json	vsebine:predlogi.38.hook_si	predlogi.38.hook_si	En klient je letos prodal 200 ton folije, ki bi sicer šla v sežig, kot sekundarno surovino. Cena: 80 EUR/tono. Strošek pred tem: 30 EUR/tono. Razlika je 110 EUR/tono v korist. Kako smo to organizirali.	Ove je godine jedan klijent kao sekundarnu sirovinu prodao 200 tona folije, koja bi inače bila spaljena. Cijena: 80 EUR/tona. Cijena prije toga: 30 EUR/tona. Razlika je 110 EUR/toni u korist. Kako smo to organizirali.	Ove godine je jedan klijent prodao 200 tona folije, koja bi inače bila spaljena, kao sekundarnu sirovinu. Cena: 80 EUR/tona. Cena pre toga: 30 EUR/tona. Razlika je 110 evra po toni u korist. Kako smo to organizovali.	
content	data/vsebine.json	vsebine:predlogi.38.naslov	predlogi.38.naslov	Sekundarne surovine: kako iz odpadka postane surovina	Sekundarne sirovine: kako otpad postaje sirovina	Sekundarne sirovine: kako otpad postaje sirovina	
content	data/vsebine.json	vsebine:predlogi.39.hook_si	predlogi.39.hook_si	Veliki trgovci v regiji (Mercator, Konzum, Maxi) so začeli sistematično pritiskati na dobavitelje glede recyclabilityja in trajnosti. Tu je, kaj zahtevajo — in kako pripraviti odgovor, ki velja za vsega trgovca.	Veliki trgovci u regiji (Mercator, Konzum, Maxi) počeli su sustavno vršiti pritisak na dobavljače u pogledu mogućnosti recikliranja i održivosti. Evo što pitaju—i kako osmisliti odgovor koji se odnosi na sve trgovce.	Veliki trgovci na malo u regionu (Mercator, Konzum, Maki) počeli su sistematski da vrše pritisak na dobavljače u pogledu reciklaže i održivosti. Evo šta oni pitaju – i kako da napravite odgovor koji se odnosi na sve trgovce.	
content	data/vsebine.json	vsebine:predlogi.39.naslov	predlogi.39.naslov	Mercator pristop: kako veliki trgovci pritiskajo na embalažo dobaviteljev	Pristup Mercatora: kako veliki trgovci vrše pritisak na ambalažu dobavljača	Merkatorov pristup: kako veliki trgovci vrše pritisak na pakovanje dobavljača	
content	data/vsebine.json	vsebine:predlogi.4.hook_si	predlogi.4.hook_si	Vsak teden dobimo vprašanje 'kaj točno bo PPWR zahteval'. Iskren odgovor: ne vemo še vsega. Delegated acts EU komisije, ki bodo dali konkretne tehnične zahteve, prihajajo postopno. Tukaj je seznam, kaj še manjka.	Svaki tjedan dobivamo pitanje 'što će točno zahtijevati PPWR'. Iskren odgovor: ne znamo još sve. Postupno dolaze delegirani akti Europske komisije koji će dati konkretne tehničke uvjete. Evo popisa onoga što još nedostaje.	Svake nedelje dobijamo pitanje 'šta će tačno PPVR zahtevati'. Iskren odgovor: još ne znamo sve. Delegirani akti Komisije EU, koji će dati konkretne tehničke uslove, stižu postepeno. Evo liste onoga što još nedostaje.	
content	data/vsebine.json	vsebine:predlogi.4.naslov	predlogi.4.naslov	PPWR delegated acts: kaj NE vemo (in zakaj je to pomembno)	PPWR delegirani akti: što NE ZNAMO (i zašto je to važno)	Delegirani akti PPVR-a: šta NE ZNAMO (i zašto je važno)	
content	data/vsebine.json	vsebine:predlogi.4.status	predlogi.4.status	nacrtovano			
content	data/vsebine.json	vsebine:predlogi.40.hook_si	predlogi.40.hook_si	Stranka pogleda v vas, ko prvič rečete 'PPWR'. Tri stavki, ki delujejo: kaj je, koga zadeva, kdaj. Ne začnite s členi uredbe — začnite s posledico za njihovo embalažo.	Kupac vas pogleda kada prvi put kažete 'PPWR'. Tri rečenice koje djeluju: što je, koga se tiče, kada. Nemojte počinjati s člancima uredbe — počnite s implikacijama za njihovo pakiranje.	Klijent vas pogleda kada prvi put kažete „PPVR“. Tri rečenice koje rade: šta je to, koga se tiče, koga. Ne počnite sa članovima uredbe – počnite sa implikacijama na njihovo pakovanje.	
content	data/vsebine.json	vsebine:predlogi.40.naslov	predlogi.40.naslov	Skripta: ko stranka prvič sliši za PPWR	Skripta: Kada kupac prvi put čuje za PPWR	Skripta: Kada kupac prvi put čuje za PPVR	
content	data/vsebine.json	vsebine:predlogi.41.hook_si	predlogi.41.hook_si	Ko se zakonodaja spremeni, stranke pričakujejo, da jih obvestimo PRVI. Tu je predloga emaila, ki ga uporabljamo: kratek, konkreten, z jasnim 'kaj to pomeni za vas' in 'kaj naredimo s tem'.	Kada se zakonodavstvo promijeni, kupci očekuju od nas da ih PRVI obavijestimo. Evo predloška e-pošte koji koristimo: kratak, konkretan, s jasnim 'što ovo znači za vas' i 'što da radimo s tim'.	Kada se zakonodavstvo promeni, kupci očekuju da ćemo ih prvi obavestiti. Evo šablona e-pošte koji koristimo: kratak, precizan, sa jasnim „šta ovo znači za vas“ i „šta ćemo sa tim“.	
content	data/vsebine.json	vsebine:predlogi.41.naslov	predlogi.41.naslov	Email predloga: napoved spremembe zakonodaje	Prijedlog e-poštom: najava promjene zakonodavstva	Predlog mejlom: najava promene zakonodavstva	
content	data/vsebine.json	vsebine:predlogi.42.hook_si	predlogi.42.hook_si	Stranka, ki dobi ARSO opomin, je v panični fazi. Vaš prvi klic odloča, ali ostanete partner ali postanete krivec. Tu so prvih 60 sekund, ki postavijo ton — in zakaj NE začnite z 'razložite mi'.	Kupac koji dobije opomenu ARSO-a je u fazi panike. Vaš prvi poziv određuje hoćete li ostati partner ili postati krivac. Evo prvih 60 sekundi za postavljanje tona — i zašto NE početi s 'objasni mi'.	Kupac koji dobije ARSO podsetnik je u fazi panike. Vaš prvi poziv određuje da li ćete ostati partner ili postati krivac. Evo prvih 60 sekundi za postavljanje tona — i zašto NE početi sa „objasni mi“.	
content	data/vsebine.json	vsebine:predlogi.42.naslov	predlogi.42.naslov	Klic stranki po ARSO opominu: prvih 60 sekund	Poziv korisniku nakon upozorenja ARSO-a: prvih 60 sekundi	Poziv kupcu nakon ARSO upozorenja: prvih 60 sekundi	
content	data/vsebine.json	vsebine:predlogi.43.hook_si	predlogi.43.hook_si	Povišanje cene je za vsako podjetje neprijeten pogovor. Najslabše je opravičevanje. Tu je struktura, ki deluje: jasno povemo, koliko, zakaj, kdaj — in ponudimo eno alternativo. Stranka spoštuje direktnost, ne izgovorov.	Povećanje cijene je neugodan razgovor za svaku tvrtku. Najgore je izmišljati izgovore. Evo strukture koja funkcionira: jasno navodimo koliko, zašto, kada — i nudimo jednu alternativu. Kupac poštuje izravnost, a ne isprike.	Povećanje cene je neugodan razgovor za svaku kompaniju. Najgore je pravljenje. Evo strukture koja funkcioniše: jasno navodimo koliko, zašto, kada — i nudimo jednu alternativu. Kupac poštuje direktnost, a ne izgovore.	
content	data/vsebine.json	vsebine:predlogi.43.naslov	predlogi.43.naslov	Kako komunicirati povišanje cene (brez izgovorov)	Kako komunicirati povećanje cijene (bez izgovora)	Kako saopštiti povećanje cene (bez izgovora)	
content	data/vsebine.json	vsebine:predlogi.44.hook_si	predlogi.44.hook_si	Mesečni newsletter strankam je premalo izkoriščen kanal. Ne sme biti samoreklama. Tu je 12 tem, ki dobijo odzive: regulatorne novice, anonimne lekcije, tipi za HSE, kratke 'a ste vedeli, da...' opomine.	Mjesečni bilten za korisnike nedovoljno je iskorišten kanal. Ne bi trebalo biti samopromocija. Evo 12 tema koje dobivaju odgovore: regulatorne vijesti, anonimne lekcije, HSE savjeti, kratki podsjetnici 'Jeste li znali...'.	Mesečni bilten za korisnike je nedovoljno iskorišćen kanal. Ne bi trebalo da bude samopromotivna. Evo 12 tema koje dobijaju odgovore: vesti o propisima, anonimne lekcije, HSE saveti, kratki podsetnici „da li ste znali...“.	
content	data/vsebine.json	vsebine:predlogi.44.naslov	predlogi.44.naslov	Newsletter za bazo strank: 12 idej, ki delujejo	Bilten baze kupaca: 12 ideja koje funkcioniraju	Bilten baze klijenata: 12 ideja koje rade	
content	data/vsebine.json	vsebine:predlogi.45.hook_si	predlogi.45.hook_si	Nova stranka v prvih 30 dneh oblikuje občutek, koliko je naše storitve vredno. Tu je 5 emailov, ki zaporedoma dostavijo vrednost — dobrodošlica, prva orientacija, prvi quick-win, prvo poročilo, prvi check-in.	U prvih 30 dana novi korisnik stvara osjećaj vrijednosti naše usluge. Evo 5 e-poruka koje donose vrijednost u nizu — dobrodošlica, prva orijentacija, prva brza pobjeda, prvo izvješće, prva prijava.	U prvih 30 dana, novi korisnik formira osećaj koliko vredi naša usluga. Evo 5 e-poruka koje daju vrednost u nizu — dobrodošli, prva orijentacija, prva brza pobeda, prvi izveštaj, prva prijava.	
content	data/vsebine.json	vsebine:predlogi.45.naslov	predlogi.45.naslov	Onboarding sekvenca: 5 emailov v prvih 30 dneh nove stranke	Redoslijed uključivanja: 5 e-poruka u prvih 30 dana od novog korisnika	Redosled uključivanja: 5 e-poruka u prvih 30 dana od novog klijenta	
content	data/vsebine.json	vsebine:predlogi.46.hook_si	predlogi.46.hook_si	Decembrski pregled s stranko ne sme biti 'pregled računov'. Mora biti pogovor o lanskem letu in nastavitev za naslednje. Tu je 6-točkovni okvir, ki vsako leto odpre dve do tri nove priložnosti za sodelovanje.	Prosinački pregled s klijentom ne bi trebao biti 'pregled računa'. To bi trebao biti razgovor o prošloj godini i priprema za sljedeću. Ovdje je okvir od 6 točaka koji svake godine otvara dvije do tri nove prilike za suradnju.	Decembarski pregled sa klijentom ne bi trebalo da bude „pregled računa“. To bi trebalo da bude razgovor o prošloj godini i priprema za sledeću. Evo okvira od 6 tačaka koji otvara dve do tri nove mogućnosti za saradnju svake godine.	
content	data/vsebine.json	vsebine:predlogi.46.naslov	predlogi.46.naslov	Year-end review s stranko: agenda, ki uvede prihodnje leto	Pregled s klijentom na kraju godine: plan koji predstavlja nadolazeću godinu	Pregled na kraju godine sa klijentom: dnevni red koji predstavlja narednu godinu	
content	data/vsebine.json	vsebine:predlogi.47.hook_si	predlogi.47.hook_si	MfR analiza je dala 'D' razred. Stranka je pričakovala 'A'. Tu je, kako tak razgovor pripeljati od slabe novice do akcijskega plana, ki stranko opolnomoči, ne sramuje. (Spoiler: ne začni s 'žal mi je'.)	MfR analiza dala je ocjenu 'D'. Klijent je očekivao 'A'. Evo kako prevesti taj razgovor od loših vijesti do akcijskog plana koji osnažuje, a ne sramoti klijenta. (Spoiler: ne započinjite s 'Žao mi je'.)	MfR analiza je dala ocenu 'D'. Klijent je očekivao 'A'. Evo kako taj razgovor prevesti od loših vesti do akcionog plana koji osnažuje, a ne sramoti klijenta. (Spoiler: ne počinji sa 'izvini'.)	
content	data/vsebine.json	vsebine:predlogi.47.naslov	predlogi.47.naslov	Made for Recycling: kako komunicirati negativen rezultat	Napravljeno za recikliranje: kako priopćiti negativan rezultat	Napravljeno za reciklažu: kako preneti negativan rezultat	
content	data/vsebine.json	vsebine:predlogi.48.hook_si	predlogi.48.hook_si	Stranka je dobila MfR razred 'A'. Zdaj to mora prodati svojim B2B kupcem in trgovskim verigam. Tu je predloga komunikacije — kaj povedati, kaj odpustiti, in kako to vključiti v ESG poročilo.	Klijent je dobio MfR ocjenu 'A'. Sada to mora prodati svojim B2B kupcima i maloprodajnim lancima. Evo komunikacijskog predloška — što reći, što otpustiti i kako to uključiti u ESG izvješće.	Klijentu je dodeljena ocena 'A' MfR-a. Sada to mora da proda svojim B2B kupcima i maloprodajnim lancima. Evo šablona za komunikaciju — šta reći, šta pustiti i kako to uključiti u ESG izveštaj.	
content	data/vsebine.json	vsebine:predlogi.48.naslov	predlogi.48.naslov	Made for Recycling: kako komunicirati pozitiven rezultat (kupcu stranke)	Napravljeno za recikliranje: Kako priopćiti pozitivan rezultat (kupčevom kupcu)	Napravljeno za reciklažu: Kako preneti pozitivan rezultat (kupcu kupca)	
content	data/vsebine.json	vsebine:predlogi.49.hook_si	predlogi.49.hook_si	Stranka pošlje email s tem stavkom. Refleks je padec v popust ali obramba. Oba sta napačna. Tu je predloga odgovora, ki obrne pogovor v razlogovanje o vrednosti — in pridobi sestanek, ne popusta.	Kupac šalje e-poruku s ovom frazom. Refleks je pad u popust ili obranu. I jedno i drugo je pogrešno. Evo prijedloga odgovora koji pretvara razgovor u rasuđivanje vrijednosti — i osvaja sastanak, a ne popust.	Kupac šalje e-poštu sa ovom frazom. Refleks je pad u popust ili odbranu. I jedni i drugi nisu u pravu. Evo predloženog odgovora koji pretvara razgovor u vrednosno razmišljanje - i dobija sastanak, a ne popust.	
content	data/vsebine.json	vsebine:predlogi.49.naslov	predlogi.49.naslov	Email: 'konkurent vas je ponudil 30 % ceneje' — kako odgovoriti	E-pošta: 'konkurent vam je ponudio 30% jeftinije' — kako odgovoriti	E-pošta: „konkurent vam je ponudio 30% jeftinije“ — kako da odgovorite	
content	data/vsebine.json	vsebine:predlogi.5.avtor	predlogi.5.avtor	lead-si			
content	data/vsebine.json	vsebine:predlogi.5.hook_si	predlogi.5.hook_si	Pred letom dni je njihova HSE oseba porabila 40 % časa za poročanje in usklajevanje z izvajalci. Danes porabi 10 %. Tu je, kaj smo skupaj naredili — in česa nismo.	Prije godinu dana njihova HSE osoba provela je 40% svog vremena izvještavajući i koordinirajući s izvođačima. Danas troši 10%. Evo što smo zajedno učinili — a što nismo.	Pre godinu dana, njihova HSE osoba je provela 40% svog vremena na izveštavanje i koordinaciju sa izvođačima. Danas troši 10%. Evo šta smo uradili zajedno - a šta nismo.	
content	data/vsebine.json	vsebine:predlogi.5.naslov	predlogi.5.naslov	Kako je slovenski srednji proizvajalec sprostil 30 % časa HSE oddelka	Kako je slovenski proizvođač srednje veličine oslobodio 30% vremena HSE odjela	Kako je slovenački proizvođač srednje veličine oslobodio 30% vremena HSE odeljenja	
content	data/vsebine.json	vsebine:predlogi.50.hook_si	predlogi.50.hook_si	Reference so najboljši prodajni kanal, vendar jih večina komercialistov ne vpraša, ker se 'zdi vsiljivo'. Tu je formula, ki odpravi nelagodje: kdaj vprašati, kako vprašati, kaj točno ponuditi v zameno.	Reference su najbolji kanal prodaje, ali ih većina komercijalista ne traži jer im se 'čini nametljivo'. Evo formule koja eliminira nelagodu: kada pitati, kako pitati, što točno ponuditi zauzvrat.	Reference su najbolji kanal prodaje, ali većina komercijalnih ljudi ih ne traži jer „izgleda nametljivo“. Evo formule koja eliminiše nelagodnost: kada pitati, kako pitati, šta tačno ponuditi zauzvrat.	
content	data/vsebine.json	vsebine:predlogi.50.naslov	predlogi.50.naslov	Kako vprašati stranko za referenco — brez nelagodja	Kako od klijenta tražiti preporuku — a da se ne osjećate nelagodno	Kako tražiti od klijenta referencu — a da se ne osećate neprijatno	
content	data/vsebine.json	vsebine:predlogi.51.hook_si	predlogi.51.hook_si	Vsako podjetje občasno zamuja, naredi napako ali ima izpad. Razlika med profesionalcem in amaterjem je odziv. Tu je struktura, ki ohrani stranko: priznaj v 4 urah, pojasni v 24 urah, popravi v dogovorjenem roku.	Svaki posao kasni, pogriješi ili s vremena na vrijeme dođe do prekida. Razlika između profesionalca i amatera je odgovor. Ovo je struktura koja zadržava kupca: potvrdi unutar 4 sata, objasni unutar 24 sata, popravi unutar dogovorenog vremena.	Svaki posao kasni, pravi grešku ili s vremena na vreme ima prekid. Razlika između profesionalca i amatera je odgovor. Evo strukture koja zadržava kupca: potvrdite u roku od 4 sata, objasnite u roku od 24 sata, popravite u dogovorenom roku.	
content	data/vsebine.json	vsebine:predlogi.51.naslov	predlogi.51.naslov	Crisis communication: ko se kaj zalomi na NAŠI strani	Krizno komuniciranje: kad nešto pukne na NAŠOJ strani	Krizna komunikacija: kada se nešto pokvari na NAŠOJ strani	
content	data/vsebine.json	vsebine:predlogi.52.hook_si	predlogi.52.hook_si	Stranka, ki ima 3 mesece do izteka pogodbe, je v najobčutljivejši fazi. Konkurenca prihaja po njih. Tu je odpiranje pogovora, ki spremeni 'razmišljali bomo' v 'kakšne so možnosti'.	U najosjetljivijoj je fazi kupac koji ima 3 mjeseca do isteka ugovora. Konkurencija dolazi po njih. Evo da otvorimo razgovor koji pretvara 'razmislit ćemo' u 'koje su opcije'.	Kupac koji ima 3 meseca do isteka ugovora je u najosetljivijoj fazi. Konkurencija im dolazi. Evo da otvorimo razgovor koji pretvara „razmislićemo“ u „koje su opcije“.	
content	data/vsebine.json	vsebine:predlogi.52.naslov	predlogi.52.naslov	Pogovor o podaljšanju pogodbe: kdaj odpreti, kaj povedati	Razgovor o produženju ugovora: kada otvoriti, što reći	Razgovor o produženju ugovora: kada otvoriti, šta reći	
content	data/vsebine.json	vsebine:predlogi.53.hook_si	predlogi.53.hook_si	Stranka, ki ima samo EPR shemo, mimogrede omeni, da uvaža izdelke s baterijami. Cross-sell priložnost je tukaj — ampak ne sme delovati pohlepno. Tu je 3-stavčni pristop, ki postavi vprašanje, ne ponudbe.	Kupac koji ima samo EPR shemu usputno spominje da uvozi baterije. Mogućnost dodatne prodaje je ovdje — ali ne smije djelovati pohlepno. Ovo je pristup od 3 rečenice koji postavlja pitanje, a ne ponudu.	Kupac koji ima samo EPR šemu usputno pominje da uvozi baterijske proizvode. Prilika za unakrsnu prodaju je tu — ali ne sme da deluje pohlepno. Evo pristupa od 3 rečenice koji postavlja pitanje, a ne ponudu.	
content	data/vsebine.json	vsebine:predlogi.53.naslov	predlogi.53.naslov	Cross-sell: ko opazimo priložnost za dodatno storitev	Cross-sell: kada vidimo priliku za dodatnu uslugu	Unakrsna prodaja: kada vidimo priliku za dodatnu uslugu	
content	data/vsebine.json	vsebine:predlogi.54.hook_si	predlogi.54.hook_si	Stranka, ki tri mesece ne odgovori, je psihološki test za komercialista. Pošljete? Pokličete? Ne naredite nič? Tu je 3-korakovni pristop, ki ohrani odnos in razkrije resnico — brez pritiska.	Kupac koji se ne javlja tri mjeseca je psihološki test za prodavača. Hoćete li poslati? zoveš li učiniti ništa? Evo pristupa u 3 koraka za održavanje veze i otkrivanje istine – bez pritiska.	Kupac koji se ne javlja tri meseca je psihološki test za prodavca. Hoćeš li poslati? Zoveš li? Ne raditi ništa? Evo pristupa u 3 koraka za održavanje veze i otkrivanje istine - bez pritiska.	
content	data/vsebine.json	vsebine:predlogi.54.naslov	predlogi.54.naslov	Tihi klient: 3 koraki, da se obrnete brez pritiska	Tihi klijent: 3 koraka do kontakta bez pritiska	Tih klijent: 3 koraka do kontakta bez pritiska	
content	data/vsebine.json	vsebine:predlogi.55.hook_si	predlogi.55.hook_si	Letno poročilo o EPR je za mnoge stranke neprijetno branje. Tu je pristop, kako ga paketirati v 2-stranski 'executive summary', ki ga prebere tudi CFO — in ki naša služba spremeni iz 'stroška' v 'partnerstvo'.	Godišnje EPR izvješće je neugodno štivo za mnoge kupce. Evo pristupa kako to upakirati u 'izvršni sažetak' na 2 stranice, koji također čita financijski direktor — i koji našu uslugu pretvara iz 'troška' u 'partnerstvo'.	Godišnji EPR izveštaj je neprijatno čitanje za mnoge kupce. Evo pristupa o tome kako to upakovati u „izvršni sažetak“ na 2 stranice, koji takođe čita finansijski direktor — i koji našu uslugu pretvara iz „troška“ u „partnerstvo“.	
content	data/vsebine.json	vsebine:predlogi.55.naslov	predlogi.55.naslov	Letno poročilo strankam: kako paketirati, da ga preberejo	Godišnje izvješće klijentima: kako upakirati da se čita	Godišnji izveštaj klijentima: kako ga upakovati da bude pročitan	
content	data/vsebine.json	vsebine:predlogi.56.hook_si	predlogi.56.hook_si	Stranka je odpovedala. Naravna reakcija: jeza, pasivna agresija, izginotje. Vsi trije so napake. Profesionalen zaključek pomeni jasen prehod, čista dokumentacija, in — pogosto — pot nazaj v 12 mesecih.	Kupac je otkazao. Prirodna reakcija: ljutnja, pasivna agresija, nestajanje. Sve tri su greške. Profesionalna završna obrada znači jasan prijelaz, čistu dokumentaciju i — često — povratak u roku od 12 mjeseci.	Kupac je otkazao. Prirodna reakcija: bes, pasivna agresija, nestanak. Sve tri su greške. Profesionalni završetak znači jasan prelaz, čistu dokumentaciju i — često — put nazad u roku od 12 meseci.	
content	data/vsebine.json	vsebine:predlogi.56.naslov	predlogi.56.naslov	Profesionalen zaključek sodelovanja: ko stranka odide	Profesionalni kraj angažmana: kada klijent ode	Profesionalni završetak angažmana: kada klijent ode	
content	data/vsebine.json	vsebine:predlogi.57.hook_si	predlogi.57.hook_si	Klic stranke: 'zakaj je račun višji od dogovora?' Najslabši odgovor: 'tako pač je, povišanje materialov.' Tu je 5-stavčna predloga, ki razloži strukturo, postavi kontekst in zapre vprašanje brez nadaljnjega klica.	Poziv kupca: 'zašto je račun veći od dogovora?' Najgori odgovor: 'tako je, povećanje materijala.' Evo predloška od 5 rečenica koji objašnjava strukturu, postavlja kontekst i zatvara pitanje bez daljnjeg.	Kupac zove: 'zašto je račun veći od dogovora?' Najgori odgovor: 'Tako je, povećanje materijala.' Evo šablona od 5 rečenica koji objašnjava strukturu, postavlja kontekst i zatvara pitanje bez daljeg odlaganja.	
content	data/vsebine.json	vsebine:predlogi.57.naslov	predlogi.57.naslov	Stranka ne razume računa: 5-stavčna predloga pojasnila	Kupac ne razumije fakturu: predložak s objašnjenjem od 5 rečenica	Kupac ne razume fakturu: šablon objašnjenja od 5 rečenica	
content	data/vsebine.json	vsebine:predlogi.58.hook_si	predlogi.58.hook_si	Stranka vmes pogodbenega obdobja prosi za drugačen obseg — manj ali več. Pogosta napaka: takoj reči 'pripravim ponudbo'. Boljši pristop: 3 vprašanja, ki razkrijejo, kaj se je spremenilo, in postavijo realno izhodišče.	Usred ugovornog razdoblja kupac traži drugačiji volumen — manji ili veći. Česta pogreška: odmah reći 'Pripremam ponudu'. Bolji pristup: 3 pitanja koja otkrivaju što se promijenilo i postavljaju realnu osnovu.	U sredini ugovornog perioda, kupac traži drugačiji obim — manji ili veći. Uobičajena greška: odmah se kaže 'Spremam ponudu'. Bolji pristup: 3 pitanja koja otkrivaju šta se promenilo i postavljaju realnu osnovu.	
content	data/vsebine.json	vsebine:predlogi.58.naslov	predlogi.58.naslov	Stranka želi spremembo obsega: pogajalska struktura	Klijent želi promjenu opsega: struktura pregovora	Klijent želi promenu obima: pregovaračka struktura	
content	data/vsebine.json	vsebine:predlogi.59.hook_si	predlogi.59.hook_si	Novi CFO pri stranki je hkrati priložnost in tveganje. Pogosto želijo dokazati, da 'optimizirajo stroške' — kar pomeni revizijo pogodb. Tu je 10-minutna predstavitev, ki nas iz 'strošek' postavi v 'partner za skladnost'.	Novi financijski direktor kod klijenta je i prilika i rizik. Često žele pokazati da 'optimiziraju troškove' — što znači reviziju ugovora. Evo 10-minutne demonstracije koja nas vodi od 'troška' do 'partnera za usklađenost'.	Novi finansijski direktor kod klijenta je i prilika i rizik. Oni često žele da pokažu da 'optimizuju troškove' — što znači reviziju ugovora. Evo 10-minutne demonstracije koja nas vodi od 'troška' do 'partnera za usklađenost'.	
content	data/vsebine.json	vsebine:predlogi.59.naslov	predlogi.59.naslov	Prvi sestanek z novim CFO stranke: kako se predstaviti	Prvi sastanak s klijentovim novim financijskim direktorom: kako se predstaviti	Prvi sastanak sa novim finansijskim direktorom klijenta: kako se predstaviti	
content	data/vsebine.json	vsebine:predlogi.6.avtor	predlogi.6.avtor	lead-rs			
content	data/vsebine.json	vsebine:predlogi.6.hook_si	predlogi.6.hook_si	Srbija ni v EU, ampak usklajuje. V zadnjih 6 mesecih je naredila več sprememb, ki imajo neposreden vpliv na podjetja, ki uvažajo ali prodajajo v RS. Tu je pregled za prodajne in marketinške ekipe.	Srbija nije u EU, ali koordinira. U zadnjih 6 mjeseci napravio je nekoliko promjena koje izravno utječu na tvrtke koje uvoze ili prodaju u Republici Sloveniji. Evo pregleda za prodajne i marketinške timove.	Srbija nije u EU, ali koordinira. U poslednjih 6 meseci izvršio je nekoliko promena koje imaju direktan uticaj na kompanije koje uvoze ili prodaju u Republici Sloveniji. Evo pregleda za prodajne i marketinške timove.	
content	data/vsebine.json	vsebine:predlogi.6.naslov	predlogi.6.naslov	Srbska EPR tranzicija: kako berem zadnjih 6 mesecev	EPR tranzicija u Srbiji: kako sam čitao zadnjih 6 mjeseci	Srpski EPR tranzicija: kako sam čitao poslednjih 6 meseci	
content	data/vsebine.json	vsebine:predlogi.60.hook_si	predlogi.60.hook_si	Vsako pomembno podjetje občasno spremeni pravila — minimalne količine, fakturiranje, nove storitve. Slabo objavljena sprememba povzroči odhode. Dobro objavljena okrepi odnos. Tu je struktura objave, ki deluje.	Svaka veća tvrtka s vremena na vrijeme mijenja pravila — minimalne količine, fakturiranje, nove usluge. Slabo objavljena promjena rezultira odlaskom. Dobro reklamirana veza jača vezu. Evo strukture posta koja funkcionira.	Svaka velika kompanija s vremena na vreme menja pravila — minimalne količine, fakturisanje, nove usluge. Slabo objavljena promena dovodi do napuštanja. Dobro objavljena veza jača vezu. Evo strukture posta koja funkcioniše.	
content	data/vsebine.json	vsebine:predlogi.60.naslov	predlogi.60.naslov	Sprememba naših pravil / tarif: kako objaviti, da stranke ne odidejo	Promjena u našim pravilima / cijenama: kako objavljivati ​​tako da kupci ne odu	Promena naših pravila/cena: kako objaviti da kupci ne odlaze	
content	data/vsebine.json	vsebine:predlogi.61.hook_si	predlogi.61.hook_si	ESG vprašalniki velikih kupcev prihajajo z dvema rokoma: 'do petka' ali 'v 3 tednih'. Tu sta dve verziji odgovora — kratka za rok 'do petka', dolga za 3 tedne. Razlika ni v vsebini, ampak v gostoti.	ESG upitnici velikih kupaca dolaze s dva roka: 'do petka' ili 'unutar 3 tjedna'. Ovdje su dvije verzije odgovora — skraćeno za rok 'do petka', dugo za 3 tjedna. Razlika nije u sadržaju, već u gustoći.	ESG upitnici velikih kupaca dolaze sa dva roka: 'do petka' ili 'u roku od 3 nedelje'. Evo dve verzije odgovora — kratko za rok „do petka“, dugo za 3 nedelje. Razlika nije u sadržaju, već u gustini.	
content	data/vsebine.json	vsebine:predlogi.61.naslov	predlogi.61.naslov	ESG response template: kratka in dolga verzija	ESG predložak odgovora: kratka i duga verzija	ESG šablon odgovora: kratka i duga verzija	
content	data/vsebine.json	vsebine:predlogi.62.hook_si	predlogi.62.hook_si	Stranka kliče med inšpekcijo. ARSO inšpektor stoji pri njih. Kaj povedati v 60 sekundah? Tu je protokol, ki ga uporabljamo: tri stavki za inšpektorja (ki jih stranka prebere), tri za stranko po klicu.	Kupac zove tijekom pregleda. Uz njih stoji inspektor ARSO-a. Što reći u 60 sekundi? Evo protokola koji koristimo: tri rečenice za inspektora (čita kupac), tri za kupca nakon poziva.	Kupac se javlja tokom pregleda. Inspektor ARSO stoji pored njih. Šta reći za 60 sekundi? Evo protokola koji koristimo: tri rečenice za inspektora (da ih pročita kupac), tri za kupca nakon poziva.	
content	data/vsebine.json	vsebine:predlogi.62.naslov	predlogi.62.naslov	Klic v vročini ARSO inšpekcije: kako pomagati v živo	Poziv u žaru inspekcije ARSO-a: kako pomoći živjeti	Poziv u žaru inspekcije ARSO: kako pomoći da se živi	
content	data/vsebine.json	vsebine:predlogi.63.hook_si	predlogi.63.hook_si	QBR ni samo 'pregled metrik'. Pravi QBR vsake 3 mesece odpre dva pogovora: kaj smo skupaj dosegli (priznanje) in kaj se obeta (priložnost). Tu je 60-minutna agenda, ki je standard za naše top stranke.	QBR nije samo 'pregled metrike'. Pravi QBR otvara dva razgovora svaka 3 mjeseca: što smo zajedno postigli (priznanje) i što je pred nama (prilika). Ovdje je raspored od 60 minuta koji je standardan za naše vrhunske klijente.	KBR nije samo 'pregled metrika'. Pravi KBR otvara dva razgovora svaka 3 meseca: šta smo zajedno postigli (priznanje) i šta je pred nama (prilika). Evo 60-minutnog dnevnog reda koji je standardan za naše vrhunske klijente.	
content	data/vsebine.json	vsebine:predlogi.63.naslov	predlogi.63.naslov	Quarterly Business Review (QBR) s stranko: struktura, ki odpre nove posle	Tromjesečni pregled poslovanja (QBR) s klijentom: struktura koja otvara nove poslove	Kvartalni pregled poslovanja (KBR) sa klijentom: struktura koja otvara novi posao	
content	data/vsebine.json	vsebine:predlogi.7.hook_si	predlogi.7.hook_si	Ko PPWR začne veljati neposredno (kot EU uredba), bo del nadomestil slovensko Uredbo o embalaži. Drugi del bo soobstajal. Konkretna primerjava — kar moraš vedeti, če si zavezanec v SI.	Kada PPWR stupi na snagu izravno (kao uredba EU), dijelom će zamijeniti slovensku Uredbu o ambalaži. Drugi dio će koegzistirati. Konkretna usporedba — što trebate znati ako ste porezni obveznik u SI.	Kada PPVR stupi na snagu direktno (kao propis EU), on će delimično zameniti slovenačku Uredbu o ambalaži. Drugi deo će koegzistirati. Konkretno poređenje — šta treba da znate ako ste poreski obveznik u SI.	
content	data/vsebine.json	vsebine:predlogi.7.naslov	predlogi.7.naslov	PPWR vs slovenska Uredba o embalaži: kje se razlikujeta	PPWR naspram slovenske Uredbe o ambalaži: gdje se razlikuju	PPVR vs slovenačka regulativa o ambalaži: gde se razlikuju	
content	data/vsebine.json	vsebine:predlogi.8.hook_si	predlogi.8.hook_si	Marketing želi trajnostno embalažo. Nabava želi nižjo ceno. Trajnost se na koncu vedno izgubi, ker nima 'številke'. Tu je okvir, kako eco-design pretvoriti v ROI, ki nabavo zares prepriča.	Marketing želi održivu ambalažu. Nabava želi nižu cijenu. Trajnost se na kraju uvijek gubi jer nema 'broj'. Evo okvira kako eko-dizajn pretvoriti u ROI koji stvarno uvjerava nabavu.	Marketing želi održivo pakovanje. Nabavka hoće nižu cenu. Trajnost se na kraju uvek gubi jer nema 'broj'. Evo okvira o tome kako pretvoriti eko-dizajn u povraćaj ulaganja koji zaista ubeđuje nabavku.	
content	data/vsebine.json	vsebine:predlogi.8.naslov	predlogi.8.naslov	ROI eco-designa: kako pokazati nabavi, da se splača	ROI eko-dizajna: kako pokazati da se nabava isplati	Povraćaj ulaganja eko-dizajna: kako pokazati da se nabavka isplati	
content	data/vsebine.json	vsebine:predlogi.9.avtor	predlogi.9.avtor	koord			
content	data/vsebine.json	vsebine:predlogi.9.hook_si	predlogi.9.hook_si	Imamo stranko s prisotnostjo v SI, HR in RS. Pred letom dni: trije ločeni partnerji, trije računi, tri poročila. Danes: ena pogodba. Kako je to videti v praksi in zakaj — kljub dodatnim vrstam dela — je stranka zadovoljna.	Imamo klijenta koji je prisutan u SI, HR i RS. Prije godinu dana: tri odvojena partnera, tri računa, tri izvješća. Danas: Jedan ugovor. Kako to izgleda u praksi i zašto je – unatoč dodatnim vrstama radova – kupac zadovoljan.	Imamo klijenta koji je prisutan u SI, HR i RS. Pre godinu dana: tri odvojena partnera, tri naloga, tri izveštaja. Danas: Jedan ugovor. Kako to izgleda u praksi i zašto je — uprkos dodatnim poslovima — kupac zadovoljan.	
content	data/vsebine.json	vsebine:predlogi.9.naslov	predlogi.9.naslov	Multi-Adria pogodba: kako en kontakt pokrije vse tri trge	Multi-Adria ugovor: kako jedan kontakt pokriva sva tri tržišta	Multi-Adria ugovor: kako jedan kontakt pokriva sva tri tržišta	
content	data/vsebine.json	vsebine:statusi.nacrtovano.naziv	statusi.nacrtovano.naziv	Načrtovano	Planirano	Planirano	
content	data/vsebine.json	vsebine:statusi.objavljeno.naziv	statusi.objavljeno.naziv	Objavljeno			
content	data/vsebine.json	vsebine:statusi.osnutek.naziv	statusi.osnutek.naziv	Osnutek			
content	data/vsebine.json	vsebine:teme.ekodizajn.naziv	teme.ekodizajn.naziv	Eco-design			
content	data/vsebine.json	vsebine:teme.ekodizajn.opis	teme.ekodizajn.opis	Recyclability, Made for Recycling, materiali	Mogućnost recikliranja, napravljeno za recikliranje, materijali	Reciklabilnost, Napravljen za reciklažu, materijali	
content	data/vsebine.json	vsebine:teme.komunikacija.barva	teme.komunikacija.barva	pink			
content	data/vsebine.json	vsebine:teme.komunikacija.naziv	teme.komunikacija.naziv	Komunikacija s stranko	Komunikacija s kupcem	Komunikacija sa kupcem	
content	data/vsebine.json	vsebine:teme.komunikacija.opis	teme.komunikacija.opis	Skripte, email predloge, vodila za pogovor s strankami	Skripte, predlošci e-pošte, vodiči za razgovor s kupcima	Skripte, šabloni e-pošte, vodiči za razgovor sa kupcima	
content	data/vsebine.json	vsebine:teme.ppwr.opis	teme.ppwr.opis	EU Uredba 2025/40 o embalaži	Uredba EU 2025/40 o pakiranju	Uredba EU 2025/40 o ambalaži	
content	data/vsebine.json	vsebine:teme.praksa.naziv	teme.praksa.naziv	Primer iz prakse	Primjer iz prakse	Primer iz prakse	
content	data/vsebine.json	vsebine:teme.praksa.opis	teme.praksa.opis	Anonimiziran primer ali izkušnja	Anonimizirani primjer ili iskustvo	Anonimizovan primer ili iskustvo	
content	data/vsebine.json	vsebine:teme.regulator.naziv	teme.regulator.naziv	Regulatorni update	Ažuriranje propisa	Regulatorno ažuriranje	
content	data/vsebine.json	vsebine:teme.regulator.opis	teme.regulator.opis	Spremembe SI/HR/RS/EU pravnega okvira	Promjene pravnog okvira SI/HR/RS/EU	Promene pravnog okvira SI/HR/RS/EU	
content	data/zakonodaja-hr.json	zakonodaja-hr:_opis	_opis	Pregled ključne EPR in okoljske zakonodaje na Hrvaškem. Datumi in določila se spreminjajo — pred uporabo v ponudbi PREVERI veljavno verzijo na zakon.hr in mingor.gov.hr. To je orodje za prodajalca, ne pravni vir.	Pregled ključnih EPR i okolišnog zakonodavstva u Hrvatskoj. Datumi i uvjeti podložni su promjenama — prije korištenja ponude PROVJERITE važeću verziju na zakon.hr i mingor.gov.hr. Ovo je alat dobavljača, a ne pravni izvor.	Pregled ključnih EPR i ekoloških zakona u Hrvatskoj. Datumi i uslovi su podložni promenama — pre korišćenja ponude, PROVERITE važeću verziju na zakon.hr i mingor.gov.hr. Ovo je alatka dobavljača, a ne pravni resurs.	
content	data/zakonodaja-hr.json	zakonodaja-hr:_opozorilo	_opozorilo	Pred pomembnimi odločitvami preveri trenutno veljavne predpise pri Ministarstvu gospodarstva i održivog razvoja (MINGOR) ali Fondu za zaštitu okoliša i energetsku učinkovitost (FZOEU).	Prije donošenja važnih odluka provjerite trenutno važeće propise u Ministarstvu gospodarstva i održivog razvoja (MINGOR) ili Fondu za zaštitu okoliša i energetsku učinkovitost (FZOEU).	Pre donošenja važnih odluka proverite trenutno važeće propise u Ministarstvu ekonomije i održivog razvoja (MINGOR) ili Fondu za zaštitu životne sredine i energetsku efikasnost (FZOEU).	
content	data/zakonodaja-hr.json	zakonodaja-hr:sklopi.0.kljucne_obveznosti.0	sklopi.0.kljucne_obveznosti.0	Vpis v register FZOEU pred dajanjem izdelkov na trg.	Upis u upisnik FZOEU prije stavljanja proizvoda u promet.	Upis u registar FZOEU pre stavljanja proizvoda u promet.	
content	data/zakonodaja-hr.json	zakonodaja-hr:sklopi.0.kljucne_obveznosti.1	sklopi.0.kljucne_obveznosti.1	Letno poročanje količin (Obrazac PL-PROIZ).	Godišnja prijava količina (Obrazac PL-PROIZ).	Godišnje izveštavanje o količinama (Obrazac PL-PROIZ).	
content	data/zakonodaja-hr.json	zakonodaja-hr:sklopi.0.kljucne_obveznosti.2	sklopi.0.kljucne_obveznosti.2	Plačilo prispevkov v FZOEU oziroma vključitev v operaterja sheme.	Uplata doprinosa FZOEU ili uključivanje u shemu operatera.	Plaćanje doprinosa u FZOEU ili uključivanje u operatera šeme.	
content	data/zakonodaja-hr.json	zakonodaja-hr:sklopi.0.kljucne_obveznosti.3	sklopi.0.kljucne_obveznosti.3	Označevanje izdelkov skladno z določili posameznih tokov.	Označavanje proizvoda u skladu s odredbama pojedinih tokova.	Označavanje proizvoda u skladu sa odredbama pojedinačnih tokova.	
content	data/zakonodaja-hr.json	zakonodaja-hr:sklopi.0.koga_zavezuje	sklopi.0.koga_zavezuje	Proizvajalce in uvoznike izdelkov v zadevnih tokovih (embalaža, EE-oprema, baterije, gume, vozila, olja). Tudi spletni prodajalci, ki prodajajo končnim potrošnikom v HR.	Proizvođači i uvoznici proizvoda u relevantnim tokovima (ambalaža, EE-oprema, baterije, gume, vozila, ulja). Također i online prodavači koji prodaju krajnjim potrošačima u HR.	Proizvođači i uvoznici proizvoda u relevantnim tokovima (ambalaža, EE-oprema, akumulatori, gume, vozila, ulja). Takođe onlajn prodavci koji prodaju krajnjim potrošačima u HR.	
content	data/zakonodaja-hr.json	zakonodaja-hr:sklopi.0.naslov	sklopi.0.naslov	EPR — splošno	EPR — općenito	EPR — general	
content	data/zakonodaja-hr.json	zakonodaja-hr:sklopi.0.vsebina	sklopi.0.vsebina	EPR (proširena odgovornost proizvođača) na Hrvaškem ureja Zakon o gospodarenju otpadom (NN 84/2021 z dopolnitvami) in vrsta podzakonskih pravilnikov. Sistem upravljanja izvaja FZOEU — Fond za zaštitu okoliša i energetsku učinkovitost, ki je državni javni sklad.	EPR (proširena odgovornost proizvođača) u Hrvatskoj je regulirana Zakonom o gospodarenju otpadom (Narodne novine 84/2021 s izmjenama i dopunama) i nizom podzakonskih akata. Sustav upravljanja provodi FZOEU — Fond za zaštitu okoliša i energetsku učinkovitost, koji je državni javni fond.	EPR (proširena odgovornost proizvođača) u Hrvatskoj reguliran je Zakonom o gospodarenju otpadom (Narodne novine 84/2021 s izmjenama) i nizom podzakonskih akata. Sistem upravljanja sprovodi FZOEU — Fond za zaštitu životne sredine i energetsku efikasnost, koji je državni javni fond.	
content	data/zakonodaja-hr.json	zakonodaja-hr:sklopi.1.datumi_in_pragovi	sklopi.1.datumi_in_pragovi	Manjši proizvajalci pod določenimi količinami imajo nekatere oprostitve — preveri trenutno veljavno verzijo Pravilnika.	Manji proizvođači ispod određenih količina imaju neke iznimke — provjerite trenutno važeću verziju Pravilnika.	Manji proizvođači ispod određenih količina imaju neka izuzeća — proverite trenutno važeću verziju Pravilnika.	
content	data/zakonodaja-hr.json	zakonodaja-hr:sklopi.1.kljucne_obveznosti.0	sklopi.1.kljucne_obveznosti.0	Vključitev v sistem upravljanja embalažo (FZOEU ali licencirani operater).	Uključivanje u sustav upravljanja ambalažom (FZOEU ili licencirani operater).	Uključivanje u sistem upravljanja ambalažom (FZOEU ili licencirani operater).	
content	data/zakonodaja-hr.json	zakonodaja-hr:sklopi.1.kljucne_obveznosti.1	sklopi.1.kljucne_obveznosti.1	Pri pijačah pod določenimi pogoji: vključitev v sistem povratne kavcije.	Za pića pod određenim uvjetima: uključenje u sustav povratnog depozita.	Za piće pod određenim uslovima: uključivanje u sistem povrata depozita.	
content	data/zakonodaja-hr.json	zakonodaja-hr:sklopi.1.kljucne_obveznosti.2	sklopi.1.kljucne_obveznosti.2	Mesečno ali letno poročanje količin embalaže po materialih.	Mjesečno ili godišnje izvješćivanje količina ambalaže po materijalima.	Mesečno ili godišnje izveštavanje o količinama pakovanja po materijalima.	
content	data/zakonodaja-hr.json	zakonodaja-hr:sklopi.1.kljucne_obveznosti.3	sklopi.1.kljucne_obveznosti.3	Plačilo prispevkov (naknada) FZOEU oziroma operaterju.	Uplata doprinosa (naknade) FZOEU ili operateru.	Uplata doprinosa (naknade) FZOEU ili operateru.	
content	data/zakonodaja-hr.json	zakonodaja-hr:sklopi.1.koga_zavezuje	sklopi.1.koga_zavezuje	Vsi, ki dajejo embalirane izdelke prvič na hrvaški trg.	Svi oni koji pakirane proizvode prvi put stavljaju na hrvatsko tržište.	Svi oni koji su pakirane proizvode prvi put plasirali na hrvatsko tržište.	
content	data/zakonodaja-hr.json	zakonodaja-hr:sklopi.1.naslov	sklopi.1.naslov	Embalaža in odpadna embalaža	Ambalaža i otpadna ambalaža	Ambalaža i otpadna ambalaža	
content	data/zakonodaja-hr.json	zakonodaja-hr:sklopi.1.vsebina	sklopi.1.vsebina	Pravilnik o ambalaži i otpadnoj ambalaži (NN 88/2015 z dopolnitvami). Hrvaška ima sistem povratne kavcije za PET, Al, steklene boče (depozitni sustav).	Pravilnik o ambalaži i otpadnoj ambalaži (Narodne novine 88/2015 s izmjenama i dopunama). Hrvatska ima povratni sustav depozita za PET, Al, staklene boce (sustav depozita).	Pravilnik o ambalaži i otpadnoj ambalaži (Sl. list 88/2015 sa izmenama). Hrvatska ima povratni depozitni sistem za PET, Al, staklene boce (depozitni sistem).	
content	data/zakonodaja-hr.json	zakonodaja-hr:sklopi.2.kljucne_obveznosti.0	sklopi.2.kljucne_obveznosti.0	Vpis v register proizvajalcev EE-opreme pri FZOEU.	Upis u registar proizvođača EE opreme pri FZOEU.	Upis u registar proizvođača EE opreme pri FZOEU.	
content	data/zakonodaja-hr.json	zakonodaja-hr:sklopi.2.kljucne_obveznosti.1	sklopi.2.kljucne_obveznosti.1	Vključitev v shemo upravljanja oziroma individualni načrt.	Uključivanje u shemu gospodarenja ili individualni plan.	Uključivanje u šemu upravljanja ili individualni plan.	
content	data/zakonodaja-hr.json	zakonodaja-hr:sklopi.2.kljucne_obveznosti.2	sklopi.2.kljucne_obveznosti.2	Označevanje izdelkov (simbol prečrtanega zabojnika).	Označavanje proizvoda (simbol prekrižene posude).	Označavanje proizvoda (simbol precrtanog kontejnera).	
content	data/zakonodaja-hr.json	zakonodaja-hr:sklopi.2.kljucne_obveznosti.3	sklopi.2.kljucne_obveznosti.3	Letno poročanje količin po kategorijah.	Godišnje izvješće o količinama po kategorijama.	Godišnje izveštavanje o količinama po kategorijama.	
content	data/zakonodaja-hr.json	zakonodaja-hr:sklopi.2.koga_zavezuje	sklopi.2.koga_zavezuje	Proizvajalce in uvoznike EE-opreme na Hrvaškem. Tudi spletne prodajalce (B2C).	Proizvođači i uvoznici EE opreme u Hrvatskoj. Također i online prodavači (B2C).	Proizvođači i uvoznici EE opreme u Hrvatskoj. Takođe onlajn prodavci (B2C).	
content	data/zakonodaja-hr.json	zakonodaja-hr:sklopi.2.naslov	sklopi.2.naslov	EE-oprema (EE otpad)	EE oprema (EE otpad)	EE oprema (EE otpad)	
content	data/zakonodaja-hr.json	zakonodaja-hr:sklopi.2.vsebina	sklopi.2.vsebina	Pravilnik o gospodarenju otpadnom električnom i elektroničkom opremom. Velja za skoraj vso EE opremo v 6 kategorijah.	Pravilnik o gospodarenju otpadnom električnom i elektroničkom opremom. Odnosi se na gotovo svu EE opremu u 6 kategorija.	Pravilnik o upravljanju otpadnom električnom i elektronskom opremom. Odnosi se na skoro svu EE opremu u 6 kategorija.	
content	data/zakonodaja-hr.json	zakonodaja-hr:sklopi.3.kljucne_obveznosti.0	sklopi.3.kljucne_obveznosti.0	Registracija proizvajalca baterij pri FZOEU.	Registracija proizvođača akumulatora pri FZOEU.	Registracija proizvođača baterija kod FZOEU.	
content	data/zakonodaja-hr.json	zakonodaja-hr:sklopi.3.kljucne_obveznosti.1	sklopi.3.kljucne_obveznosti.1	Vključitev v shemo prevzema.	Uključivanje u shemu preuzimanja.	Uključivanje u šemu preuzimanja.	
content	data/zakonodaja-hr.json	zakonodaja-hr:sklopi.3.kljucne_obveznosti.2	sklopi.3.kljucne_obveznosti.2	Označevanje baterij.	Označavanje baterija.	Označavanje baterija.	
content	data/zakonodaja-hr.json	zakonodaja-hr:sklopi.3.kljucne_obveznosti.3	sklopi.3.kljucne_obveznosti.3	Letno poročanje količin.	Godišnje izvješće o količinama.	Godišnje izveštavanje o količinama.	
content	data/zakonodaja-hr.json	zakonodaja-hr:sklopi.3.koga_zavezuje	sklopi.3.koga_zavezuje	Proizvajalce in uvoznike baterij ali izdelkov z baterijami.	Proizvođači i uvoznici baterija ili proizvoda s baterijama.	Proizvođači i uvoznici baterija ili proizvoda sa baterijama.	
content	data/zakonodaja-hr.json	zakonodaja-hr:sklopi.3.vsebina	sklopi.3.vsebina	Pravilnik o gospodarenju otpadnim baterijama i akumulatorima. Pokriva prenosne, industrijske in avtomobilske baterije. EU Uredba 2023/1542 prinaša nove zahteve, ki se postopno uveljavljajo tudi v HR.	Pravilnik o gospodarenju otpadnim baterijama i akumulatorima. Pokriva prijenosne, industrijske i automobilske baterije. EU Uredba 2023/1542 uvodi nove zahtjeve koji se postupno uvode iu HR.	Pravilnik o upravljanju otpadnim baterijama i akumulatorima. Pokriva prenosive, industrijske i automobilske baterije. Uredba EU 2023/1542 uvodi nove zahteve koji se postepeno primenjuju i u ljudskim resursima.	
content	data/zakonodaja-hr.json	zakonodaja-hr:sklopi.4.koga_zavezuje	sklopi.4.koga_zavezuje	Vsakega proizvajalca/uvoznika v zadevnih kategorijah.	Svaki proizvođač/uvoznik u odgovarajućim kategorijama.	Svaki proizvođač/uvoznik u odgovarajućim kategorijama.	
content	data/zakonodaja-hr.json	zakonodaja-hr:sklopi.4.vsebina	sklopi.4.vsebina	Na Hrvaškem obstajajo še EPR sheme za odpadne gume, izrabljena vozila, odpadna olja, odpadna zdravila, odpadne sveče.	U Hrvatskoj također postoje EPR sheme za otpadne gume, rabljena vozila, otpadna ulja, otpadne lijekove i otpadne svijeće.	U Hrvatskoj postoje i EPR šeme za otpadne gume, polovna vozila, otpadna ulja, otpadne lekove i otpadne sveće.	
content	data/zakonodaja-hr.json	zakonodaja-hr:sklopi.5.datumi_in_pragovi	sklopi.5.datumi_in_pragovi	1. marec za prejšnje koledarsko leto. Preveri vsako leto — datumi se občasno spreminjajo.	1. ožujka za prethodnu kalendarsku godinu. Provjerite svake godine — datumi se povremeno mijenjaju.	1. marta za prethodnu kalendarsku godinu. Proveravajte svake godine - datumi se s vremena na vreme menjaju.	
content	data/zakonodaja-hr.json	zakonodaja-hr:sklopi.5.naslov	sklopi.5.naslov	Letno poročanje	Godišnje izvješće	Godišnje izveštavanje	
content	data/zakonodaja-hr.json	zakonodaja-hr:sklopi.5.vsebina	sklopi.5.vsebina	Zavezanci morajo do 1. marca naslednjega leta oddati letna poročila o ravnanju z odpadki in/ali količinah, danih na trg, prek FZOEU portala.	Godišnja izvješća o gospodarenju otpadom i/ili količinama stavljenim na tržište porezni obveznici dostavljaju putem portala FZOEU do 1. ožujka sljedeće godine.	Poreski obveznici moraju da dostave godišnje izveštaje o upravljanju otpadom i/ili količinama stavljenim u promet putem portala FZOEU do 1. marta naredne godine.	
content	data/zakonodaja-hr.json	zakonodaja-hr:sklopi.6.datumi_in_pragovi	sklopi.6.datumi_in_pragovi	e-ONTO je obvezen — neuporaba je sankcionirana.	e-ONTO je obavezan — nekorištenje se sankcionira.	e-ONTO je obavezan — neupotreba je sankcionisana.	
content	data/zakonodaja-hr.json	zakonodaja-hr:sklopi.6.kljucne_obveznosti.0	sklopi.6.kljucne_obveznosti.0	Registracija v e-ONTO sistem.	Prijava u sustav e-ONTO.	Registracija u sistemu e-ONTO.	
content	data/zakonodaja-hr.json	zakonodaja-hr:sklopi.6.kljucne_obveznosti.1	sklopi.6.kljucne_obveznosti.1	Sprotno evidentiranje gibanja odpadkov v sistemu.	Snimanje kretanja otpada u sustavu u realnom vremenu.	Snimanje kretanja otpada u sistemu u realnom vremenu.	
content	data/zakonodaja-hr.json	zakonodaja-hr:sklopi.6.kljucne_obveznosti.2	sklopi.6.kljucne_obveznosti.2	Vsaka oddaja odpadkov mora biti dokumentirana z elektronskim PROO obrazcem.	Svaka predaja otpada mora biti dokumentirana elektroničkim PROO obrascem.	Svaka isporuka otpada mora biti dokumentovana elektronskim obrascem PROO.	
content	data/zakonodaja-hr.json	zakonodaja-hr:sklopi.6.koga_zavezuje	sklopi.6.koga_zavezuje	Podjetja, ki proizvajajo, prevažajo ali obdelujejo odpadke.	Tvrtke koje proizvode, prevoze ili prerađuju otpad.	Kompanije koje proizvode, transportuju ili prerađuju otpad.	
content	data/zakonodaja-hr.json	zakonodaja-hr:sklopi.6.naslov	sklopi.6.naslov	e-ONTO sistem	e-ONTO sustav	e-ONTO sistem	
content	data/zakonodaja-hr.json	zakonodaja-hr:sklopi.6.vsebina	sklopi.6.vsebina	Hrvaška ima poseben elektronski sistem za sledenje odpadkov v gospodarstvu — e-ONTO (Očevidnik nastanka, prijevoza i obrade otpada). Vsi proizvajalci odpadkov in prevozniki morajo biti vključeni.	Hrvatska ima poseban elektronički sustav za praćenje otpada u gospodarstvu — e-ONTO (Ocevid nastanka, prijevoza i obrade otpada). Svi proizvođači i prijevoznici otpada moraju biti uključeni.	Hrvatska ima poseban elektronski sistem za praćenje otpada u privredi — e-ONTO (Ocevid porekla, transporta i tretmana otpada). Svi proizvođači i transporteri otpada moraju biti uključeni.	
content	data/zakonodaja-hr.json	zakonodaja-hr:sklopi.7.koga_zavezuje	sklopi.7.koga_zavezuje	Vse, ki dajejo embalirane izdelke na trg EU, vključno s Hrvaško.	Svi koji plasiraju pakirane proizvode na tržište EU, pa tako i Hrvatske.	Svi koji su upakovane proizvode plasirali na tržište EU, uključujući i Hrvatsku.	
content	data/zakonodaja-hr.json	zakonodaja-hr:sklopi.7.naslov	sklopi.7.naslov	PPWR — nova EU Uredba o embalaži	PPWR — nova Uredba EU o pakiranju	PPVR — nova uredba EU o ambalaži	
content	data/zakonodaja-hr.json	zakonodaja-hr:sklopi.7.vsebina	sklopi.7.vsebina	Uredba EU 2025/40 o embalaži in odpadni embalaži velja neposredno tudi v Hrvaški od leta 2026 naprej. Uvaja nove zahteve: zmanjšanje embalaže, ponovna uporaba, omejitve določene plastike, vsebnost recikliranih materialov.	Uredba EU 2025/40 o ambalaži i otpadnoj ambalaži izravno se primjenjuje iu Hrvatskoj od 2026. godine. Uvodi nove zahtjeve: smanjenje pakiranja, ponovna uporaba, ograničenja za određenu plastiku, sadržaj recikliranih materijala.	Uredba EU 2025/40 o ambalaži i otpadnoj ambalaži također je direktno primjenjiva u Hrvatskoj od 2026. godine. Uvodi nove zahteve: smanjenje pakovanja, ponovnu upotrebu, ograničenja određene plastike, sadržaj recikliranih materijala.	
content	data/zakonodaja-hr.json	zakonodaja-hr:sklopi.8.naslov	sklopi.8.naslov	ESG in CSRD	ESG i CSRD	ESG i CSRD	
content	data/zakonodaja-hr.json	zakonodaja-hr:sklopi.8.vsebina	sklopi.8.vsebina	EU direktiva o trajnostnem poročanju (CSRD) postopno uvaja obvezno poročanje. V Hrvaški velja za podjetja, ki izpolnjujejo merila (število zaposlenih, prihodki, bilanca). Manjši dobavitelji bodo posredno prizadeti prek dobaviteljskih verig.	EU Direktiva o izvješćivanju o održivosti (CSRD) postupno uvodi obvezno izvješćivanje. U Hrvatskoj se odnosi na tvrtke koje zadovoljavaju kriterije (broj zaposlenih, prihodi, bilanca). Na manje će dobavljače utjecati neizravno kroz opskrbne lance.	Direktiva EU o izveštavanju o održivosti (CSRD) postepeno uvodi obavezno izveštavanje. U Hrvatskoj se odnosi na kompanije koje ispunjavaju kriterijume (broj zaposlenih, prihodi, bilans stanja). Manji dobavljači će biti pogođeni indirektno kroz lance snabdevanja.	
content	data/zakonodaja-hr.json	zakonodaja-hr:viri.0.naziv	viri.0.naziv	Zakon.hr — predpisi	Zakon.hr — propisi	Zakon.hr — propisi	
content	data/zakonodaja-hr.json	zakonodaja-hr:viri.1.naziv	viri.1.naziv	FZOEU — Fond za zaštitu okoliša	FZOEU — Fond za zaštitu okoliša	FZOEU — Fond za zaštitu životne sredine	
content	data/zakonodaja-hr.json	zakonodaja-hr:viri.2.naziv	viri.2.naziv	MINGOR — Ministarstvo gospodarstva	MINGOR — Ministarstvo gospodarstva	MINGOR — Ministarstvo privrede	
content	data/zakonodaja-hr.json	zakonodaja-hr:viri.3.naziv	viri.3.naziv	Interzero Hrvaška	Interzero Hrvatska	Interzero Hrvatska	
content	data/zakonodaja-rs.json	zakonodaja-rs:_opis	_opis	Pregled ključne EPR in okoljske zakonodaje v Srbiji. Datumi in določila se spreminjajo — pred uporabo v ponudbi PREVERI veljavno verzijo na ekologija.gov.rs. To je orodje za prodajalca, ne pravni vir.	Pregled ključnih EPR i ekoloških zakona u Srbiji. Datumi i termini su podložni promeni — pre korišćenja ponude PROVERITE važeću verziju na ekologija.gov.rs. Ovo je alat dobavljača, a ne pravni izvor.	Pregled ključnih EPR i ekoloških zakona u Srbiji. Termini i uslovi su podložni promenama — pre korišćenja ponude, PROVERITE važeću verziju na ekologija.gov.rs. Ovo je alatka dobavljača, a ne pravni resurs.	
content	data/zakonodaja-rs.json	zakonodaja-rs:_opozorilo	_opozorilo	Pred pomembnimi odločitvami preveri trenutno veljavne predpise pri Ministarstvu zaštite životne sredine in Agenciji za zaštitu životne sredine (SEPA). Srbija ni članica EU, vendar usklajuje predpise z EU pravnim okvirom v okviru pristopnih pogajanj.	Prije donošenja važnih odluka provjerite trenutno važeće propise u Ministarstvu zaštite okoliša i Agenciji za zaštitu okoliša (SEPA). Srbija nije članica EU, ali usklađuje propise s pravnim okvirom EU u sklopu pristupnih pregovora.	Pre donošenja važnih odluka, proverite trenutno važeće propise u Ministarstvu zaštite životne sredine i Agenciji za zaštitu životne sredine (SEPA). Srbija nije članica EU, ali u okviru pristupnih pregovora usklađuje propise sa pravnim okvirom EU.	
content	data/zakonodaja-rs.json	zakonodaja-rs:sklopi.0.kljucne_obveznosti.0	sklopi.0.kljucne_obveznosti.0	Vpis v register proizvajalcev pri SEPA pred dajanjem izdelkov na trg.	Upis u registar proizvođača pri SEPA-i prije stavljanja proizvoda na tržište.	Registracija u registar proizvođača pri SEPA pre stavljanja proizvoda na tržište.	
content	data/zakonodaja-rs.json	zakonodaja-rs:sklopi.0.kljucne_obveznosti.1	sklopi.0.kljucne_obveznosti.1	Vključitev v licenciran sistem upravljanja (operater).	Uključivanje u licencirani sustav upravljanja (operator).	Uključivanje u licencirani sistem upravljanja (operater).	
content	data/zakonodaja-rs.json	zakonodaja-rs:sklopi.0.kljucne_obveznosti.2	sklopi.0.kljucne_obveznosti.2	Plačilo prispevkov skladno z uredbo o znesku prispevkov.	Plaćanje doprinosa sukladno propisu o visini doprinosa.	Uplata doprinosa u skladu sa propisom o visini doprinosa.	
content	data/zakonodaja-rs.json	zakonodaja-rs:sklopi.0.kljucne_obveznosti.3	sklopi.0.kljucne_obveznosti.3	Letno poročanje količin po posameznih tokovih.	Godišnje izvješćivanje količina po pojedinim tokovima.	Godišnje izveštavanje o količinama po pojedinim tokovima.	
content	data/zakonodaja-rs.json	zakonodaja-rs:sklopi.0.koga_zavezuje	sklopi.0.koga_zavezuje	Proizvajalce in uvoznike izdelkov v zadevnih tokovih (embalaža, EE-oprema, baterije, gume, vozila).	Proizvođači i uvoznici proizvoda u relevantnim tokovima (ambalaža, EE-oprema, baterije, gume, vozila).	Proizvođači i uvoznici proizvoda u relevantnim tokovima (ambalaža, EE-oprema, akumulatori, gume, vozila).	
content	data/zakonodaja-rs.json	zakonodaja-rs:sklopi.0.vsebina	sklopi.0.vsebina	EPR (proširena odgovornost proizvođača) v Srbiji ureja Zakon o upravljanju otpadom (Sl. glasnik RS 36/2009 z dopolnitvami) in vrsta podzakonskih uredb. Sistem izvaja in nadzira Agencija za zaštitu životne sredine (SEPA) in pristojni resor v Ministarstvu zaštite životne sredine.	EPR (proširena odgovornost proizvođača) u Srbiji je regulisana Zakonom o upravljanju otpadom (Službeni glasnik RS 36/2009 sa izmenama i dopunama) i nizom podzakonskih akata. Sustav implementiraju i nadziru Agencija za zaštitu okoliša (SEPA) i nadležni odjel u Ministarstvu zaštite okoliša.	EPR (proširena odgovornost proizvođača) u Srbiji je regulisan Zakonom o upravljanju otpadom (Sl. glasnik RS 36/2009 sa izmenama) i nizom podzakonskih akata. Sistem implementiraju i nadgledaju Agencija za zaštitu životne sredine (SEPA) i nadležno odeljenje u Ministarstvu zaštite životne sredine.	
content	data/zakonodaja-rs.json	zakonodaja-rs:sklopi.1.datumi_in_pragovi	sklopi.1.datumi_in_pragovi	Manjši proizvajalci pod določenimi količinami imajo nekatere oprostitve. Preveri trenutno veljavno verzijo Uredbe.	Manji proizvođači ispod određenih količina imaju određena izuzeća. Provjerite trenutno važeću verziju Uredbe.	Manji proizvođači ispod određenih količina imaju određena izuzeća. Proverite trenutno važeću verziju Uredbe.	
content	data/zakonodaja-rs.json	zakonodaja-rs:sklopi.1.kljucne_obveznosti.0	sklopi.1.kljucne_obveznosti.0	Vključitev v sistem upravljanja embalažo prek licenciranega operaterja.	Integracija u sustav upravljanja ambalažom preko licenciranog operatera.	Integracija u sistem upravljanja ambalažom preko licenciranog operatera.	
content	data/zakonodaja-rs.json	zakonodaja-rs:sklopi.1.kljucne_obveznosti.2	sklopi.1.kljucne_obveznosti.2	Plačilo prispevkov, ki se izračunajo na kg/material.	Plaćanje doprinosa, koji se obračunavaju po kg/materijalu.	Uplata doprinosa koji se obračunavaju po kg/materijalu.	
content	data/zakonodaja-rs.json	zakonodaja-rs:sklopi.1.kljucne_obveznosti.3	sklopi.1.kljucne_obveznosti.3	Stopnje recikliranja postopno naraščajo skladno z EU usklajevanjem.	Stope recikliranja postupno rastu u skladu s usklađivanjem s EU.	Stope reciklaže se postepeno povećavaju u skladu sa EU harmonizacijom.	
content	data/zakonodaja-rs.json	zakonodaja-rs:sklopi.1.koga_zavezuje	sklopi.1.koga_zavezuje	Vsi, ki dajejo embalirane izdelke prvič na srbski trg (proizvajalci, uvozniki, distributerji).	Svi koji pakirane proizvode prvi put stavljaju na srpsko tržište (proizvođači, uvoznici, distributeri).	Svi koji upakovane proizvode prvi put plasiraju na tržište Srbije (proizvođači, uvoznici, distributeri).	
content	data/zakonodaja-rs.json	zakonodaja-rs:sklopi.1.vsebina	sklopi.1.vsebina	Uredba o upravljanju ambalažom i ambalažnim otpadom. Interzero PAK je licenciran operater sistema upravljanja odpadno embalažo.	Uredba o gospodarenju ambalažom i ambalažnim otpadom. Interzero PAK ovlašteni je operater sustava gospodarenja otpadnom ambalažom.	Uredba o upravljanju ambalažom i ambalažnim otpadom. Interzero PAK je licencirani operater sistema upravljanja otpadnom ambalažom.	
content	data/zakonodaja-rs.json	zakonodaja-rs:sklopi.2.kljucne_obveznosti.0	sklopi.2.kljucne_obveznosti.0	Vpis v register proizvajalcev EE-opreme pri SEPA.	Upis u registar proizvođača EE opreme pri SEPA-i.	Upis u registar proizvođača EE opreme pri SEPA.	
content	data/zakonodaja-rs.json	zakonodaja-rs:sklopi.2.koga_zavezuje	sklopi.2.koga_zavezuje	Proizvajalce in uvoznike EE-opreme v Srbiji. Tudi spletne prodajalce (B2C).	Proizvođači i uvoznici EE opreme u Srbiji. Također i online prodavači (B2C).	Proizvođači i uvoznici EE-opreme u Srbiji. Takođe onlajn prodavci (B2C).	
content	data/zakonodaja-rs.json	zakonodaja-rs:sklopi.2.naslov	sklopi.2.naslov	EE-oprema (e-otpad)	EE oprema (e-otpad)	EE oprema (e-otpad)	
content	data/zakonodaja-rs.json	zakonodaja-rs:sklopi.2.vsebina	sklopi.2.vsebina	Pravilnik o listi električnih i elektronskih proizvoda i uredba o ravnanju z e-odpadkom. Velja za vso EE opremo v 10 kategorijah.	Pravilnik o popisu električnih i elektroničkih proizvoda i Pravilnik o postupanju s e-otpadom. Odnosi se na svu EE opremu u 10 kategorija.	Pravilnik o listi električnih i elektronskih proizvoda i pravilnik o postupanju sa e-otpadom. Odnosi se na svu EE opremu u 10 kategorija.	
content	data/zakonodaja-rs.json	zakonodaja-rs:sklopi.3.kljucne_obveznosti.0	sklopi.3.kljucne_obveznosti.0	Registracija proizvajalca baterij pri SEPA.	Registracija proizvođača baterija kod SEPA-e.	Registracija proizvođača baterija kod SEPA.	
content	data/zakonodaja-rs.json	zakonodaja-rs:sklopi.3.kljucne_obveznosti.1	sklopi.3.kljucne_obveznosti.1	Vključitev v sistem prevzema.	Integracija u sustav prikupljanja.	Integracija u sistem prikupljanja.	
content	data/zakonodaja-rs.json	zakonodaja-rs:sklopi.3.vsebina	sklopi.3.vsebina	Pravilnik o ravnanju z odpadnimi baterijami in akumulatorji. Pokriva prenosne, industrijske in avtomobilske baterije.	Propisi o postupanju s otpadnim baterijama i akumulatorima. Pokriva prijenosne, industrijske i automobilske baterije.	Pravilnik o postupanju sa otpadnim baterijama i akumulatorima. Pokriva prenosive, industrijske i automobilske baterije.	
content	data/zakonodaja-rs.json	zakonodaja-rs:sklopi.4.vsebina	sklopi.4.vsebina	V Srbiji obstajajo EPR sheme za odpadne gume, izrabljena vozila, odpadna olja, odpadna zdravila.	U Srbiji postoje EPR sheme za otpadne gume, rabljena vozila, otpadna ulja, otpadne lijekove.	U Srbiji postoje EPR šeme za otpadne gume, polovna vozila, otpadna ulja, otpadne lekove.	
content	data/zakonodaja-rs.json	zakonodaja-rs:sklopi.5.datumi_in_pragovi	sklopi.5.datumi_in_pragovi	31. marec za prejšnje koledarsko leto. Preveri vsako leto.	31. ožujka za prethodnu kalendarsku godinu. Provjerite svake godine.	31. marta za prethodnu kalendarsku godinu. Proveri svake godine.	
content	data/zakonodaja-rs.json	zakonodaja-rs:sklopi.5.vsebina	sklopi.5.vsebina	Zavezanci morajo do 31. marca naslednjega leta oddati letna poročila o ravnanju z odpadki in/ali količinah, danih na trg, prek SEPA.	Godišnja izvješća o gospodarenju otpadom i/ili količinama stavljenim na tržište putem SEPA-e porezni obveznici dostavljaju do 31. ožujka sljedeće godine.	Poreski obveznici moraju dostaviti godišnje izveštaje o upravljanju otpadom i/ili količinama stavljenim na tržište putem SEPA do 31. marta naredne godine.	
content	data/zakonodaja-rs.json	zakonodaja-rs:sklopi.6.koga_zavezuje	sklopi.6.koga_zavezuje	Posredno tudi srbske proizvajalce, ki izvažajo v EU ali dobavljajo večjim trgovskim verigam.	Posredno i srpski proizvođači koji izvoze u EU ili opskrbljuju veće trgovačke lance.	Indirektno, i srpski proizvođači koji izvoze u EU ili snabdevaju veće trgovinske lance.	
content	data/zakonodaja-rs.json	zakonodaja-rs:sklopi.6.naslov	sklopi.6.naslov	Made for Recycling — Srbija	Napravljeno za reciklažu — Srbija	Napravljeno za reciklažu — Srbija	
content	data/zakonodaja-rs.json	zakonodaja-rs:sklopi.6.vsebina	sklopi.6.vsebina	Srbski trg postopoma sledi EU trendom — veliki kupci že zahtevajo Made for Recycling certifikate od dobaviteljev, predvsem za izvoz v EU.	Srpsko tržište postupno prati trendove EU — veliki kupci već traže od dobavljača certifikate Made for Recycling, posebno za izvoz u EU.	Tržište Srbije postepeno prati trendove u EU — veliki kupci već traže sertifikate Made for Recicling od dobavljača, posebno za izvoz u EU.	
content	data/zakonodaja-rs.json	zakonodaja-rs:sklopi.7.koga_zavezuje	sklopi.7.koga_zavezuje	Vse podjetnike. Pričakuj postopno naraščanje zahtev v naslednjih 5-10 letih.	Svi poduzetnici. Očekujte postupno povećanje zahtjeva tijekom sljedećih 5-10 godina.	Svi preduzetnici. Očekujte postepeno povećanje zahteva u narednih 5-10 godina.	
content	data/zakonodaja-rs.json	zakonodaja-rs:sklopi.7.naslov	sklopi.7.naslov	EU usklajevanje (pristopni proces)	EU koordinacija (proces pristupanja)	EU koordinacija (proces pristupanja)	
content	data/zakonodaja-rs.json	zakonodaja-rs:sklopi.7.vsebina	sklopi.7.vsebina	Srbija usklajuje okoljsko zakonodajo z EU acquis communautaire. To pomeni postopne spremembe: višje stopnje recikliranja, strožja pravila označevanja, postopen vstop v EU EPR okvir.	Srbija usklađuje zakonodavstvo o zaštiti okoliša s pravnom stečevinom EU. To znači postupne promjene: veće stope recikliranja, stroža pravila označavanja, postupni ulazak u EU EPR okvir.	Srbija usklađuje ekološko zakonodavstvo sa ackuis communautaire EU. To podrazumeva postepene promene: veće stope reciklaže, stroža pravila obeležavanja, postepeni ulazak u okvir EU EPR.	
content	data/zakonodaja-rs.json	zakonodaja-rs:sklopi.8.naslov	sklopi.8.naslov	PPWR vpliv na Srbijo	Uticaj PPWR na Srbiju	Uticaj PPVR-a na Srbiju	
content	data/zakonodaja-rs.json	zakonodaja-rs:sklopi.8.vsebina	sklopi.8.vsebina	Čeprav PPWR (EU Uredba 2025/40 o embalaži) ni neposredno zavezujoča v Srbiji, bo močno vplivala na izvoznike v EU in na podjetja, ki sodelujejo z mednarodnimi blagovnimi znamkami.	Iako PPWR (EU Packaging Regulation 2025/40) nije izravno obvezujuća u Srbiji, imat će značajan utjecaj na izvoznike iz EU i tvrtke koje rade s međunarodnim robnim markama.	Iako PPVR (EU Uredba o ambalaži 2025/40) nije direktno obavezujuća u Srbiji, ona će imati značajan uticaj na izvoznike iz EU i kompanije koje rade sa međunarodnim brendovima.	
content	data/zakonodaja-rs.json	zakonodaja-rs:viri.0.naziv	viri.0.naziv	Ministarstvo zaštite životne sredine	Ministarstvo zaštite okoliša	Ministarstvo zaštite životne sredine	
content	data/zakonodaja-rs.json	zakonodaja-rs:viri.1.naziv	viri.1.naziv	SEPA — Agencija za zaštitu životne sredine	SEPA — Agencija za zaštitu okoliša	SEPA — Agencija za zaštitu životne sredine	
content	data/zakonodaja-rs.json	zakonodaja-rs:viri.2.naziv	viri.2.naziv	Interzero PAK Srbija	Interzero PAK Srbija	Interzero PAK Srbija	
content	data/zakonodaja-si.json	zakonodaja-si:_opis	_opis	Pregled ključne EPR in okoljske zakonodaje v Sloveniji. Datumi in določila se spreminjajo — pred uporabo v ponudbi PREVERI veljavno verzijo na pisrs.si in arso.gov.si. To je orodje za prodajalca, ne pravni vir.	Pregled ključnih EPR i ekoloških zakona u Sloveniji. Datumi i uvjeti podložni su promjenama — prije korištenja ponude PROVJERITE važeću verziju na pisrs.si i arso.gov.si. Ovo je alat dobavljača, a ne pravni izvor.	Pregled ključnih EPR i ekoloških zakona u Sloveniji. Datumi i uslovi su podložni promenama — pre korišćenja ponude, PROVERITE važeću verziju na pisrs.si i arso.gov.si. Ovo je alatka dobavljača, a ne pravni resurs.	
content	data/zakonodaja-si.json	zakonodaja-si:_opozorilo	_opozorilo	Pred pomembnimi odločitvami preveri trenutno veljavne predpise. Zakonodaja se spreminja, zlasti zaradi EU usklajevanja (PPWR, ESPR, CSRD).	Prije donošenja važnih odluka provjerite trenutno važeće propise. Zakonodavstvo se mijenja, posebice zbog usklađivanja s EU (PPWR, ESPR, CSRD).	Pre donošenja važnih odluka, proverite trenutno važeće propise. Zakonodavstvo se menja, posebno zbog harmonizacije sa EU (PPVR, ESPR, CSRD).	
content	data/zakonodaja-si.json	zakonodaja-si:sklopi.0.kljucne_obveznosti.0	sklopi.0.kljucne_obveznosti.0	Vpis v evidenco oz. register pri pristojnem organu (ARSO).	Upis u očevidnik ili registar kod nadležnog tijela (ARSO).	Upis u registar ili registar kod nadležnog organa (ARSO).	
content	data/zakonodaja-si.json	zakonodaja-si:sklopi.0.kljucne_obveznosti.1	sklopi.0.kljucne_obveznosti.1	Vključitev v skupno shemo ali individualni načrt.	Uključivanje u zajednički plan ili individualni plan.	Uključivanje u zajedničku šemu ili individualni plan.	
content	data/zakonodaja-si.json	zakonodaja-si:sklopi.0.kljucne_obveznosti.2	sklopi.0.kljucne_obveznosti.2	Letno poročanje količin, danih na trg.	Godišnje izvješće o količinama stavljenim u promet.	Godišnje izveštavanje o količinama stavljenim na tržište.	
content	data/zakonodaja-si.json	zakonodaja-si:sklopi.0.kljucne_obveznosti.3	sklopi.0.kljucne_obveznosti.3	Plačilo prispevkov za ravnanje z odpadno embalažo / odpadki.	Plaćanje doprinosa za postupanje s otpadnom ambalažom/otpadom.	Plaćanje doprinosa za postupanje sa otpadnom ambalažom/otpadom.	
content	data/zakonodaja-si.json	zakonodaja-si:sklopi.0.koga_zavezuje	sklopi.0.koga_zavezuje	Proizvajalce in uvoznike izdelkov v zadevnih tokovih. Tudi spletni prodajalci, ki prodajajo končnim potrošnikom v SI.	Proizvođači i uvoznici proizvoda u relevantnim tokovima. Također i online prodavači koji prodaju krajnjim potrošačima u SI.	Proizvođači i uvoznici proizvoda u relevantnim tokovima. Takođe onlajn prodavci koji prodaju krajnjim potrošačima u SI.	
content	data/zakonodaja-si.json	zakonodaja-si:sklopi.0.naslov	sklopi.0.naslov	Razširjena odgovornost proizvajalca — splošno	Proširena odgovornost proizvođača — općenito	Proširena odgovornost proizvođača — opšte	
content	data/zakonodaja-si.json	zakonodaja-si:sklopi.0.vsebina	sklopi.0.vsebina	EPR (Extended Producer Responsibility) v Sloveniji ureja Zakon o varstvu okolja (ZVO-2) in podzakonski akti za posamezne tokove (embalaža, EE-oprema, baterije, izrabljena vozila, gume, olja, zdravila). Proizvajalci in uvozniki so dolžni poskrbeti za prevzem in ravnanje z odpadki, ki nastanejo iz izdelkov, ki so jih dali na trg.	EPR (Extended Producer Responsibility) u Sloveniji je reguliran Zakonom o zaštiti okoliša (ZVO-2) i podzakonskim aktima za pojedine tokove (ambalaža, EE oprema, baterije, rabljena vozila, gume, ulja, lijekovi). Proizvođači i uvoznici dužni su voditi računa o prihvaćanju i postupanju s otpadom koji nastaje od proizvoda koje stavljaju na tržište.	EPR (Ektended Producer Responsibiliti) u Sloveniji je regulisan Zakonom o zaštiti životne sredine (ZVO-2) i podzakonskim aktima za pojedinačne tokove (ambalaža, EE oprema, baterije, polovna vozila, gume, ulja, lekovi). Proizvođači i uvoznici dužni su da vode računa o prihvatanju i rukovanju otpadom koji nastaje od proizvoda koje stavljaju u promet.	
content	data/zakonodaja-si.json	zakonodaja-si:sklopi.1.datumi_in_pragovi	sklopi.1.datumi_in_pragovi	Manjši proizvajalci pod določenim pragom imajo nekatere oprostitve — preveri trenutni prag (zadnja sprememba ga je gibala pri 15 ton letno za določene materiale, prosim preveri aktualno verzijo).	Manji proizvođači ispod određenog praga imaju neke iznimke — provjerite trenutni prag (posljednja promjena promijenila ga je na 15 tona godišnje za određene materijale, provjerite trenutnu verziju).	Manji proizvođači ispod određenog praga imaju neka izuzeća — proverite trenutni prag (poslednja promena ga je promenila na 15 tona godišnje za određene materijale, proverite trenutnu verziju).	
content	data/zakonodaja-si.json	zakonodaja-si:sklopi.1.kljucne_obveznosti.0	sklopi.1.kljucne_obveznosti.0	Vključitev v skupno shemo (npr. Interzero, Slopak, Recoss, Surovina, Embakom, Unirec) ali izpolnjevanje individualnega načrta.	Uključivanje u zajedničku shemu (npr. Interzero, Slopak, Recoss, Surovina, Embakom, Unirec) ili završetak individualnog plana.	Uključivanje u zajedničku šemu (npr. Interzero, Slopak, Recoss, Surovina, Embakom, Unirec) ili završetak individualnog plana.	
content	data/zakonodaja-si.json	zakonodaja-si:sklopi.1.kljucne_obveznosti.3	sklopi.1.kljucne_obveznosti.3	Možna obveznost označevanja embalaže (recyclability).	Moguća obveza označavanja ambalaže (reciklabilnost).	Moguća obaveza obeležavanja ambalaže (reciklabilnost).	
content	data/zakonodaja-si.json	zakonodaja-si:sklopi.1.koga_zavezuje	sklopi.1.koga_zavezuje	Vse, ki dajejo embalirane izdelke prvič na slovenski trg (proizvajalci, uvozniki, spletni prodajalci v SI).	Svi koji pakirane proizvode stavljaju prvi put na slovensko tržište (proizvođači, uvoznici, online prodavači u SI).	Svi koji po prvi put stavljaju upakovane proizvode na slovenačko tržište (proizvođači, uvoznici, onlajn prodavci u SI).	
content	data/zakonodaja-si.json	zakonodaja-si:sklopi.1.vsebina	sklopi.1.vsebina	Področje ureja Uredba o ravnanju z embalažo in odpadno embalažo. Proizvajalci in uvozniki morajo zagotoviti, da se embalaža, dana na trg, prevzame in obdela skladno s ciljnimi stopnjami recikliranja.	Područje je uređeno Uredbom o postupanju s ambalažom i otpadnom ambalažom. Proizvođači i uvoznici moraju osigurati da ambalaža stavljena na tržište bude prihvaćena i obrađena u skladu s ciljanim stopama recikliranja.	Oblast je uređena Pravilnikom o postupanju sa ambalažom i otpadnom ambalažom. Proizvođači i uvoznici moraju osigurati da ambalaža koja se stavlja na tržište bude prihvaćena i obrađena u skladu sa ciljanim stopama reciklaže.	
content	data/zakonodaja-si.json	zakonodaja-si:sklopi.2.kljucne_obveznosti.0	sklopi.2.kljucne_obveznosti.0	Vpis v register proizvajalcev EE-opreme pri ARSO.	Upis u registar proizvođača EE opreme pri ARSO.	Upis u registar proizvođača EE opreme pri ARSO.	
content	data/zakonodaja-si.json	zakonodaja-si:sklopi.2.kljucne_obveznosti.1	sklopi.2.kljucne_obveznosti.1	Vključitev v skupno shemo (npr. ZEOS, Slopak, Interzero) ali individualni načrt.	Uključivanje u zajedničku shemu (npr. ZEOS, Slopak, Interzero) ili individualni plan.	Uključivanje u zajedničku šemu (npr. ZEOS, Slopak, Interzero) ili individualni plan.	
content	data/zakonodaja-si.json	zakonodaja-si:sklopi.2.kljucne_obveznosti.2	sklopi.2.kljucne_obveznosti.2	Označevanje izdelkov (prečrtan zabojnik).	Označavanje proizvoda (precrtani spremnik).	Označavanje proizvoda (precrtana posuda).	
content	data/zakonodaja-si.json	zakonodaja-si:sklopi.2.koga_zavezuje	sklopi.2.koga_zavezuje	Proizvajalce in uvoznike EE-opreme v Sloveniji. Tudi tiste, ki prodajajo prek spleta (B2C).	Proizvođači i uvoznici EE opreme u Sloveniji. Čak i oni koji prodaju online (B2C).	Proizvođači i uvoznici EE opreme u Sloveniji. Čak i oni koji prodaju onlajn (B2C).	
content	data/zakonodaja-si.json	zakonodaja-si:sklopi.2.naslov	sklopi.2.naslov	Elektronska in električna oprema (EE-oprema)	Elektronička i električna oprema (EE-oprema)	Elektronska i električna oprema (EE-oprema)	
content	data/zakonodaja-si.json	zakonodaja-si:sklopi.2.vsebina	sklopi.2.vsebina	Uredba o odpadni električni in elektronski opremi (OEEO). Velja za skoraj vso EE opremo — gospodinjske aparate, IT, telekomunikacije, razsvetljavo, igrače z elektroniko, medicinsko opremo itd.	Uredba o otpadnoj električnoj i elektroničkoj opremi (WEEE). Odnosi se na gotovo svu EE opremu — kućanske aparate, IT, telekomunikacije, rasvjetu, elektroničke igračke, medicinsku opremu itd.	Uredba o otpadnoj električnoj i elektronskoj opremi (VEEE). Odnosi se na skoro svu EE opremu — kućne aparate, IT, telekomunikacije, osvetljenje, elektronske igračke, medicinsku opremu itd.	
content	data/zakonodaja-si.json	zakonodaja-si:sklopi.3.kljucne_obveznosti.0	sklopi.3.kljucne_obveznosti.0	Registracija proizvajalca baterij.	Registracija proizvođača baterije.	Registracija proizvođača baterija.	
content	data/zakonodaja-si.json	zakonodaja-si:sklopi.3.kljucne_obveznosti.1	sklopi.3.kljucne_obveznosti.1	Vključitev v shemo prevzema (npr. Interzero, SLOPAK).	Uključivanje u shemu preuzimanja (npr. Interzero, SLOPAK).	Uključivanje u šemu preuzimanja (npr. Interzero, SLOPAK).	
content	data/zakonodaja-si.json	zakonodaja-si:sklopi.3.koga_zavezuje	sklopi.3.koga_zavezuje	Proizvajalce in uvoznike baterij ali izdelkov s baterijami.	Proizvođači i uvoznici baterija ili proizvoda s baterijama.	Proizvođači i uvoznici baterija ili proizvoda sa baterijama.	
content	data/zakonodaja-si.json	zakonodaja-si:sklopi.3.vsebina	sklopi.3.vsebina	Uredba o ravnanju z baterijami in akumulatorji ter odpadnimi baterijami in akumulatorji. Pokriva prenosne, industrijske in avtomobilske baterije. EU sprejela novo Uredbo o baterijah (2023/1542), ki uvaja dodatne zahteve (digital passport, due diligence).	Uredba o postupanju s baterijama i akumulatorima i otpadnim baterijama i akumulatorima. Pokriva prijenosne, industrijske i automobilske baterije. EU je usvojila novu Uredbu o baterijama (2023/1542), koja uvodi dodatne zahtjeve (digitalna putovnica, due diligence).	Pravilnik o rukovanju baterijama i akumulatorima i otpadnim baterijama i akumulatorima. Pokriva prenosive, industrijske i automobilske baterije. EU je usvojila novu Uredbu o baterijama (2023/1542), koja uvodi dodatne zahteve (digitalni pasoš, due diligence).	
content	data/zakonodaja-si.json	zakonodaja-si:sklopi.4.vsebina	sklopi.4.vsebina	V Sloveniji obstajajo še EPR sheme za odpadne gume, izrabljena vozila, odpadna olja, odpadna zdravila, sveče.	U Sloveniji također postoje EPR sheme za otpadne gume, rabljena vozila, otpadna ulja, otpadne lijekove, svijeće.	U Sloveniji postoje i EPR šeme za otpadne gume, polovna vozila, otpadna ulja, otpadne lekove, sveće.	
content	data/zakonodaja-si.json	zakonodaja-si:sklopi.5.datumi_in_pragovi	sklopi.5.datumi_in_pragovi	31. marec za prejšnje koledarsko leto. Datum preveri vsako leto, ker se občasno spreminja.	31. ožujka za prethodnu kalendarsku godinu. Provjerite datum svake godine jer se s vremena na vrijeme mijenja.	31. marta za prethodnu kalendarsku godinu. Proverite datum svake godine jer se s vremena na vreme menja.	
content	data/zakonodaja-si.json	zakonodaja-si:sklopi.5.naslov	sklopi.5.naslov	Letno poročanje (ARSO)	Godišnje izvješće (ARSO)	Godišnje izveštavanje (ARSO)	
content	data/zakonodaja-si.json	zakonodaja-si:sklopi.5.vsebina	sklopi.5.vsebina	Zavezanci morajo do 31. marca naslednjega leta oddati letna poročila o ravnanju z odpadki in/ali količinah, danih na trg, prek ARSO portala.	Godišnja izvješća o gospodarenju otpadom i/ili količinama stavljenim na tržište porezni obveznici dostavljaju putem portala ARSO do 31. ožujka sljedeće godine.	Poreski obveznici moraju da dostave godišnje izveštaje o upravljanju otpadom i/ili količinama stavljenim u promet putem portala ARSO do 31. marta naredne godine.	
content	data/zakonodaja-si.json	zakonodaja-si:sklopi.6.koga_zavezuje	sklopi.6.koga_zavezuje	Najprej velika javna in nato velika podjetja, postopno tudi srednja. Manjši posredno prek dobaviteljskih verig.	Najprije velike javne pa velike tvrtke, postupno i srednje. Manje neizravno kroz opskrbne lance.	Prvo velike javne, a zatim velike kompanije, postepeno i one srednje veličine. Manji indirektno kroz lance snabdevanja.	
content	data/zakonodaja-si.json	zakonodaja-si:sklopi.6.vsebina	sklopi.6.vsebina	EU direktiva o trajnostnem poročanju podjetij (CSRD) postopno uvaja obvezno poročanje za večja podjetja. V SI velja za podjetja, ki izpolnjujejo merila (število zaposlenih, prihodki, bilanca). Manjši dobavitelji bodo posredno prizadeti, ker bodo morali poročati svojim B2B kupcem.	Direktiva EU-a o izvješćivanju o održivosti poduzeća (CSRD) postupno uvodi obvezno izvješćivanje za veće tvrtke. U SI se odnosi na tvrtke koje zadovoljavaju kriterije (broj zaposlenih, prihodi, bilanca). Manji dobavljači neizravno će biti pogođeni time što će morati izvještavati svoje B2B kupce.	Direktiva EU o izveštavanju o korporativnoj održivosti (CSRD) postepeno uvodi obavezno izveštavanje za veće kompanije. U SI se primenjuje na preduzeća koja ispunjavaju kriterijume (broj zaposlenih, prihodi, bilans stanja). Na manje dobavljače će indirektno uticati to što će morati da izveštavaju svoje B2B kupce.	
content	data/zakonodaja-si.json	zakonodaja-si:sklopi.7.koga_zavezuje	sklopi.7.koga_zavezuje	Vse, ki dajejo embalirane izdelke na trg EU, vključno s Slovenijo.	Svi oni koji stavljaju pakirane proizvode na tržište EU, pa tako i Slovenije.	Svi oni koji pakovane proizvode plasiraju na tržište EU, uključujući i Sloveniju.	
content	data/zakonodaja-si.json	zakonodaja-si:sklopi.7.naslov	sklopi.7.naslov	PPWR — nova EU Uredba o embalaži (2024/1781)	PPWR — nova EU Uredba o pakiranju (2024/1781)	PPVR — nova uredba EU o ambalaži (2024/1781)	
content	data/zakonodaja-si.json	zakonodaja-si:sklopi.7.vsebina	sklopi.7.vsebina	Uredba o embalaži in odpadni embalaži, sprejeta v 2024, uvaja nove zahteve: zmanjšanje pakiranja, ponovna uporaba, omejitve določene plastike, vsebnost recikliranih materialov, jasna pravila označevanja. Začetek uporabe v fazah od 2026 naprej.	Uredba o ambalaži i ambalažnom otpadu, donesena 2024. godine, uvodi nove zahtjeve: smanjenje ambalaže, ponovna uporaba, ograničenja za određene vrste plastike, sadržaj recikliranih materijala, jasna pravila označavanja. Početak korištenja u fazama od 2026. nadalje.	Uredbom o ambalaži i ambalažnom otpadu, usvojenom 2024. godine, uvedeni su novi zahtevi: smanjenje ambalaže, ponovna upotreba, ograničenja za određene plastike, sadržaj recikliranih materijala, jasna pravila obeležavanja. Početak upotrebe u fazama od 2026. godine.	
content	data/zakonodaja-si.json	zakonodaja-si:viri.0.naziv	viri.0.naziv	Predpisi (PISRS)	Propisi (PISRS)	Propisi (PISRS)	
content	data/zakonodaja-si.json	zakonodaja-si:viri.1.naziv	viri.1.naziv	ARSO — Agencija RS za okolje	ARSO — Agencija Republike Slovenije za okoliš	ARSO — Agencija Republike Slovenije za životnu sredinu	
content	data/zakonodaja-si.json	zakonodaja-si:viri.2.naziv	viri.2.naziv	Ministrstvo za naravne vire in prostor	Ministarstvo prirodnih resursa i prostora	Ministarstvo prirodnih resursa i prostora	
content	data/zakonodaja-si.json	zakonodaja-si:viri.3.naziv	viri.3.naziv	Interzero Slovenija	Interzero Slovenija	Interzero Slovenija	
ui	data/i18n.json	common.beri	common.beri	Beri	Čitaj	Čitaj	
ui	data/i18n.json	common.beri_prikazane	common.beri_prikazane	🔊 Beri prikazane	🔊 Čitaj prikazane	🔊 Čitaj prikazane	
ui	data/i18n.json	common.beri_scenarij	common.beri_scenarij	🔊 Beri ves scenarij	🔊 Čitaj cijeli scenarij	🔊 Čitaj ceo scenario	
ui	data/i18n.json	common.copy_error	common.copy_error	Kopiranje ni uspelo. Označi tekst ročno.	Kopiranje nije uspjelo. Označi tekst ručno.	Kopiranje nije uspelo. Označi tekst ručno.	
ui	data/i18n.json	common.daljsi_odgovor	common.daljsi_odgovor	Daljši odgovor in opomba	Duži odgovor i napomena	Duži odgovor i napomena	
ui	data/i18n.json	common.danes	common.danes	Danes	Danas	Danas	
ui	data/i18n.json	common.dodaj	common.dodaj	Dodaj	Dodaj	Dodaj	
ui	data/i18n.json	common.filtri	common.filtri	Filtri	Filtri	Filteri	
ui	data/i18n.json	common.iskanje	common.iskanje	Iskanje	Pretraga	Pretraga	
ui	data/i18n.json	common.izberi	common.izberi	Izberi	Odaberi	Izaberi	
ui	data/i18n.json	common.izbrisi	common.izbrisi	Izbriši	Obriši	Obriši	
ui	data/i18n.json	common.izvozi	common.izvozi	Izvozi	Izvezi	Izvezi	
ui	data/i18n.json	common.kategorija	common.kategorija	Kategorija	Kategorija	Kategorija	
ui	data/i18n.json	common.kopiraj	common.kopiraj	Kopiraj	Kopiraj	Kopiraj	
ui	data/i18n.json	common.kopirano	common.kopirano	✓ Kopirano	✓ Kopirano	✓ Kopirano	
ui	data/i18n.json	common.kratek_odgovor	common.kratek_odgovor	Kratek odgovor (za na sestanku)	Kratak odgovor (za sastanak)	Kratak odgovor (za sastanak)	
ui	data/i18n.json	common.nadaljuj	common.nadaljuj	Nadaljuj	Nastavi	Nastavi	
ui	data/i18n.json	common.nalagam	common.nalagam	Nalagam…	Učitavam…	Učitavam…	
ui	data/i18n.json	common.nalaganje_error	common.nalaganje_error	Ne morem naložiti podatkov. Aplikacijo poženi prek lokalnega strežnika.	Ne mogu učitati podatke. Pokreni aplikaciju preko lokalnog servera.	Ne mogu da učitam podatke. Pokreni aplikaciju preko lokalnog servera.	
ui	data/i18n.json	common.napaka	common.napaka	Napaka	Greška	Greška	
ui	data/i18n.json	common.naprej	common.naprej	Naprej	Naprijed	Napred	
ui	data/i18n.json	common.natisni	common.natisni	Natisni	Ispiši	Štampaj	
ui	data/i18n.json	common.nazaj	common.nazaj	Nazaj	Natrag	Nazad	
ui	data/i18n.json	common.ni_podatkov	common.ni_podatkov	Ni podatkov.	Nema podataka.	Nema podataka.	
ui	data/i18n.json	common.opomba_prodajalcu	common.opomba_prodajalcu	Opomba prodajalcu:	Napomena prodavaču:	Napomena prodavcu:	
ui	data/i18n.json	common.ponovi	common.ponovi	Ponovi	Ponovi	Ponovi	
ui	data/i18n.json	common.poslji	common.poslji	Pošlji	Pošalji	Pošalji	
ui	data/i18n.json	common.prekini	common.prekini	Prekini	Otkaži	Otkaži	
ui	data/i18n.json	common.shrani	common.shrani	Shrani	Spremi	Sačuvaj	
ui	data/i18n.json	common.uredi	common.uredi	Uredi	Uredi	Izmeni	
ui	data/i18n.json	common.uvozi	common.uvozi	Uvozi	Uvezi	Uvezi	
ui	data/i18n.json	common.vse	common.vse	Vse	Sve	Sve	
ui	data/i18n.json	common.vse_kategorije	common.vse_kategorije	Vse kategorije	Sve kategorije	Sve kategorije	
ui	data/i18n.json	common.vsi	common.vsi	Vsi	Svi	Svi	
ui	data/i18n.json	common.zapri	common.zapri	Zapri	Zatvori	Zatvori	
ui	data/i18n.json	editor.export	editor.export	Izvozi popravke	Izvezi ispravke	Izvezi ispravke	
ui	data/i18n.json	editor.no_source	editor.no_source	Tega besedila ne morem povezati z izvirnikom.	Ovaj tekst ne mogu povezati s izvornikom.	Ovaj tekst ne mogu povezati sa izvornikom.	
ui	data/i18n.json	editor.title	editor.title	Popravek besedila	Ispravak teksta	Ispravka teksta	
ui	data/i18n.json	editor.toggle	editor.toggle	Uredi tekst	Uredi tekst	Izmeni tekst	
ui	data/i18n.json	govori.namen	govori.namen	Namen	Svrha	Svrha	
ui	data/i18n.json	i18n.note	i18n.note	UI je preveden. Vsebina (govori, ugovori, primeri) ostaja v slovenščini v tej verziji.	UI je preveden. Sadržaj (govori, prigovori, primjeri) ostaje na slovenskom u ovoj verziji.	UI je preveden. Sadržaj (govori, prigovori, primeri) ostaje na slovenačkom u ovoj verziji.	
ui	data/i18n.json	nav.asistent	nav.asistent	AI	AI	AI	
ui	data/i18n.json	nav.dashboard	nav.dashboard	Dashboard	Dashboard	Dashboard	
ui	data/i18n.json	nav.domov	nav.domov	Domov	Početna	Početna	
ui	data/i18n.json	nav.glosar	nav.glosar	Glosar	Pojmovnik	Pojmovnik	
ui	data/i18n.json	nav.govori	nav.govori	Govori	Govori	Govori	
ui	data/i18n.json	nav.kalkulacije	nav.kalkulacije	Kalkulacije	Kalkulacije	Kalkulacije	
ui	data/i18n.json	nav.koledar	nav.koledar	Koledar	Kalendar	Kalendar	
ui	data/i18n.json	nav.konkurenca	nav.konkurenca	Konkurenca	Konkurencija	Konkurencija	
ui	data/i18n.json	nav.kpi	nav.kpi	KPI	KPI	KPI	
ui	data/i18n.json	nav.obrazec	nav.obrazec	Obrazec	Obrazac	Obrazac	
ui	data/i18n.json	nav.onboarding	nav.onboarding	Onboarding	Onboarding	Onboarding	
ui	data/i18n.json	nav.ponudba	nav.ponudba	Ponudba	Ponuda	Ponuda	
ui	data/i18n.json	nav.priprava	nav.priprava	Priprava	Priprema	Priprema	
ui	data/i18n.json	nav.proces	nav.proces	Proces	Proces	Proces	
ui	data/i18n.json	nav.reference	nav.reference	Reference	Reference	Reference	
ui	data/i18n.json	nav.roleplay	nav.roleplay	Vaja	Vježba	Vežba	
ui	data/i18n.json	nav.segmenti	nav.segmenti	Segmenti	Segmenti	Segmenti	
ui	data/i18n.json	nav.settings	nav.settings	Settings	Postavke	Pode?avanja	
ui	data/i18n.json	nav.stranke	nav.stranke	Stranke	Klijenti	Klijenti	
ui	data/i18n.json	nav.ugovori	nav.ugovori	Ugovori	Prigovori	Prigovori	
ui	data/i18n.json	nav.vodic	nav.vodic	Vodič	Vodič	Vodič	
ui	data/i18n.json	nav.vsebine	nav.vsebine	Vsebine	Sadržaj	Sadržaj	
ui	data/i18n.json	nav.zakonodaja	nav.zakonodaja	Zakonodaja	Zakonodavstvo	Zakonodavstvo	
ui	data/i18n.json	nav.zgodovina	nav.zgodovina	Zgodovina	Povijest	Istorija	
ui	data/i18n.json	page.asistent.title	page.asistent.title	AI asistent	AI asistent	AI asistent	
ui	data/i18n.json	page.dashboard.subtitle	page.dashboard.subtitle	Pregled aktivnega pipeline-a iz Strank. Podatki iz tvojega brskalnika v živo.	Pregled aktivnog pipeline-a iz Klijenata. Podaci iz tvojeg preglednika u stvarnom vremenu.	Pregled aktivnog pipeline-a iz Klijenata. Podaci iz tvog browser-a u realnom vremenu.	
ui	data/i18n.json	page.dashboard.title	page.dashboard.title	Dashboard za vodjo	Dashboard za voditelja	Dashboard za menadžera	
ui	data/i18n.json	page.glosar.title	page.glosar.title	Glosar EPR pojmov	Pojmovnik EPR pojmova	Pojmovnik EPR pojmova	
ui	data/i18n.json	page.govori.subtitle	page.govori.subtitle	Pripravljeni bloki za hladne klice, prvi sestanek, predstavitev rešitve in follow-up. Klikni "Kopiraj" za vstavitev v email ali "Beri" za poslušanje.	Pripremljeni blokovi za hladne pozive, prvi sastanak, predstavljanje rješenja i follow-up. Klikni "Kopiraj" za umetanje u email ili "Čitaj" za slušanje.	Pripremljeni blokovi za hladne pozive, prvi sastanak, predstavljanje rešenja i follow-up. Klikni "Kopiraj" za umetanje u mejl ili "Čitaj" za slušanje.	
ui	data/i18n.json	page.govori.title	page.govori.title	Govori in skripte	Govori i skripte	Govori i skripte	
ui	data/i18n.json	page.index.hitri	page.index.hitri	Hitri začetek	Brzi početak	Brzi početak	
ui	data/i18n.json	page.index.moduli	page.index.moduli	Moduli	Moduli	Moduli	
ui	data/i18n.json	page.index.subtitle	page.index.subtitle	Hitra priprava na sestanke, govori, ugovori, kalkulacije in zakonodaja. Namenjeno terenskim komercialistom, novim komercialistom in vodji prodaje.	Brza priprema za sastanke, govori, prigovori, kalkulacije i zakonodavstvo. Za terenske komercijaliste, nove komercijaliste i voditelja prodaje.	Brza priprema za sastanke, govori, prigovori, kalkulacije i zakonodavstvo. Za terenske komercijaliste, nove komercijaliste i menadžera prodaje.	
ui	data/i18n.json	page.index.title	page.index.title	Prodajno orodje — Interzero EPR	Prodajni alat — Interzero EPR	Prodajni alat — Interzero EPR	
ui	data/i18n.json	page.kalkulacije.title	page.kalkulacije.title	Kalkulacije	Kalkulacije	Kalkulacije	
ui	data/i18n.json	page.koledar.title	page.koledar.title	Koledar EPR datumov	Kalendar EPR datuma	Kalendar EPR datuma	
ui	data/i18n.json	page.konkurenca.title	page.konkurenca.title	Battlecard za konkurenco	Battlecard za konkurenciju	Battlecard za konkurenciju	
ui	data/i18n.json	page.kpi.title	page.kpi.title	KPI in vodenje ekipe	KPI i vođenje tima	KPI i vođenje tima	
ui	data/i18n.json	page.obrazec.title	page.obrazec.title	Discovery obrazec za sestanek	Discovery obrazac za sastanak	Discovery obrazac za sastanak	
ui	data/i18n.json	page.onboarding.title	page.onboarding.title	Onboarding 30/60/90	Onboarding 30/60/90	Onboarding 30/60/90	
ui	data/i18n.json	page.ponudba.title	page.ponudba.title	Predloga ponudbe	Predložak ponude	Šablon ponude	
ui	data/i18n.json	page.priprava.title	page.priprava.title	Priprava na sestanek	Priprema za sastanak	Priprema za sastanak	
ui	data/i18n.json	page.proces.title	page.proces.title	Prodajni proces — 10 faz	Prodajni proces — 10 faza	Prodajni proces — 10 faza	
ui	data/i18n.json	page.reference.title	page.reference.title	Reference / Case studies	Reference / Case studies	Reference / Case studies	
ui	data/i18n.json	page.roleplay.title	page.roleplay.title	Roleplay vaja	Roleplay vježba	Roleplay vežba	
ui	data/i18n.json	page.segmentacija.title	page.segmentacija.title	Segmentacija strank	Segmentacija klijenata	Segmentacija klijenata	
ui	data/i18n.json	page.settings.subtitle	page.settings.subtitle	Lokalni admin za profile, vidne zavihke in popravke besedil po trgih.	Lokalni admin za profile, vidljive kartice i ispravke tekstova po tr?i?tima.	Lokalni admin za profile, vidljive kartice i ispravke tekstova po tr?i?tima.	
ui	data/i18n.json	page.settings.title	page.settings.title	Settings	Postavke	Pode?avanja	
ui	data/i18n.json	page.stranke.subtitle	page.stranke.subtitle	Aktivne priložnosti — kdo, kje je v procesu, naslednji korak. Lokalno v tem brskalniku.	Aktivne prilike — tko, gdje je u procesu, sljedeći korak. Lokalno u ovom pregledniku.	Aktivne prilike — ko, gde je u procesu, sledeći korak. Lokalno u ovom browser-u.	
ui	data/i18n.json	page.stranke.title	page.stranke.title	Stranke v mojem pipelinu	Klijenti u mojem pipelinu	Klijenti u mom pipeline-u	
ui	data/i18n.json	page.ugovori.subtitle	page.ugovori.subtitle	Iskaj po ključni besedi ali filtriraj po kategoriji. Vsak ugovor ima kratek odgovor za na sestanku in daljši za pripravo.	Pretraži po ključnoj riječi ili filtriraj po kategoriji. Svaki prigovor ima kratak odgovor za sastanak i duži za pripremu.	Pretraži po ključnoj reči ili filtriraj po kategoriji. Svaki prigovor ima kratak odgovor za sastanak i duži za pripremu.	
ui	data/i18n.json	page.ugovori.title	page.ugovori.title	Ugovori in odgovori	Prigovori i odgovori	Prigovori i odgovori	
ui	data/i18n.json	page.vodic.title	page.vodic.title	Vodič po prodajnem razgovoru	Vodič kroz prodajni razgovor	Vodič kroz prodajni razgovor	
ui	data/i18n.json	page.vsebine.title	page.vsebine.title	Koledar vsebin	Kalendar sadržaja	Kalendar sadržaja	
ui	data/i18n.json	page.zakonodaja.title	page.zakonodaja.title	Zakonodaja	Zakonodavstvo	Zakonodavstvo	
ui	data/i18n.json	page.zgodovina.title	page.zgodovina.title	Moja zgodovina	Moja povijest	Moja istorija	
ui	data/i18n.json	ph.iskaj	ph.iskaj	Iskaj…	Pretraži…	Pretraži…	
ui	data/i18n.json	ph.iskaj_stranke	ph.iskaj_stranke	podjetje, kontakt…	tvrtka, kontakt…	kompanija, kontakt…	
ui	data/i18n.json	ph.ugovori	ph.ugovori	npr. cena, ESG, lokalni…	npr. cijena, ESG, lokalni…	npr. cena, ESG, lokalni…	
ui	data/i18n.json	settings.active_hint	settings.active_hint	Preklop profila spremeni privzeti jezik in vidne zavihke.	Promjena profila mijenja zadani jezik i vidljive kartice.	Promena profila menja podrazumevani jezik i vidljive kartice.	
ui	data/i18n.json	settings.active_profile	settings.active_profile	Aktivni profil	Aktivni profil	Aktivni profil	
ui	data/i18n.json	settings.add_profile	settings.add_profile	+ Nov profil	+ Novi profil	+ Novi profil	
ui	data/i18n.json	settings.can_edit	settings.can_edit	Ureja tekst	Ure?uje tekst	Ure?uje tekst	
ui	data/i18n.json	settings.cloud_notice	settings.cloud_notice	Profili so shranjeni v Supabase in veljajo za vse uporabnike po prijavi.	Profili su spremljeni u Supabase i vrijede za sve korisnike nakon prijave.	Profili su sa?uvani u Supabase i va?e za sve korisnike nakon prijave.	
ui	data/i18n.json	settings.delete_profile	settings.delete_profile	Izbri?i profil	Obri?i profil	Obri?i profil	
ui	data/i18n.json	settings.download_tsv	settings.download_tsv	Prenesi TSV za prevode	Preuzmi TSV za prijevode	Preuzmi TSV za prevode	
ui	data/i18n.json	settings.export_overrides	settings.export_overrides	Izvozi lokalne popravke	Izvezi lokalne ispravke	Izvezi lokalne ispravke	
ui	data/i18n.json	settings.import_done	settings.import_done	Popravki so uvo?eni. Stran se bo osve?ila.	Ispravci su uvezeni. Stranica ?e se osvje?iti.	Ispravke su uvezene. Stranica ?e se osve?iti.	
ui	data/i18n.json	settings.import_error	settings.import_error	Uvoz ni uspel. Preveri JSON datoteko.	Uvoz nije uspio. Provjeri JSON datoteku.	Uvoz nije uspeo. Proveri JSON datoteku.	
ui	data/i18n.json	settings.import_overrides	settings.import_overrides	Uvozi lokalne popravke	Uvezi lokalne ispravke	Uvezi lokalne ispravke	
ui	data/i18n.json	settings.language	settings.language	Privzeti jezik	Zadani jezik	Podrazumevani jezik	
ui	data/i18n.json	settings.local_notice	settings.local_notice	Lokalna nastavitev za poenostavitev portala. To ni varnostni sistem.	Lokalna postavka za pojednostavljenje portala. Ovo nije sigurnosni sustav.	Lokalno pode?avanje za pojednostavljenje portala. Ovo nije sigurnosni sistem.	
ui	data/i18n.json	settings.markets	settings.markets	Trgi	Tr?i?ta	Tr?i?ta	
ui	data/i18n.json	settings.name	settings.name	Ime	Ime	Ime	
ui	data/i18n.json	settings.no_admin	settings.no_admin	Nima? admin dostopa	Nema? admin pristup	Nema? admin pristup	
ui	data/i18n.json	settings.no_admin_hint	settings.no_admin_hint	Tvoj profil dolo?a, katere module vidi?. Urejanje uporabnikov je na voljo samo adminu.	Tvoj profil odre?uje koje module vidi?. Ure?ivanje korisnika dostupno je samo adminu.	Tvoj profil odre?uje koje module vidi?. Ure?ivanje korisnika dostupno je samo adminu.	
ui	data/i18n.json	settings.override_hint	settings.override_hint	Popravki se shranijo v tem brskalniku. Izvoz JSON datoteke omogo?a, da jih kasneje zdru?imo v aplikacijo.	Ispravci se spremaju u ovom pregledniku. Izvoz JSON datoteke omogu?uje da ih kasnije spojimo u aplikaciju.	Ispravke se ?uvaju u ovom browser-u. Izvoz JSON datoteke omogu?ava da ih kasnije spojimo u aplikaciju.	
ui	data/i18n.json	settings.profiles	settings.profiles	Profili	Profili	Profili	
ui	data/i18n.json	settings.role	settings.role	Vloga	Uloga	Uloga	
ui	data/i18n.json	settings.save_user	settings.save_user	Shrani uporabnika	Spremi korisnika	Sa?uvaj korisnika	
ui	data/i18n.json	settings.text_tools	settings.text_tools	Besedila in popravki	Tekstovi i ispravci	Tekstovi i ispravke	
ui	data/i18n.json	settings.users	settings.users	Uporabniki	Korisnici	Korisnici	
ui	data/i18n.json	settings.users_hint	settings.users_hint	Uporabnika najprej ustvari? v Supabase Authentication, tukaj pa mu dodeli? profil in pravice v portalu.	Korisnika najprije kreira? u Supabase Authentication, a ovdje mu dodjeljuje? profil i prava u portalu.	Korisnika prvo kreira? u Supabase Authentication, a ovde mu dodeljuje? profil i prava u portalu.	
ui	data/i18n.json	settings.visible_modules	settings.visible_modules	Vidni zavihki	Vidljive kartice	Vidljive kartice	
ui	data/i18n.json	stranke.aktivne	stranke.aktivne	Aktivne	Aktivni	Aktivni	
ui	data/i18n.json	stranke.aktivno	stranke.aktivno	Aktivno	Aktivno	Aktivno	
ui	data/i18n.json	stranke.alarm	stranke.alarm	Alarm	Alarm	Alarm	
ui	data/i18n.json	stranke.alarm_hint	stranke.alarm_hint	Stranke v rdečem imajo zapadel naslednji korak ali manjkajoč datum.	Klijenti označeni crveno imaju zakašnjeli sljedeći korak ili im nedostaje datum.	Klijenti označeni crveno imaju zakasneli sledeći korak ili im nedostaje datum.	
ui	data/i18n.json	stranke.audit	stranke.audit	Audit log	Audit log	Audit log	
ui	data/i18n.json	stranke.bolecine	stranke.bolecine	Bolečine (ena vrstica na bolečino)	Bolne točke (jedan redak po točki)	Bolne tačke (jedan red po tački)	
ui	data/i18n.json	stranke.datum	stranke.datum	Datum	Datum	Datum	
ui	data/i18n.json	stranke.datum_koraka	stranke.datum_koraka	Datum naslednjega koraka	Datum sljedećeg koraka	Datum sledećeg koraka	
ui	data/i18n.json	stranke.faza	stranke.faza	Faza	Faza	Faza	
ui	data/i18n.json	stranke.funkcija	stranke.funkcija	Funkcija / vloga	Funkcija / uloga	Funkcija / uloga	
ui	data/i18n.json	stranke.izguba	stranke.izguba	Izguba	Gubitak	Gubitak	
ui	data/i18n.json	stranke.izgube	stranke.izgube	Izgube	Gubitci	Gubici	
ui	data/i18n.json	stranke.kontakt	stranke.kontakt	Kontaktna oseba	Kontakt osoba	Kontakt osoba	
ui	data/i18n.json	stranke.korak	stranke.korak	Naslednji korak	Sljedeći korak	Sledeći korak	
ui	data/i18n.json	stranke.nova	stranke.nova	+ Nova stranka	+ Novi klijent	+ Novi klijent	
ui	data/i18n.json	stranke.nova_modal	stranke.nova_modal	Nova stranka	Novi klijent	Novi klijent	
ui	data/i18n.json	stranke.opombe	stranke.opombe	Opombe	Napomene	Napomene	
ui	data/i18n.json	stranke.panoga	stranke.panoga	Panoga	Djelatnost	Delatnost	
ui	data/i18n.json	stranke.pipeline	stranke.pipeline	Pipeline	Pipeline	Pipeline	
ui	data/i18n.json	stranke.podjetje	stranke.podjetje	Podjetje	Tvrtka	Kompanija	
ui	data/i18n.json	stranke.prazno	stranke.prazno	Še ni strank. Klikni "+ Nova stranka".	Još nema klijenata. Klikni "+ Novi klijent".	Još nema klijenata. Klikni "+ Novi klijent".	
ui	data/i18n.json	stranke.razlog_izgube	stranke.razlog_izgube	Razlog izgube	Razlog gubitka	Razlog gubitka	
ui	data/i18n.json	stranke.samo_izgube	stranke.samo_izgube	Samo izgube	Samo gubitci	Samo gubici	
ui	data/i18n.json	stranke.samo_zmage	stranke.samo_zmage	Samo zmage	Samo pobjede	Samo pobede	
ui	data/i18n.json	stranke.segment	stranke.segment	Segment	Segment	Segment	
ui	data/i18n.json	stranke.status	stranke.status	Status	Status	Status	
ui	data/i18n.json	stranke.tehtano	stranke.tehtano	Tehtano	Ponderirano	Ponderisano	
ui	data/i18n.json	stranke.verjetnost	stranke.verjetnost	Verjetnost (%)	Vjerojatnost (%)	Verovatnoća (%)	
ui	data/i18n.json	stranke.vrednost	stranke.vrednost	Vrednost	Vrijednost	Vrednost	
ui	data/i18n.json	stranke.zmaga	stranke.zmaga	Zmaga	Pobjeda	Pobeda	
ui	data/i18n.json	stranke.zmage	stranke.zmage	Zmage	Pobjede	Pobede	
ui	data/i18n.json	zakonodaja.kljucne_obveznosti	zakonodaja.kljucne_obveznosti	Ključne obveznosti	Ključne obveze	Ključne obaveze	
ui	data/i18n.json	zakonodaja.opozorilo	zakonodaja.opozorilo	Opozorilo:	Upozorenje:	Upozorenje:	
ui	data/i18n.json	zakonodaja.subtitle	zakonodaja.subtitle	Pregled EPR in okoljske zakonodaje po državah. To je orodje za prodajalca, ne pravni vir — pred uporabo v ponudbi preveri trenutno veljavno verzijo.	Pregled EPR i okolišnog zakonodavstva po državama. Ovo je alat za prodaju, ne pravni izvor — prije korištenja u ponudi provjeri trenutno važeću verziju.	Pregled EPR i ekološkog zakonodavstva po državama. Ovo je prodajni alat, ne pravni izvor — pre korišćenja u ponudi proveri trenutno važeću verziju.	
ui	data/i18n.json	zakonodaja.uradni_viri	zakonodaja.uradni_viri	Uradni viri	Službeni izvori	Zvanični izvori	
ui	data/i18n.json	zakonodaja.zadnja_revizija	zakonodaja.zadnja_revizija	Zadnja revizija:	Zadnja revizija:	Poslednja revizija:	
